{"type":"FeatureCollection","crs":{"type":"name","properties":{"name":"EPSG:29902"}},"features":[{"type":"Feature","id":1,"geometry":{"type":"Point","coordinates":[238299,400544]},"properties":{"OBJECTID":1,"monitoring":"F10014","monitori_1":"GLENMORNAN RIVER AT CATHERINES BRIDGE","river_wate":"GBNI1NW010101075","catchment":"Foyle (with Deele)","x":238299,"y":400544,"f2015_sites":"Yes","f2018_sites":"Yes","f2021_sites":"Yes","GlobalID":"d90a37ea-cac2-4b45-af26-b71d28634d40"}},{"type":"Feature","id":2,"geometry":{"type":"Point","coordinates":[239178,404940]},"properties":{"OBJECTID":2,"monitoring":"F10015","monitori_1":"SANDVILLE BURN (BURNGIBBAGH) AT MOUNT PLEASANT","river_wate":"GBNI1NW010101076","catchment":"Burn Dennet","x":239178,"y":404940,"f2015_sites":"Yes","f2018_sites":"Yes","f2021_sites":"Yes","GlobalID":"0ff1f581-9327-4748-a405-0a5b80236389"}},{"type":"Feature","id":3,"geometry":{"type":"Point","coordinates":[251026,397798]},"properties":{"OBJECTID":3,"monitoring":"F10019","monitori_1":"BURNDENNET RIVER AT ESSBEG BRIDGE","river_wate":"GBNI1NW010101071","catchment":"Burn Dennet","x":251026,"y":397798,"f2015_sites":"Yes","f2018_sites":"Yes","f2021_sites":"Yes","GlobalID":"b9cec91a-cd88-4659-a1c0-e5c063cfda88"}},{"type":"Feature","id":4,"geometry":{"type":"Point","coordinates":[245927,399200]},"properties":{"OBJECTID":4,"monitoring":"F10020","monitori_1":"DUNNYBOE BURN AT DUNNYBOE BRIDGE","river_wate":"GBNI1NW010101072","catchment":"Burn Dennet","x":245927,"y":399200,"f2015_sites":"Yes","f2018_sites":"Yes","f2021_sites":"Yes","GlobalID":"abfe863f-0133-468e-8012-c248456142d6"}},{"type":"Feature","id":5,"geometry":{"type":"Point","coordinates":[237349,404816]},"properties":{"OBJECTID":5,"monitoring":"F10022","monitori_1":"BURNDENNET RIVER AT BURNDENNET BRIDGE","river_wate":"GBNI1NW010101070","catchment":"Burn Dennet","x":237349,"y":404816,"f2015_sites":"Yes","f2018_sites":"Yes","f2021_sites":"Yes","GlobalID":"368bc837-2bdb-4cc1-8530-343413fe272d"}},{"type":"Feature","id":6,"geometry":{"type":"Point","coordinates":[244925,404235]},"properties":{"OBJECTID":6,"monitoring":"F10023","monitori_1":"ALTINAGHREE BURN AT BUNOWEN BRIDGE","river_wate":"GBNI1NW010101069","catchment":"Burn Dennet","x":244925,"y":404235,"f2015_sites":"Yes","f2018_sites":"Yes","f2021_sites":"Yes","GlobalID":"6eb456cd-1c94-4163-ad54-005c45b9ba76"}},{"type":"Feature","id":7,"geometry":{"type":"Point","coordinates":[243951,403003]},"properties":{"OBJECTID":7,"monitoring":"F10024","monitori_1":"BURNDENNET RIVER AT DUNNAMANAGH","river_wate":"GBNI1NW010101045","catchment":"Burn Dennet","x":243951,"y":403003,"f2015_sites":"Yes","f2018_sites":"Yes","f2021_sites":"Yes","GlobalID":"2bb6ac63-a16d-40a3-bccb-13975857e324"}},{"type":"Feature","id":8,"geometry":{"type":"Point","coordinates":[229249,393998]},"properties":{"OBJECTID":8,"monitoring":"F10025","monitori_1":"FINN (FOYLE) RIVER AT CLADY BRIDGE","river_wate":"GBNI1NW010104074","catchment":"Finn","x":229249,"y":393998,"f2015_sites":"Yes","f2018_sites":"Yes","f2021_sites":"Yes","GlobalID":"5ec5c023-5bba-4a3a-91bc-0685413cb441"}},{"type":"Feature","id":9,"geometry":{"type":"Point","coordinates":[235127,396395]},"properties":{"OBJECTID":9,"monitoring":"F10026","monitori_1":"CAVANALEE RIVER AT MILLTOWN BRIDGE","river_wate":"GBNI1NW010102077","catchment":"Mourne","x":235127,"y":396395,"f2015_sites":"Yes","f2018_sites":"Yes","f2021_sites":"Yes","GlobalID":"1c9bba65-5a32-4dc3-a827-405d6b296b96"}},{"type":"Feature","id":10,"geometry":{"type":"Point","coordinates":[234502,397548]},"properties":{"OBJECTID":10,"monitoring":"F10028","monitori_1":"MOURNE RIVER AT STRABANE BRIDGE","river_wate":"GBNI1NW010102074","catchment":"Mourne","x":234502,"y":397548,"f2015_sites":"Yes","f2018_sites":"Yes","f2021_sites":"Yes","GlobalID":"b8d39e27-98ca-4318-810d-c13b84985eeb"}},{"type":"Feature","id":11,"geometry":{"type":"Point","coordinates":[235183,390773]},"properties":{"OBJECTID":11,"monitoring":"F10029","monitori_1":"MOURNE RIVER AT VICTORIA BRIDGE","river_wate":"GBNI1NW010102074","catchment":"Mourne","x":235183,"y":390773,"f2015_sites":"Yes","f2018_sites":"Yes","f2021_sites":"Yes","GlobalID":"4def989c-9f88-441a-9174-99157521751e"}},{"type":"Feature","id":12,"geometry":{"type":"Point","coordinates":[237314,390007]},"properties":{"OBJECTID":12,"monitoring":"F10030","monitori_1":"DOUGLAS BURN (FOYLE) AT DOUGLAS BRIDGE","river_wate":"GBNI1NW010102075","catchment":"Mourne","x":237314,"y":390007,"f2015_sites":"Yes","f2018_sites":"Yes","f2021_sites":"Yes","GlobalID":"1c84adaf-1582-4829-8d4d-4766a1c39f7d"}},{"type":"Feature","id":13,"geometry":{"type":"Point","coordinates":[212416,385737]},"properties":{"OBJECTID":13,"monitoring":"F10035","monitori_1":"CROAGH BURN AT CROAGH","river_wate":"GBNI1NW010102066","catchment":"Derg","x":212416,"y":385737,"f2015_sites":"Yes","f2018_sites":"Yes","f2021_sites":"Yes","GlobalID":"0a792369-5605-4cf3-8599-a534e216a8ef"}},{"type":"Feature","id":14,"geometry":{"type":"Point","coordinates":[221141,384263]},"properties":{"OBJECTID":14,"monitoring":"F10038","monitori_1":"DREENAN BURN AT DREENAN BRIDGE","river_wate":"GBNI1NW010102064","catchment":"Derg","x":221141,"y":384263,"f2015_sites":"Yes","f2018_sites":"Yes","f2021_sites":"Yes","GlobalID":"f3815103-b9c8-45ad-89c0-019aa17bd5ec"}},{"type":"Feature","id":15,"geometry":{"type":"Point","coordinates":[236447,387515]},"properties":{"OBJECTID":15,"monitoring":"F10042","monitori_1":"LOUGH CATHERINE STREAM AT MILLBROOK","river_wate":"GBNI1NW010104073","catchment":"Derg","x":236447,"y":387515,"f2015_sites":"Yes","f2018_sites":"Yes","f2021_sites":"Yes","GlobalID":"da749f89-feb7-4f1c-9dbd-cb6a4be501e3"}},{"type":"Feature","id":16,"geometry":{"type":"Point","coordinates":[217059,379509]},"properties":{"OBJECTID":16,"monitoring":"F10043","monitori_1":"TIEVEMORE BURN AT GLASHAGH BRIDGE","river_wate":"GBNI1NW010102047","catchment":"Derg","x":217059,"y":379509,"f2015_sites":"Yes","f2018_sites":"Yes","f2021_sites":"Yes","GlobalID":"d5b7d4a2-7310-4dee-a64b-c163206a3523"}},{"type":"Feature","id":17,"geometry":{"type":"Point","coordinates":[236505,387690]},"properties":{"OBJECTID":17,"monitoring":"F10044","monitori_1":"DERG RIVER AT MILLBROOK NEW BRIDGE","river_wate":"GBNI1NW010102095","catchment":"Derg","x":236505,"y":387690,"f2015_sites":"Yes","f2018_sites":"Yes","f2021_sites":"Yes","GlobalID":"486c8131-714e-4451-a6d0-8e6a7ab904d9"}},{"type":"Feature","id":18,"geometry":{"type":"Point","coordinates":[231493,384526]},"properties":{"OBJECTID":18,"monitoring":"F10045","monitori_1":"DERG RIVER AT CREW BRIDGE","river_wate":"GBNI1NW010102095","catchment":"Derg","x":231493,"y":384526,"f2015_sites":"Yes","f2018_sites":"Yes","f2021_sites":"Yes","GlobalID":"316a8712-c49f-48b3-98d4-d40a5cf8e0d3"}},{"type":"Feature","id":19,"geometry":{"type":"Point","coordinates":[223024,382645]},"properties":{"OBJECTID":19,"monitoring":"F10046","monitori_1":"KILLEN BURN AT GLASHAGH BRIDGE","river_wate":"GBNI1NW010102050","catchment":"Derg","x":223024,"y":382645,"f2015_sites":"Yes","f2018_sites":"Yes","f2021_sites":"Yes","GlobalID":"c6e3a7d5-5911-4238-a5f0-dbf803117194"}},{"type":"Feature","id":20,"geometry":{"type":"Point","coordinates":[219061,380557]},"properties":{"OBJECTID":20,"monitoring":"F10047","monitori_1":"DERG RIVER AT AGHYARAN BRIDGE","river_wate":"GBNI1NW010102094","catchment":"Derg","x":219061,"y":380557,"f2015_sites":"Yes","f2018_sites":"Yes","f2021_sites":"Yes","GlobalID":"0103645a-5ea5-4c91-ae31-7002a135e577"}},{"type":"Feature","id":21,"geometry":{"type":"Point","coordinates":[220685,383796]},"properties":{"OBJECTID":21,"monitoring":"F10048","monitori_1":"MOURNE BEG RIVER AT MOURNE BRIDGE","river_wate":"GBNI1NW010102064","catchment":"Derg","x":220685,"y":383796,"f2015_sites":"Yes","f2018_sites":"Yes","f2021_sites":"Yes","GlobalID":"69ffb352-7ca8-47c1-851b-d787b94817d9"}},{"type":"Feature","id":22,"geometry":{"type":"Point","coordinates":[214553,379642]},"properties":{"OBJECTID":22,"monitoring":"F10049","monitori_1":"GLENDERGAN RIVER AT SRAGHCUMBER","river_wate":"GBNI1NW010102067","catchment":"Derg","x":214553,"y":379642,"f2015_sites":"Yes","f2018_sites":"No","f2021_sites":"Yes","GlobalID":"bdbb91bf-4057-4f3e-8196-8d28a3276886"}},{"type":"Feature","id":23,"geometry":{"type":"Point","coordinates":[258388,381551]},"properties":{"OBJECTID":23,"monitoring":"F10056","monitori_1":"CASHEL BURN (OWENREAGH EAST) AT CASHEL","river_wate":"GBNI1NW010102024","catchment":"Owenkillew","x":258388,"y":381551,"f2015_sites":"Yes","f2018_sites":"Yes","f2021_sites":"Yes","GlobalID":"5de8080d-0c7e-46a1-898f-30c00a10eadb"}},{"type":"Feature","id":24,"geometry":{"type":"Point","coordinates":[268384,385216]},"properties":{"OBJECTID":24,"monitoring":"F10058","monitori_1":"BROUGHDERG WATER AT BROUGHDERG BRIDGE","river_wate":"GBNI1NW010102086","catchment":"Owenkillew","x":268384,"y":385216,"f2015_sites":"Yes","f2018_sites":"Yes","f2021_sites":"Yes","GlobalID":"9d272e44-36d5-416b-8f83-3701201daf7b"}},{"type":"Feature","id":25,"geometry":{"type":"Point","coordinates":[241058,386609]},"properties":{"OBJECTID":25,"monitoring":"F10061","monitori_1":"GLENKNOCK BURN AT GLENKNOCK COTTAGES","river_wate":"GBNI1NW010102096","catchment":"Owenkillew","x":241058,"y":386609,"f2015_sites":"Yes","f2018_sites":"Yes","f2021_sites":"Yes","GlobalID":"90140dd6-2a1d-420d-a86b-fad56c615cfa"}},{"type":"Feature","id":26,"geometry":{"type":"Point","coordinates":[261525,380251]},"properties":{"OBJECTID":26,"monitoring":"F10069","monitori_1":"GLASHAGH BURN AT CASHEL WOOD","river_wate":"GBNI1NW010102091","catchment":"Owenkillew","x":261525,"y":380251,"f2015_sites":"Yes","f2018_sites":"Yes","f2021_sites":"Yes","GlobalID":"8da5d932-a111-48f4-91f3-59943b65d28a"}},{"type":"Feature","id":27,"geometry":{"type":"Point","coordinates":[243827,387321]},"properties":{"OBJECTID":27,"monitoring":"F10072","monitori_1":"OWENKILLEW RIVER AT KILLYMORE BRIDGE","river_wate":"GBNI1NW010102028","catchment":"Owenkillew","x":243827,"y":387321,"f2015_sites":"Yes","f2018_sites":"Yes","f2021_sites":"Yes","GlobalID":"a6231476-c4e7-490f-ab93-f171841564e2"}},{"type":"Feature","id":28,"geometry":{"type":"Point","coordinates":[252690,385613]},"properties":{"OBJECTID":28,"monitoring":"F10073","monitori_1":"GLENMACOFFER BURN AT GLENMACOFFER BRIDGE","river_wate":"GBNI1NW010102043","catchment":"Owenkillew","x":252690,"y":385613,"f2015_sites":"Yes","f2018_sites":"Yes","f2021_sites":"Yes","GlobalID":"0d14f6e3-ba40-4acd-b2c6-d6a317773a3e"}},{"type":"Feature","id":29,"geometry":{"type":"Point","coordinates":[253159,387101]},"properties":{"OBJECTID":29,"monitoring":"F10074","monitori_1":"OWENKILLEW RIVER AT DRUMLEA","river_wate":"GBNI1NW010104043","catchment":"Owenkillew","x":253159,"y":387101,"f2015_sites":"Yes","f2018_sites":"Yes","f2021_sites":"Yes","GlobalID":"ae443d14-82f3-4b9f-86f2-038f3ffe70e3"}},{"type":"Feature","id":30,"geometry":{"type":"Point","coordinates":[257634,387435]},"properties":{"OBJECTID":30,"monitoring":"F10075","monitori_1":"GLENLARK RIVER AT GLENLARK BRIDGE","river_wate":"GBNI1NW010102025","catchment":"Owenkillew","x":257634,"y":387435,"f2015_sites":"Yes","f2018_sites":"Yes","f2021_sites":"Yes","GlobalID":"75e0e552-0de9-4219-9d42-c91b763de42a"}},{"type":"Feature","id":31,"geometry":{"type":"Point","coordinates":[260202,387076]},"properties":{"OBJECTID":31,"monitoring":"F10076","monitori_1":"CONEYGLEN BURN AT CONEYGLEN BRIDGE","river_wate":"GBNI1NW010102085","catchment":"Owenkillew","x":260202,"y":387076,"f2015_sites":"Yes","f2018_sites":"Yes","f2021_sites":"Yes","GlobalID":"8326a61e-e876-4b7a-b256-c9cf77e849c4"}},{"type":"Feature","id":32,"geometry":{"type":"Point","coordinates":[261372,384757]},"properties":{"OBJECTID":32,"monitoring":"F10077","monitori_1":"OWENKILLEW RIVER AT MONANAMEAL BRIDGE","river_wate":"GBNI1NW010102086","catchment":"Owenkillew","x":261372,"y":384757,"f2015_sites":"Yes","f2018_sites":"Yes","f2021_sites":"Yes","GlobalID":"b85db0fe-b843-496a-b91d-8429f55cb2b2"}},{"type":"Feature","id":33,"geometry":{"type":"Point","coordinates":[245017,388609]},"properties":{"OBJECTID":33,"monitoring":"F10078","monitori_1":"GLENELLY RIVER AT CORICK BRIDGE","river_wate":"GBNI1NW010104040","catchment":"Owenkillew","x":245017,"y":388609,"f2015_sites":"Yes","f2018_sites":"Yes","f2021_sites":"Yes","GlobalID":"891ed617-98fb-4052-bf85-ec06e736c4d9"}},{"type":"Feature","id":34,"geometry":{"type":"Point","coordinates":[256317,391338]},"properties":{"OBJECTID":34,"monitoring":"F10079","monitori_1":"GLENELLY RIVER AT CLOGHERNY BRIDGE","river_wate":"GBNI1NW010104040","catchment":"Owenkillew","x":256317,"y":391338,"f2015_sites":"Yes","f2018_sites":"Yes","f2021_sites":"Yes","GlobalID":"fd5b7c04-b73f-4d57-af2d-9bca63e00c15"}},{"type":"Feature","id":35,"geometry":{"type":"Point","coordinates":[263458,394041]},"properties":{"OBJECTID":35,"monitoring":"F10080","monitori_1":"GLENELLY RIVER AT SPERRIN","river_wate":"GBNI1NW010104040","catchment":"Owenkillew","x":263458,"y":394041,"f2015_sites":"Yes","f2018_sites":"Yes","f2021_sites":"Yes","GlobalID":"890d075a-602c-40d3-8e64-e17db8720c17"}},{"type":"Feature","id":36,"geometry":{"type":"Point","coordinates":[253538,385887]},"properties":{"OBJECTID":36,"monitoring":"F10081","monitori_1":"OWENREAGH (EAST) RIVER AT DRUMLEA BRIDGE","river_wate":"GBNI1NW010104041","catchment":"Owenkillew","x":253538,"y":385887,"f2015_sites":"Yes","f2018_sites":"Yes","f2021_sites":"Yes","GlobalID":"97910a7b-264b-42d8-9cc5-ecbad3ee7916"}},{"type":"Feature","id":37,"geometry":{"type":"Point","coordinates":[256483,382400]},"properties":{"OBJECTID":37,"monitoring":"F10083","monitori_1":"GLENSAWISK BURN AT CAMPBELLS BRIDGE","river_wate":"GBNI1NW010102023","catchment":"Owenkillew","x":256483,"y":382400,"f2015_sites":"Yes","f2018_sites":"Yes","f2021_sites":"Yes","GlobalID":"c697c547-eb48-4630-9264-c13cbe1190b3"}},{"type":"Feature","id":38,"geometry":{"type":"Point","coordinates":[241086,386080]},"properties":{"OBJECTID":38,"monitoring":"F10086","monitori_1":"STRULE RIVER AT MOYLE BRIDGE","river_wate":"GBNI1NW010108258","catchment":"Strule","x":241086,"y":386080,"f2015_sites":"Yes","f2018_sites":"Yes","f2021_sites":"Yes","GlobalID":"dab88c97-1628-41c5-bbcb-5431ca88f061"}},{"type":"Feature","id":39,"geometry":{"type":"Point","coordinates":[243671,377634]},"properties":{"OBJECTID":39,"monitoring":"F10087","monitori_1":"STRULE RIVER AT STONE BRIDGE","river_wate":"GBNI1NW010108258","catchment":"Strule","x":243671,"y":377634,"f2015_sites":"Yes","f2018_sites":"Yes","f2021_sites":"Yes","GlobalID":"3d6cfdd8-846c-437b-b10d-d3424d063f6e"}},{"type":"Feature","id":40,"geometry":{"type":"Point","coordinates":[244940,372876]},"properties":{"OBJECTID":40,"monitoring":"F10088","monitori_1":"STRULE RIVER AT ABBEY BRIDGE, OMAGH","river_wate":"GBNI1NW010108258","catchment":"Strule","x":244940,"y":372876,"f2015_sites":"Yes","f2018_sites":"Yes","f2021_sites":"No","GlobalID":"78082cbd-6627-45d5-a507-ee3b94102881"}},{"type":"Feature","id":41,"geometry":{"type":"Point","coordinates":[243614,379406]},"properties":{"OBJECTID":41,"monitoring":"F10089","monitori_1":"CAPPAGH BURN AT TATTYNURE BRIDGE","river_wate":"GBNI1NW010102021","catchment":"Strule","x":243614,"y":379406,"f2015_sites":"Yes","f2018_sites":"Yes","f2021_sites":"Yes","GlobalID":"79ea1912-68d1-46e1-a10f-0c416c45702d"}},{"type":"Feature","id":42,"geometry":{"type":"Point","coordinates":[229173,380080]},"properties":{"OBJECTID":42,"monitoring":"F10090","monitori_1":"FAIRYWATER RIVER AT B50 ROAD BRIDGE","river_wate":"GBNI1NW010104044","catchment":"Fairy Water","x":229173,"y":380080,"f2015_sites":"Yes","f2018_sites":"Yes","f2021_sites":"Yes","GlobalID":"85c92166-ca24-41bb-a2a4-d2fff0c27f5e"}},{"type":"Feature","id":43,"geometry":{"type":"Point","coordinates":[232731,372517]},"properties":{"OBJECTID":43,"monitoring":"F10091","monitori_1":"GLENRONE RIVER AT McCREA PARK","river_wate":"GBNI1NW010104042","catchment":"Fairy Water","x":232731,"y":372517,"f2015_sites":"Yes","f2018_sites":"Yes","f2021_sites":"Yes","GlobalID":"3761bbe3-72f9-449b-bd86-2e4e8b97eaac"}},{"type":"Feature","id":44,"geometry":{"type":"Point","coordinates":[233182,373184]},"properties":{"OBJECTID":44,"monitoring":"F10092","monitori_1":"DRUMQUIN RIVER AT CROOKED BRIDGE","river_wate":"GBNI1NW010104042","catchment":"Fairy Water","x":233182,"y":373184,"f2015_sites":"Yes","f2018_sites":"Yes","f2021_sites":"Yes","GlobalID":"a2c0d47d-a198-486f-983e-bed64fd971e1"}},{"type":"Feature","id":45,"geometry":{"type":"Point","coordinates":[229810,374314]},"properties":{"OBJECTID":45,"monitoring":"F10097","monitori_1":"BLACK WATER (DRUMQUIN) AT CARRICKANESS BRIDGE","river_wate":"GBNI1NW010104046","catchment":"Fairy Water","x":229810,"y":374314,"f2015_sites":"Yes","f2018_sites":"Yes","f2021_sites":"Yes","GlobalID":"2e8a6bdf-daa5-49ff-a524-92f912bfe458"}},{"type":"Feature","id":46,"geometry":{"type":"Point","coordinates":[242950,374931]},"properties":{"OBJECTID":46,"monitoring":"F10099","monitori_1":"FAIRYWATER RIVER AT OLD RAILWAY BRIDGE, NESTLES","river_wate":"GBNI1NW010102041","catchment":"Fairy Water","x":242950,"y":374931,"f2015_sites":"Yes","f2018_sites":"Yes","f2021_sites":"Yes","GlobalID":"b2f1b995-3ce6-4582-abac-cea853519d8b"}},{"type":"Feature","id":47,"geometry":{"type":"Point","coordinates":[239237,376561]},"properties":{"OBJECTID":47,"monitoring":"F10101","monitori_1":"FAIRYWATER RIVER AT MULLANATOOMOG","river_wate":"GBNI1NW010102041","catchment":"Fairy Water","x":239237,"y":376561,"f2015_sites":"Yes","f2018_sites":"Yes","f2021_sites":"Yes","GlobalID":"ca960c5d-8019-4bf4-8e51-4db08d7d42b6"}},{"type":"Feature","id":48,"geometry":{"type":"Point","coordinates":[234436,377592]},"properties":{"OBJECTID":48,"monitoring":"F10102","monitori_1":"FAIRYWATER RIVER AT MONAGHANS BRIDGE","river_wate":"GBNI1NW010104044","catchment":"Fairy Water","x":234436,"y":377592,"f2015_sites":"Yes","f2018_sites":"Yes","f2021_sites":"Yes","GlobalID":"ee9e2db3-1889-432d-b356-ceb5a5b823ac"}},{"type":"Feature","id":49,"geometry":{"type":"Point","coordinates":[233006,374306]},"properties":{"OBJECTID":49,"monitoring":"F10103","monitori_1":"DRUMQUIN RIVER AT DRUMQUIN","river_wate":"GBNI1NW010104042","catchment":"Fairy Water","x":233006,"y":374306,"f2015_sites":"Yes","f2018_sites":"Yes","f2021_sites":"Yes","GlobalID":"68f391be-fa9d-4213-a563-383ba817af8d"}},{"type":"Feature","id":50,"geometry":{"type":"Point","coordinates":[260421,372036]},"properties":{"OBJECTID":50,"monitoring":"F10104","monitori_1":"GRANAGH BURN AT CARRICKMORE","river_wate":"GBNI1NW010102032","catchment":"Camowen","x":260421,"y":372036,"f2015_sites":"Yes","f2018_sites":"Yes","f2021_sites":"Yes","GlobalID":"3b6a2237-15dc-47df-af91-d957d397b83a"}},{"type":"Feature","id":51,"geometry":{"type":"Point","coordinates":[257151,367104]},"properties":{"OBJECTID":51,"monitoring":"F10106","monitori_1":"CLOGHFIN RIVER AT BALLYKEEL BRIDGE","river_wate":"GBNI1NW010104048","catchment":"Camowen","x":257151,"y":367104,"f2015_sites":"Yes","f2018_sites":"Yes","f2021_sites":"Yes","GlobalID":"81e77955-c06a-4007-b2ac-f366e401609b"}},{"type":"Feature","id":52,"geometry":{"type":"Point","coordinates":[262037,371165]},"properties":{"OBJECTID":52,"monitoring":"F10107","monitori_1":"CAMOWEN RIVER AT CARRICKMORE","river_wate":"GBNI1NW010104047","catchment":"Camowen","x":262037,"y":371165,"f2015_sites":"Yes","f2018_sites":"Yes","f2021_sites":"Yes","GlobalID":"413c9d8a-7d9e-4790-b256-61ed12e95196"}},{"type":"Feature","id":53,"geometry":{"type":"Point","coordinates":[253869,373068]},"properties":{"OBJECTID":53,"monitoring":"F10108","monitori_1":"DRUMNAKILLY BURN AT DRUMNAKILLY","river_wate":"GBNI1NW010104070","catchment":"Camowen","x":253869,"y":373068,"f2015_sites":"Yes","f2018_sites":"Yes","f2021_sites":"Yes","GlobalID":"8c37efb9-a37c-48dc-a676-2f409b383736"}},{"type":"Feature","id":54,"geometry":{"type":"Point","coordinates":[248023,372837]},"properties":{"OBJECTID":54,"monitoring":"F10109","monitori_1":"GLENSCOLLIP BURN AT OMAGH","river_wate":"GBNI1NW010102039","catchment":"Camowen","x":248023,"y":372837,"f2015_sites":"Yes","f2018_sites":"Yes","f2021_sites":"Yes","GlobalID":"d28cbfd6-c2ac-45a3-b6f0-d714c43669da"}},{"type":"Feature","id":55,"geometry":{"type":"Point","coordinates":[261250,369864]},"properties":{"OBJECTID":55,"monitoring":"F10110","monitori_1":"ALTANAGH BURN AT POUND BRIDGE","river_wate":"GBNI1NW010104047","catchment":"Camowen","x":261250,"y":369864,"f2015_sites":"Yes","f2018_sites":"Yes","f2021_sites":"Yes","GlobalID":"917e113b-cca8-4ecf-8cc4-be8a3614eda3"}},{"type":"Feature","id":56,"geometry":{"type":"Point","coordinates":[246381,373003]},"properties":{"OBJECTID":56,"monitoring":"F10111","monitori_1":"CAMOWEN RIVER AT DONNELLYS BRIDGE","river_wate":"GBNI1NW010108257","catchment":"Camowen","x":246381,"y":373003,"f2015_sites":"Yes","f2018_sites":"No","f2021_sites":"Yes","GlobalID":"dec79892-693b-40da-bca8-b03e2598b837"}},{"type":"Feature","id":57,"geometry":{"type":"Point","coordinates":[256479,370065]},"properties":{"OBJECTID":57,"monitoring":"F10114","monitori_1":"CAMOWEN RIVER AT RAMACKAN BRIDGE","river_wate":"GBNI1NW010102092","catchment":"Camowen","x":256479,"y":370065,"f2015_sites":"Yes","f2018_sites":"Yes","f2021_sites":"Yes","GlobalID":"7062b628-f539-4861-a7ad-62e589dcb7d0"}},{"type":"Feature","id":58,"geometry":{"type":"Point","coordinates":[251117,370576]},"properties":{"OBJECTID":58,"monitoring":"F10115","monitori_1":"CLOGHFIN RIVER AT LISBOY BRIDGE","river_wate":"GBNI1NW010102035","catchment":"Camowen","x":251117,"y":370576,"f2015_sites":"Yes","f2018_sites":"Yes","f2021_sites":"Yes","GlobalID":"e07a4cde-6a76-4a13-b766-8c7198d753b7"}},{"type":"Feature","id":59,"geometry":{"type":"Point","coordinates":[250327,360580]},"properties":{"OBJECTID":59,"monitoring":"F10118","monitori_1":"RAVEAGH BURN AT RAVEAGH","river_wate":"GBNI1NW010102089","catchment":"Drumragh","x":250327,"y":360580,"f2015_sites":"Yes","f2018_sites":"Yes","f2021_sites":"Yes","GlobalID":"d155e3d2-16c2-4625-b228-d67771588115"}},{"type":"Feature","id":60,"geometry":{"type":"Point","coordinates":[237022,362420]},"properties":{"OBJECTID":60,"monitoring":"F10120","monitori_1":"MAGHERAGART BURN AT AGHLISK BRIDGE","river_wate":"GBNI1NW010104050","catchment":"Drumragh","x":237022,"y":362420,"f2015_sites":"Yes","f2018_sites":"Yes","f2021_sites":"Yes","GlobalID":"e2552a7b-584e-491d-bf4b-868ac5a0e7a6"}},{"type":"Feature","id":61,"geometry":{"type":"Point","coordinates":[238723,363721]},"properties":{"OBJECTID":61,"monitoring":"F10121","monitori_1":"CRANNY BURN AT CRANNY","river_wate":"GBNI1NW010102001","catchment":"Drumragh","x":238723,"y":363721,"f2015_sites":"Yes","f2018_sites":"Yes","f2021_sites":"Yes","GlobalID":"b2d1c72c-7449-4211-a598-5ccdebfe190b"}},{"type":"Feature","id":62,"geometry":{"type":"Point","coordinates":[233011,365875]},"properties":{"OBJECTID":62,"monitoring":"F10125","monitori_1":"OWENREAGH (SOUTH) RIVER AT B84 ROAD BRIDGE","river_wate":"GBNI1NW010102053","catchment":"Drumragh","x":233011,"y":365875,"f2015_sites":"No","f2018_sites":"Yes","f2021_sites":"No","GlobalID":"444bfc3b-75ad-44eb-849b-b853f66af0c2"}},{"type":"Feature","id":63,"geometry":{"type":"Point","coordinates":[251298,359602]},"properties":{"OBJECTID":63,"monitoring":"F10127","monitori_1":"ESKRAGH WATER AT ESKRAGH","river_wate":"GBNI1NW010102089","catchment":"Drumragh","x":251298,"y":359602,"f2015_sites":"Yes","f2018_sites":"Yes","f2021_sites":"Yes","GlobalID":"9a47fecd-a0a5-401d-81b9-960296551f52"}},{"type":"Feature","id":64,"geometry":{"type":"Point","coordinates":[245497,372703]},"properties":{"OBJECTID":64,"monitoring":"F10128","monitori_1":"DRUMRAGH RIVER AT AT CAR PARK U/S OF CAMPSIE BRIDGE","river_wate":"GBNI1NW010102006","catchment":"Drumragh","x":245497,"y":372703,"f2015_sites":"Yes","f2018_sites":"Yes","f2021_sites":"Yes","GlobalID":"6a8db742-cb74-443d-b039-9b92ef07e226"}},{"type":"Feature","id":65,"geometry":{"type":"Point","coordinates":[243723,367327]},"properties":{"OBJECTID":65,"monitoring":"F10129","monitori_1":"BALLYNAHATTY WATER (OWENREAGH SOUTH) AT BALLYNAHATTY","river_wate":"GBNI1NW010102018","catchment":"Drumragh","x":243723,"y":367327,"f2015_sites":"Yes","f2018_sites":"Yes","f2021_sites":"Yes","GlobalID":"7838b04a-c3eb-4f6f-bbd6-31d5f028048a"}},{"type":"Feature","id":66,"geometry":{"type":"Point","coordinates":[241961,368325]},"properties":{"OBJECTID":66,"monitoring":"F10130","monitori_1":"CREEVAN BURN AT CREEVAN PRESBYTERIAN CHURCH","river_wate":"GBNI1NW010102017","catchment":"Drumragh","x":241961,"y":368325,"f2015_sites":"No","f2018_sites":"Yes","f2021_sites":"Yes","GlobalID":"ceb1adeb-dd33-45d0-9af1-f2c7ff9fe6dd"}},{"type":"Feature","id":67,"geometry":{"type":"Point","coordinates":[241958,369836]},"properties":{"OBJECTID":67,"monitoring":"F10131","monitori_1":"CREEVAN BURN AT MC KINLEY BUNGALOWS","river_wate":"GBNI1NW010102017","catchment":"Drumragh","x":241958,"y":369836,"f2015_sites":"Yes","f2018_sites":"No","f2021_sites":"No","GlobalID":"097294ff-9ca6-4f50-a1db-f4ff9e84e6f9"}},{"type":"Feature","id":68,"geometry":{"type":"Point","coordinates":[244956,367783]},"properties":{"OBJECTID":68,"monitoring":"F10133","monitori_1":"QUIGGERY WATER AT EDERGOOLE BRIDGE","river_wate":"GBNI1NW010104049","catchment":"Drumragh","x":244956,"y":367783,"f2015_sites":"Yes","f2018_sites":"Yes","f2021_sites":"Yes","GlobalID":"a67a29bb-2ac4-41a0-a2f4-814138f68383"}},{"type":"Feature","id":69,"geometry":{"type":"Point","coordinates":[245114,364710]},"properties":{"OBJECTID":69,"monitoring":"F10134","monitori_1":"QUIGGERY WATER AT SESSIAGH BRIDGE","river_wate":"GBNI1NW010104049","catchment":"Drumragh","x":245114,"y":364710,"f2015_sites":"Yes","f2018_sites":"Yes","f2021_sites":"Yes","GlobalID":"b7c1cb33-3e73-4181-88cc-1c3f7ef7bb3b"}},{"type":"Feature","id":70,"geometry":{"type":"Point","coordinates":[244091,360082]},"properties":{"OBJECTID":70,"monitoring":"F10135","monitori_1":"QUIGGERY WATER AT ECCLESVILLE","river_wate":"GBNI1NW010104049","catchment":"Drumragh","x":244091,"y":360082,"f2015_sites":"Yes","f2018_sites":"Yes","f2021_sites":"Yes","GlobalID":"0766a65f-93ac-49a8-9786-e841100bc400"}},{"type":"Feature","id":71,"geometry":{"type":"Point","coordinates":[247225,363463]},"properties":{"OBJECTID":71,"monitoring":"F10136","monitori_1":"ESKRAGH WATER AT SESKINORE MILL BRIDGE","river_wate":"GBNI1NW010102008","catchment":"Drumragh","x":247225,"y":363463,"f2015_sites":"Yes","f2018_sites":"Yes","f2021_sites":"Yes","GlobalID":"cd1bab68-89c9-4a12-b5c2-bce7e621b7b8"}},{"type":"Feature","id":72,"geometry":{"type":"Point","coordinates":[250818,361622]},"properties":{"OBJECTID":72,"monitoring":"F10137","monitori_1":"ROUTING BURN AT BROWNS BRIDGE","river_wate":"GBNI1NW010102090","catchment":"Drumragh","x":250818,"y":361622,"f2015_sites":"Yes","f2018_sites":"Yes","f2021_sites":"Yes","GlobalID":"4eac29a2-7ee0-4654-b36f-b3e4a0dadedc"}},{"type":"Feature","id":73,"geometry":{"type":"Point","coordinates":[258332,412571]},"properties":{"OBJECTID":73,"monitoring":"F10140","monitori_1":"LOUGHERMORE RIVER AT LOUGHERMORE BRIDGE","river_wate":"GBNI1NW020204062","catchment":"Faughan","x":258332,"y":412571,"f2015_sites":"Yes","f2018_sites":"Yes","f2021_sites":"Yes","GlobalID":"ddc05dca-3721-49c1-bb1d-a19c85dae5a9"}},{"type":"Feature","id":74,"geometry":{"type":"Point","coordinates":[255083,412741]},"properties":{"OBJECTID":74,"monitoring":"F10143","monitori_1":"CULLION RIVER AT SLAGHTMANUS","river_wate":"GBNI1NW020204025","catchment":"Faughan","x":255083,"y":412741,"f2015_sites":"Yes","f2018_sites":"Yes","f2021_sites":"Yes","GlobalID":"6ab3ec55-9afd-4d69-8e73-8a668430eaf6"}},{"type":"Feature","id":75,"geometry":{"type":"Point","coordinates":[245940,414740]},"properties":{"OBJECTID":75,"monitoring":"F10145","monitori_1":"BURNGIBBAGH AT DRUMAHOE","river_wate":"GBNI1NW020204034","catchment":"Faughan","x":245940,"y":414740,"f2015_sites":"Yes","f2018_sites":"Yes","f2021_sites":"Yes","GlobalID":"ef947b7c-bf90-4115-bf76-3a108036fa18"}},{"type":"Feature","id":76,"geometry":{"type":"Point","coordinates":[247666,419311]},"properties":{"OBJECTID":76,"monitoring":"F10148","monitori_1":"FAUGHAN RIVER AT MOBUOY BRIDGE","river_wate":"GBNI1NW020208259","catchment":"Faughan","x":247666,"y":419311,"f2015_sites":"Yes","f2018_sites":"Yes","f2021_sites":"Yes","GlobalID":"93995678-a77b-4c01-9481-246e819aa4cc"}},{"type":"Feature","id":77,"geometry":{"type":"Point","coordinates":[247442,413520]},"properties":{"OBJECTID":77,"monitoring":"F10151","monitori_1":"FAUGHAN RIVER AT ARDMORE","river_wate":"GBNI1NW020208259","catchment":"Faughan","x":247442,"y":413520,"f2015_sites":"Yes","f2018_sites":"Yes","f2021_sites":"Yes","GlobalID":"e5b7f85a-940d-43ed-b1d8-83cf3f840a71"}},{"type":"Feature","id":78,"geometry":{"type":"Point","coordinates":[250105,410654]},"properties":{"OBJECTID":78,"monitoring":"F10152","monitori_1":"FAUGHAN RIVER AT LEGAHORY","river_wate":"GBNI1NW020208259","catchment":"Faughan","x":250105,"y":410654,"f2015_sites":"Yes","f2018_sites":"Yes","f2021_sites":"Yes","GlobalID":"a7442c02-46a5-4c03-8e99-71458ab95736"}},{"type":"Feature","id":79,"geometry":{"type":"Point","coordinates":[255128,407363]},"properties":{"OBJECTID":79,"monitoring":"F10155","monitori_1":"FOREGLEN RIVER AT DUNGORKIN BRIDGE","river_wate":"GBNI1NW020204026","catchment":"Faughan","x":255128,"y":407363,"f2015_sites":"Yes","f2018_sites":"Yes","f2021_sites":"Yes","GlobalID":"71fa6020-fc08-435d-b9a5-5daeb7902e89"}},{"type":"Feature","id":80,"geometry":{"type":"Point","coordinates":[250277,410688]},"properties":{"OBJECTID":80,"monitoring":"F10157","monitori_1":"BURNTOLLET RIVER AT BURNTOLLET BRIDGE","river_wate":"GBNI1NW020204035","catchment":"Faughan","x":250277,"y":410688,"f2015_sites":"Yes","f2018_sites":"Yes","f2021_sites":"Yes","GlobalID":"9ddede49-1ca8-4404-b340-a4989e080521"}},{"type":"Feature","id":81,"geometry":{"type":"Point","coordinates":[253948,406654]},"properties":{"OBJECTID":81,"monitoring":"F10158","monitori_1":"GLENRANDAL RIVER AT CLAUDY","river_wate":"GBNI1NW020204038","catchment":"Faughan","x":253948,"y":406654,"f2015_sites":"Yes","f2018_sites":"Yes","f2021_sites":"Yes","GlobalID":"e6f3bfdc-1d9b-4b88-8737-0395ed7dceb3"}},{"type":"Feature","id":82,"geometry":{"type":"Point","coordinates":[269182,413861]},"properties":{"OBJECTID":82,"monitoring":"F10160","monitori_1":"GELVIN RIVER AT LOWER GELVIN BRIDGE","river_wate":"GBNI1NW020202012","catchment":"Roe","x":269182,"y":413861,"f2015_sites":"Yes","f2018_sites":"Yes","f2021_sites":"Yes","GlobalID":"8f05fc4a-cfc2-44cc-ab38-f363d1b14bd5"}},{"type":"Feature","id":83,"geometry":{"type":"Point","coordinates":[268068,413597]},"properties":{"OBJECTID":83,"monitoring":"F10161","monitori_1":"BOVEVAGH RIVER AT BURNFOOT BRIDGE","river_wate":"GBNI1NW020202014","catchment":"Roe","x":268068,"y":413597,"f2015_sites":"Yes","f2018_sites":"Yes","f2021_sites":"Yes","GlobalID":"08568f9e-1e16-4ec0-98b3-d4b6d40d8090"}},{"type":"Feature","id":84,"geometry":{"type":"Point","coordinates":[267767,412406]},"properties":{"OBJECTID":84,"monitoring":"F10163","monitori_1":"WOOD BURN AT KILLIBLEUGHT BRIDGE","river_wate":"GBNI1NW020202032","catchment":"Roe","x":267767,"y":412406,"f2015_sites":"Yes","f2018_sites":"Yes","f2021_sites":"Yes","GlobalID":"4e73e237-9616-4ef9-aedc-7cbd18fbc80f"}},{"type":"Feature","id":85,"geometry":{"type":"Point","coordinates":[269035,423174]},"properties":{"OBJECTID":85,"monitoring":"F10165","monitori_1":"CASTLE RIVER TRIBUTARY AT DRENAGH","river_wate":"GBNI1NW020204061","catchment":"Roe","x":269035,"y":423174,"f2015_sites":"Yes","f2018_sites":"Yes","f2021_sites":"Yes","GlobalID":"6ad95945-3349-40c6-ad92-54f5a62d3eed"}},{"type":"Feature","id":86,"geometry":{"type":"Point","coordinates":[274268,405957]},"properties":{"OBJECTID":86,"monitoring":"F10169","monitori_1":"OWENALENA RIVER AT OWENALENA BRIDGE","river_wate":"GBNI1NW020202005","catchment":"Roe","x":274268,"y":405957,"f2015_sites":"Yes","f2018_sites":"Yes","f2021_sites":"Yes","GlobalID":"3c1026e9-d07f-4365-bb6a-0aae724f39e8"}},{"type":"Feature","id":87,"geometry":{"type":"Point","coordinates":[267003,429648]},"properties":{"OBJECTID":87,"monitoring":"F10170","monitori_1":"ROE RIVER AT SWANN'S BRIDGE","river_wate":"GBNI1NW020202024","catchment":"Roe","x":267003,"y":429648,"f2015_sites":"Yes","f2018_sites":"Yes","f2021_sites":"Yes","GlobalID":"909ec12e-7e72-42fc-a542-bb0ca9d051a4"}},{"type":"Feature","id":88,"geometry":{"type":"Point","coordinates":[266770,422911]},"properties":{"OBJECTID":88,"monitoring":"F10171","monitori_1":"ROE RIVER AT LIMAVADY","river_wate":"GBNI1NW020202018","catchment":"Roe","x":266770,"y":422911,"f2015_sites":"Yes","f2018_sites":"Yes","f2021_sites":"Yes","GlobalID":"d575043e-6a47-49b6-9b65-7791d4b09fc6"}},{"type":"Feature","id":89,"geometry":{"type":"Point","coordinates":[267937,420330]},"properties":{"OBJECTID":89,"monitoring":"F10172","monitori_1":"ROE RIVER AT DOG LEAP","river_wate":"GBNI1NW020202018","catchment":"Roe","x":267937,"y":420330,"f2015_sites":"Yes","f2018_sites":"Yes","f2021_sites":"Yes","GlobalID":"b0edb291-8853-495b-9217-ea7442d4c648"}},{"type":"Feature","id":90,"geometry":{"type":"Point","coordinates":[275068,406331]},"properties":{"OBJECTID":90,"monitoring":"F10175","monitori_1":"ROE RIVER AT CORICK BRIDGE","river_wate":"GBNI1NW020202043","catchment":"Roe","x":275068,"y":406331,"f2015_sites":"Yes","f2018_sites":"Yes","f2021_sites":"Yes","GlobalID":"da239ec6-d21d-4c2a-907a-045f1267ca70"}},{"type":"Feature","id":91,"geometry":{"type":"Point","coordinates":[268888,423173]},"properties":{"OBJECTID":91,"monitoring":"F10176","monitori_1":"CASTLE RIVER AT DRUMMOND BRIDGE","river_wate":"GBNI1NW020204061","catchment":"Roe","x":268888,"y":423173,"f2015_sites":"Yes","f2018_sites":"Yes","f2021_sites":"Yes","GlobalID":"d391630b-1f87-480c-90db-d0e3a164f18e"}},{"type":"Feature","id":92,"geometry":{"type":"Point","coordinates":[268399,424586]},"properties":{"OBJECTID":92,"monitoring":"F10177","monitori_1":"CURLY RIVER AT ARTIKELLY BRIDGE","river_wate":"GBNI1NW020204060","catchment":"Roe","x":268399,"y":424586,"f2015_sites":"Yes","f2018_sites":"Yes","f2021_sites":"Yes","GlobalID":"27e79fdd-38ff-4e62-9a47-cbdb05b107f6"}},{"type":"Feature","id":93,"geometry":{"type":"Point","coordinates":[268304,409793]},"properties":{"OBJECTID":93,"monitoring":"F10178","monitori_1":"OWENBEG RIVER AT BUTTERMILK BR, DUNGIVEN","river_wate":"GBNI1NW020202023","catchment":"Roe","x":268304,"y":409793,"f2015_sites":"Yes","f2018_sites":"Yes","f2021_sites":"Yes","GlobalID":"b42fa85e-b0c7-43ee-ad7c-40f5edf70ffe"}},{"type":"Feature","id":94,"geometry":{"type":"Point","coordinates":[266940,406729]},"properties":{"OBJECTID":94,"monitoring":"F10179","monitori_1":"OWENRIGH RIVER AT CARNANBANE","river_wate":"GBNI1NW020202010","catchment":"Roe","x":266940,"y":406729,"f2015_sites":"Yes","f2018_sites":"Yes","f2021_sites":"Yes","GlobalID":"3ebed7ce-ba64-4f3b-82b0-d7a26125f571"}},{"type":"Feature","id":95,"geometry":{"type":"Point","coordinates":[262653,422318]},"properties":{"OBJECTID":95,"monitoring":"F10180","monitori_1":"BALLYKELLY RIVER AT BALLYKELLY BRIDGE","river_wate":"GBNI1NW020203028","catchment":"Lough Foyle (South)","x":262653,"y":422318,"f2015_sites":"Yes","f2018_sites":"Yes","f2021_sites":"Yes","GlobalID":"02c131d4-4c0d-4f79-b198-856a56cb1167"}},{"type":"Feature","id":96,"geometry":{"type":"Point","coordinates":[252453,418790]},"properties":{"OBJECTID":96,"monitoring":"F10181","monitori_1":"MUFF RIVER AT MILL BRIDGE","river_wate":"GBNI1NW020203030","catchment":"Lough Foyle (South)","x":252453,"y":418790,"f2015_sites":"Yes","f2018_sites":"Yes","f2021_sites":"Yes","GlobalID":"896016db-287f-477d-87ba-8cd344a87eb5"}},{"type":"Feature","id":97,"geometry":{"type":"Point","coordinates":[257864,421332]},"properties":{"OBJECTID":97,"monitoring":"F10182","monitori_1":"FAUGHANVALE RIVER AT FAUGHANVALE BRIDGE","river_wate":"GBNI1NW020203029","catchment":"Lough Foyle (South)","x":257864,"y":421332,"f2015_sites":"Yes","f2018_sites":"Yes","f2021_sites":"Yes","GlobalID":"03a416b7-717f-41a2-89b9-cd4f63879ef7"}},{"type":"Feature","id":98,"geometry":{"type":"Point","coordinates":[264710,424053]},"properties":{"OBJECTID":98,"monitoring":"F10183","monitori_1":"BESSBROOK (FOYLE) RIVER AT RUSH HALL","river_wate":"GBNI1NW020203027","catchment":"Lough Foyle (South)","x":264710,"y":424053,"f2015_sites":"Yes","f2018_sites":"Yes","f2021_sites":"Yes","GlobalID":"de901179-be13-4312-afd8-f154f85c43eb"}},{"type":"Feature","id":99,"geometry":{"type":"Point","coordinates":[315514,407768]},"properties":{"OBJECTID":99,"monitoring":"F10187","monitori_1":"ARTOGES RIVER AT GREEN BRIDGE","river_wate":"GBNI1NB030302022","catchment":"Main","x":315514,"y":407768,"f2015_sites":"Yes","f2018_sites":"Yes","f2021_sites":"Yes","GlobalID":"3f06255a-900c-4881-a585-8db421f54ecb"}},{"type":"Feature","id":100,"geometry":{"type":"Point","coordinates":[320389,409340]},"properties":{"OBJECTID":100,"monitoring":"F10188","monitori_1":"PRIESTS BURN AT BRECKAGH BRIDGE","river_wate":"GBNI1NB030302016","catchment":"Main","x":320389,"y":409340,"f2015_sites":"Yes","f2018_sites":"Yes","f2021_sites":"Yes","GlobalID":"14d75177-368c-4cc5-8f02-c0b8a07755a4"}},{"type":"Feature","id":101,"geometry":{"type":"Point","coordinates":[321089,408336]},"properties":{"OBJECTID":101,"monitoring":"F10189","monitori_1":"BRAID RIVER AT AGHACULLY BRIDGE","river_wate":"GBNI1NB030308214","catchment":"Main","x":321089,"y":408336,"f2015_sites":"Yes","f2018_sites":"Yes","f2021_sites":"Yes","GlobalID":"38afb2f5-9cd6-4247-bcbd-22a4a6f71235"}},{"type":"Feature","id":102,"geometry":{"type":"Point","coordinates":[321037,407466]},"properties":{"OBJECTID":102,"monitoring":"F10190","monitori_1":"GLEN BURN AT BUCKNA BRIDGE","river_wate":"GBNI1NB030302236","catchment":"Main","x":321037,"y":407466,"f2015_sites":"Yes","f2018_sites":"Yes","f2021_sites":"Yes","GlobalID":"f4e711bc-d623-4ca2-a867-8c1da384b170"}},{"type":"Feature","id":103,"geometry":{"type":"Point","coordinates":[306978,417727]},"properties":{"OBJECTID":103,"monitoring":"F10191","monitori_1":"CLOGHMILLS WATER AT CLOGH MILLS","river_wate":"GBNI1NB030302234","catchment":"Main","x":306978,"y":417727,"f2015_sites":"Yes","f2018_sites":"Yes","f2021_sites":"Yes","GlobalID":"f071cafd-1302-4af4-af55-43c8c02f10fb"}},{"type":"Feature","id":104,"geometry":{"type":"Point","coordinates":[314568,416445]},"properties":{"OBJECTID":104,"monitoring":"F10192","monitori_1":"SKERRY WATER AT CRAIGDUNLOOF","river_wate":"GBNI1NB030302237","catchment":"Main","x":314568,"y":416445,"f2015_sites":"Yes","f2018_sites":"Yes","f2021_sites":"Yes","GlobalID":"0fa6f13e-5feb-4ebe-8446-00865b834fd1"}},{"type":"Feature","id":105,"geometry":{"type":"Point","coordinates":[314728,415373]},"properties":{"OBJECTID":105,"monitoring":"F10193","monitori_1":"GLENRAVEL WATER AT CARROWCOWAN BRIDGE","river_wate":"GBNI1NB030302233","catchment":"Main","x":314728,"y":415373,"f2015_sites":"Yes","f2018_sites":"Yes","f2021_sites":"Yes","GlobalID":"7eef744e-7b45-4d48-b7b4-2ab0e077df32"}},{"type":"Feature","id":106,"geometry":{"type":"Point","coordinates":[315167,396886]},"properties":{"OBJECTID":106,"monitoring":"F10194","monitori_1":"CONNOR BURN AT CONNOR ENCLOSURE","river_wate":"GBNI1NB030302168","catchment":"Main","x":315167,"y":396886,"f2015_sites":"Yes","f2018_sites":"Yes","f2021_sites":"Yes","GlobalID":"bfaa80d4-57f9-45f2-bb0b-2ebc1f7bfc47"}},{"type":"Feature","id":107,"geometry":{"type":"Point","coordinates":[322736,399735]},"properties":{"OBJECTID":107,"monitoring":"F10195","monitori_1":"DOUGLAS BURN (GLENWHIRRY) AT LYNNS BRIDGE","river_wate":"GBNI1NB030302235","catchment":"Main","x":322736,"y":399735,"f2015_sites":"Yes","f2018_sites":"Yes","f2021_sites":"Yes","GlobalID":"b843dfd1-0721-4eda-b8fa-3f2684b35181"}},{"type":"Feature","id":108,"geometry":{"type":"Point","coordinates":[313309,404439]},"properties":{"OBJECTID":108,"monitoring":"F10197","monitori_1":"DEVENAGH BURN AT DEVENAGH BRIDGE","river_wate":"GBNI1NB030302021","catchment":"Main","x":313309,"y":404439,"f2015_sites":"Yes","f2018_sites":"Yes","f2021_sites":"Yes","GlobalID":"b050e0b0-90a7-48ad-8469-6f8a388941d3"}},{"type":"Feature","id":109,"geometry":{"type":"Point","coordinates":[304862,409482]},"properties":{"OBJECTID":109,"monitoring":"F10198","monitori_1":"DUNNSTOWN BURN AT DUNNSTOWN","river_wate":"GBNI1NB030302165","catchment":"Main","x":304862,"y":409482,"f2015_sites":"Yes","f2018_sites":"Yes","f2021_sites":"Yes","GlobalID":"c353e290-e32a-4d6d-a0b8-528f033f1277"}},{"type":"Feature","id":110,"geometry":{"type":"Point","coordinates":[302908,417815]},"properties":{"OBJECTID":110,"monitoring":"F10199","monitori_1":"DAMSTOWN BURN AT DAMSTOWN BRIDGE","river_wate":"GBNI1NB030308244","catchment":"Main","x":302908,"y":417815,"f2015_sites":"Yes","f2018_sites":"No","f2021_sites":"No","GlobalID":"f5078a5c-1d58-49b1-85c6-f2dd48e77682"}},{"type":"Feature","id":111,"geometry":{"type":"Point","coordinates":[304541,421257]},"properties":{"OBJECTID":111,"monitoring":"F10202","monitori_1":"KILLAGAN WATER AT KILLAGAN BRIDGE","river_wate":"GBNI1NB030302212","catchment":"Main","x":304541,"y":421257,"f2015_sites":"Yes","f2018_sites":"Yes","f2021_sites":"Yes","GlobalID":"5a945a86-1eac-4c38-98a9-8e56a078680b"}},{"type":"Feature","id":112,"geometry":{"type":"Point","coordinates":[310361,394898]},"properties":{"OBJECTID":112,"monitoring":"F10204","monitori_1":"SHARVOGUES BURN AT SHARVOGUES","river_wate":"GBNI1NB030302164","catchment":"Main","x":310361,"y":394898,"f2015_sites":"Yes","f2018_sites":"Yes","f2021_sites":"Yes","GlobalID":"41f8abc2-3d02-4e96-b375-8147bdead136"}},{"type":"Feature","id":113,"geometry":{"type":"Point","coordinates":[304637,408106]},"properties":{"OBJECTID":113,"monitoring":"F10207","monitori_1":"AGHILL BURN AT CRAIGS BRIDGE","river_wate":"GBNI1NB030302157","catchment":"Main","x":304637,"y":408106,"f2015_sites":"Yes","f2018_sites":"Yes","f2021_sites":"Yes","GlobalID":"d5b05bc4-0bfe-4e05-b0bb-b1b934b445df"}},{"type":"Feature","id":114,"geometry":{"type":"Point","coordinates":[326262,398671]},"properties":{"OBJECTID":114,"monitoring":"F10208","monitori_1":"GLENWHIRRY RIVER AT PIGTAIL BRIDGE","river_wate":"GBNI1NB030308241","catchment":"Main","x":326262,"y":398671,"f2015_sites":"Yes","f2018_sites":"Yes","f2021_sites":"Yes","GlobalID":"01a7bef0-274d-4198-8e48-1e8837dee497"}},{"type":"Feature","id":115,"geometry":{"type":"Point","coordinates":[307397,400315]},"properties":{"OBJECTID":115,"monitoring":"F10209","monitori_1":"AHOGHILL BURN AT KILLYBEGS BRIDGE","river_wate":"GBNI1NB030302159","catchment":"Main","x":307397,"y":400315,"f2015_sites":"Yes","f2018_sites":"Yes","f2021_sites":"Yes","GlobalID":"75737db9-c56c-43a6-bf7e-2858170df3b5"}},{"type":"Feature","id":116,"geometry":{"type":"Point","coordinates":[310710,402210]},"properties":{"OBJECTID":116,"monitoring":"F10210","monitori_1":"DEERFIN BURN AT HARRYVILLE","river_wate":"GBNI1NB030302017","catchment":"Main","x":310710,"y":402210,"f2015_sites":"Yes","f2018_sites":"Yes","f2021_sites":"No","GlobalID":"0e4c26ea-18d4-4f43-813a-dbd908545229"}},{"type":"Feature","id":117,"geometry":{"type":"Point","coordinates":[308686,389549]},"properties":{"OBJECTID":117,"monitoring":"F10212","monitori_1":"MAIN RIVER AT DUNMORE BRIDGE","river_wate":"GBNI1NB030302150","catchment":"Main","x":308686,"y":389549,"f2015_sites":"Yes","f2018_sites":"Yes","f2021_sites":"Yes","GlobalID":"862a0d48-f86f-487b-a0c8-98c7e2460323"}},{"type":"Feature","id":118,"geometry":{"type":"Point","coordinates":[307657,402282]},"properties":{"OBJECTID":118,"monitoring":"F10213","monitori_1":"MAIN RIVER AT GRACEHILL BRIDGE","river_wate":"GBNI1NB030302158","catchment":"Main","x":307657,"y":402282,"f2015_sites":"Yes","f2018_sites":"Yes","f2021_sites":"Yes","GlobalID":"37ad3640-4266-4300-924d-c6b63a0e48b4"}},{"type":"Feature","id":119,"geometry":{"type":"Point","coordinates":[305684,412965]},"properties":{"OBJECTID":119,"monitoring":"F10214","monitori_1":"MAIN RIVER AT DUNDERMOT BRIDGE","river_wate":"GBNI1NB030308210","catchment":"Main","x":305684,"y":412965,"f2015_sites":"Yes","f2018_sites":"Yes","f2021_sites":"Yes","GlobalID":"515a357c-229f-47dd-b130-0b3731fc40c5"}},{"type":"Feature","id":120,"geometry":{"type":"Point","coordinates":[310497,397113]},"properties":{"OBJECTID":120,"monitoring":"F10215","monitori_1":"KELLSWATER RIVER AT CURRYS BRIDGE","river_wate":"GBNI1NB030302014","catchment":"Main","x":310497,"y":397113,"f2015_sites":"Yes","f2018_sites":"Yes","f2021_sites":"Yes","GlobalID":"f5508a05-01aa-4654-acbf-dfc68357807a"}},{"type":"Feature","id":121,"geometry":{"type":"Point","coordinates":[316008,398245]},"properties":{"OBJECTID":121,"monitoring":"F10216","monitori_1":"KELLSWATER RIVER AT ROCK BRIDGE","river_wate":"GBNI1NB030302161","catchment":"Main","x":316008,"y":398245,"f2015_sites":"Yes","f2018_sites":"Yes","f2021_sites":"Yes","GlobalID":"165426c1-01fe-4c25-8db1-e3f6bae662ef"}},{"type":"Feature","id":122,"geometry":{"type":"Point","coordinates":[309122,401724]},"properties":{"OBJECTID":122,"monitoring":"F10217","monitori_1":"BRAID RIVER AT TULLAGHGARLEY BRIDGE","river_wate":"GBNI1NB030302018","catchment":"Main","x":309122,"y":401724,"f2015_sites":"Yes","f2018_sites":"Yes","f2021_sites":"Yes","GlobalID":"8d3c7a57-f137-4a71-8cfb-10a7538bb1ac"}},{"type":"Feature","id":123,"geometry":{"type":"Point","coordinates":[306197,413103]},"properties":{"OBJECTID":123,"monitoring":"F10220","monitori_1":"CLOGH RIVER AT GLARRYFORD BRIDGE","river_wate":"GBNI1NB030308211","catchment":"Main","x":306197,"y":413103,"f2015_sites":"Yes","f2018_sites":"Yes","f2021_sites":"Yes","GlobalID":"c46a689a-41b4-405a-8800-78214237236b"}},{"type":"Feature","id":124,"geometry":{"type":"Point","coordinates":[331116,393689]},"properties":{"OBJECTID":124,"monitoring":"F10222","monitori_1":"CASTLE WATER AT HILLIS BRIDGE","river_wate":"GBNI1NB030305203","catchment":"Six Mile Water","x":331116,"y":393689,"f2015_sites":"Yes","f2018_sites":"Yes","f2021_sites":"Yes","GlobalID":"c1ef0e47-45aa-40ae-9d15-6566da7c030a"}},{"type":"Feature","id":125,"geometry":{"type":"Point","coordinates":[329428,390961]},"properties":{"OBJECTID":125,"monitoring":"F10223","monitori_1":"GREEN BURN AT MILLVALE","river_wate":"GBNI1NB030305204","catchment":"Six Mile Water","x":329428,"y":390961,"f2015_sites":"Yes","f2018_sites":"Yes","f2021_sites":"Yes","GlobalID":"24639caa-b9ea-494b-a669-d6d43feebdf6"}},{"type":"Feature","id":126,"geometry":{"type":"Point","coordinates":[313460,388868]},"properties":{"OBJECTID":126,"monitoring":"F10224","monitori_1":"FERGUSON WATER (PLASKETS FEEDER) AT KILBEGS","river_wate":"GBNI1NB030305162","catchment":"Six Mile Water","x":313460,"y":388868,"f2015_sites":"Yes","f2018_sites":"Yes","f2021_sites":"Yes","GlobalID":"ba6dc904-b222-43c9-9c32-dc7e091e071a"}},{"type":"Feature","id":127,"geometry":{"type":"Point","coordinates":[325808,393529]},"properties":{"OBJECTID":127,"monitoring":"F10227","monitori_1":"DOAGH RIVER TRIBUTARY AT DIXONS CORNER","river_wate":"GBNI1NB030308215","catchment":"Six Mile Water","x":325808,"y":393529,"f2015_sites":"Yes","f2018_sites":"Yes","f2021_sites":"Yes","GlobalID":"1859cd8b-5d62-46fa-ad18-f2bc7321e334"}},{"type":"Feature","id":128,"geometry":{"type":"Point","coordinates":[326267,388347]},"properties":{"OBJECTID":128,"monitoring":"F10230","monitori_1":"LISNALINCHY BURN AT BALLYWALTER BRIDGE","river_wate":"GBNI1NB030305205","catchment":"Six Mile Water","x":326267,"y":388347,"f2015_sites":"Yes","f2018_sites":"Yes","f2021_sites":"Yes","GlobalID":"3b6f4aa8-d7a6-44ca-b74e-74aac0868c80"}},{"type":"Feature","id":129,"geometry":{"type":"Point","coordinates":[331490,395001]},"properties":{"OBJECTID":129,"monitoring":"F10231","monitori_1":"SIX MILE WATER AT BALLYBOLEY BRIDGE","river_wate":"GBNI1NB030305202","catchment":"Six Mile Water","x":331490,"y":395001,"f2015_sites":"Yes","f2018_sites":"Yes","f2021_sites":"Yes","GlobalID":"731eb26f-e244-4723-8139-891e921eb14f"}},{"type":"Feature","id":130,"geometry":{"type":"Point","coordinates":[314010,388770]},"properties":{"OBJECTID":130,"monitoring":"F10232","monitori_1":"HOLYWELL BURN AT DUNSILLY","river_wate":"GBNI1NB030305162","catchment":"Six Mile Water","x":314010,"y":388770,"f2015_sites":"Yes","f2018_sites":"Yes","f2021_sites":"Yes","GlobalID":"a7168bfd-851a-435d-9100-1330de31fe3a"}},{"type":"Feature","id":131,"geometry":{"type":"Point","coordinates":[314383,386827]},"properties":{"OBJECTID":131,"monitoring":"F10233","monitori_1":"SIX MILE WATER AT CASTLE FARM BRIDGE, ANTRIM","river_wate":"GBNI1NB030305122","catchment":"Six Mile Water","x":314383,"y":386827,"f2015_sites":"Yes","f2018_sites":"Yes","f2021_sites":"Yes","GlobalID":"fc955678-f805-44a8-b594-4d4dc27b962e"}},{"type":"Feature","id":132,"geometry":{"type":"Point","coordinates":[319741,385364]},"properties":{"OBJECTID":132,"monitoring":"F10234","monitori_1":"RATHMORE BURN AT RATHMORE BRIDGE","river_wate":"GBNI1NB030305124","catchment":"Six Mile Water","x":319741,"y":385364,"f2015_sites":"Yes","f2018_sites":"Yes","f2021_sites":"Yes","GlobalID":"02c03a29-74dd-4893-b971-e4e43e269f8b"}},{"type":"Feature","id":133,"geometry":{"type":"Point","coordinates":[322901,386721]},"properties":{"OBJECTID":133,"monitoring":"F10235","monitori_1":"SIX MILE WATER AT SIXMILEWATER BRIDGE","river_wate":"GBNI1NB030305122","catchment":"Six Mile Water","x":322901,"y":386721,"f2015_sites":"Yes","f2018_sites":"No","f2021_sites":"No","GlobalID":"e6b31753-ef96-4ab2-9420-03b90239aff9"}},{"type":"Feature","id":134,"geometry":{"type":"Point","coordinates":[323466,388535]},"properties":{"OBJECTID":134,"monitoring":"F10236","monitori_1":"FOUR MILE BURN AT FIFTY ACRES","river_wate":"GBNI1NB030305128","catchment":"Six Mile Water","x":323466,"y":388535,"f2015_sites":"Yes","f2018_sites":"Yes","f2021_sites":"Yes","GlobalID":"e5b46b3a-3280-4eed-a47f-f2a06016832d"}},{"type":"Feature","id":135,"geometry":{"type":"Point","coordinates":[328456,390263]},"properties":{"OBJECTID":135,"monitoring":"F10238","monitori_1":"SIX MILE WATER BELOW BALLYCLARE","river_wate":"GBNI1NB030305204","catchment":"Six Mile Water","x":328456,"y":390263,"f2015_sites":"Yes","f2018_sites":"Yes","f2021_sites":"Yes","GlobalID":"76ecae29-b452-4f35-8b48-e701ce7485dc"}},{"type":"Feature","id":136,"geometry":{"type":"Point","coordinates":[319307,384678]},"properties":{"OBJECTID":136,"monitoring":"F10239","monitori_1":"CLADY WATER AT DUNADRY ROAD BRIDGE","river_wate":"GBNI1NB030305207","catchment":"Six Mile Water","x":319307,"y":384678,"f2015_sites":"Yes","f2018_sites":"Yes","f2021_sites":"Yes","GlobalID":"c1d86509-6987-49ec-8b6f-b159e3850389"}},{"type":"Feature","id":137,"geometry":{"type":"Point","coordinates":[323019,386559]},"properties":{"OBJECTID":137,"monitoring":"F10240","monitori_1":"BALLYMARTIN WATER AT BALLYMARTIN WATER BRIDGE","river_wate":"GBNI1NB030305206","catchment":"Six Mile Water","x":323019,"y":386559,"f2015_sites":"Yes","f2018_sites":"Yes","f2021_sites":"Yes","GlobalID":"be5e30fd-e178-4b22-8b30-dc9046723d0a"}},{"type":"Feature","id":138,"geometry":{"type":"Point","coordinates":[325839,389564]},"properties":{"OBJECTID":138,"monitoring":"F10241","monitori_1":"DOAGH RIVER AT DOAGH","river_wate":"GBNI1NB030308215","catchment":"Six Mile Water","x":325839,"y":389564,"f2015_sites":"Yes","f2018_sites":"Yes","f2021_sites":"Yes","GlobalID":"4ecd14b2-fbd0-4cc2-9595-f5d1b7c3152e"}},{"type":"Feature","id":139,"geometry":{"type":"Point","coordinates":[326006,393442]},"properties":{"OBJECTID":139,"monitoring":"F10242","monitori_1":"DOAGH RIVER AT DUNAMOY","river_wate":"GBNI1NB030308215","catchment":"Six Mile Water","x":326006,"y":393442,"f2015_sites":"Yes","f2018_sites":"Yes","f2021_sites":"Yes","GlobalID":"a5a44a09-bdfb-4328-a344-d91014fc18f0"}},{"type":"Feature","id":140,"geometry":{"type":"Point","coordinates":[313537,376610]},"properties":{"OBJECTID":140,"monitoring":"F10244","monitori_1":"CRUMLIN RIVER AT CIDERCOURT BRIDGE","river_wate":"GBNI1NB030306087","catchment":"Crumlin","x":313537,"y":376610,"f2015_sites":"Yes","f2018_sites":"Yes","f2021_sites":"Yes","GlobalID":"cd6db7b4-3ae9-450d-8a26-19f723445230"}},{"type":"Feature","id":141,"geometry":{"type":"Point","coordinates":[319134,376747]},"properties":{"OBJECTID":141,"monitoring":"F10245","monitori_1":"CRUMLIN RIVER AT AIRPORT ROAD BRIDGE","river_wate":"GBNI1NB030308207","catchment":"Crumlin","x":319134,"y":376747,"f2015_sites":"Yes","f2018_sites":"Yes","f2021_sites":"Yes","GlobalID":"253b3f07-fdc8-4d1e-a40d-819c6271b11e"}},{"type":"Feature","id":142,"geometry":{"type":"Point","coordinates":[321819,372847]},"properties":{"OBJECTID":142,"monitoring":"F10246","monitori_1":"RUSHYHILL RIVER AT LEATHEMSTOWN","river_wate":"GBNI1NB030308208","catchment":"Glenavy","x":321819,"y":372847,"f2015_sites":"Yes","f2018_sites":"Yes","f2021_sites":"Yes","GlobalID":"ba7b5d7c-3100-4921-bf13-1f61a289bfb4"}},{"type":"Feature","id":143,"geometry":{"type":"Point","coordinates":[320253,372197]},"properties":{"OBJECTID":143,"monitoring":"F10247","monitori_1":"STONYFORD RIVER AT THE Y BRIDGE","river_wate":"GBNI1NB030308208","catchment":"Glenavy","x":320253,"y":372197,"f2015_sites":"Yes","f2018_sites":"Yes","f2021_sites":"Yes","GlobalID":"cd728cff-c130-4b03-b791-8a46c5ef78de"}},{"type":"Feature","id":144,"geometry":{"type":"Point","coordinates":[313871,372533]},"properties":{"OBJECTID":144,"monitoring":"F10248","monitori_1":"GLENAVY RIVER AT LEAP BRIDGE","river_wate":"GBNI1NB030308208","catchment":"Glenavy","x":313871,"y":372533,"f2015_sites":"Yes","f2018_sites":"Yes","f2021_sites":"Yes","GlobalID":"98995c2b-a7f2-4364-b070-527f73d1391d"}},{"type":"Feature","id":145,"geometry":{"type":"Point","coordinates":[317986,374312]},"properties":{"OBJECTID":145,"monitoring":"F10249","monitori_1":"GLENAVY RIVER AT BALLYDONAGHY BRIDGE","river_wate":"GBNI1NB030308208","catchment":"Glenavy","x":317986,"y":374312,"f2015_sites":"Yes","f2018_sites":"Yes","f2021_sites":"Yes","GlobalID":"a3812cb5-e211-4e94-ad30-583c4c43f605"}},{"type":"Feature","id":146,"geometry":{"type":"Point","coordinates":[323311,327708]},"properties":{"OBJECTID":146,"monitoring":"F10250","monitori_1":"ROCKY RIVER AT ROCKY RIVER BRIDGE","river_wate":"GBNI1NB030308101","catchment":"Upper Bann","x":323311,"y":327708,"f2015_sites":"Yes","f2018_sites":"Yes","f2021_sites":"Yes","GlobalID":"a711d25a-5b1c-4065-ac2f-7282bed57257"}},{"type":"Feature","id":147,"geometry":{"type":"Point","coordinates":[298770,331729]},"properties":{"OBJECTID":147,"monitoring":"F10251","monitori_1":"WHITECROSS STREAM AT WHITECROSS","river_wate":"GBNI1NB030308113","catchment":"Upper Bann","x":298770,"y":331729,"f2015_sites":"Yes","f2018_sites":"Yes","f2021_sites":"Yes","GlobalID":"b64d5ddb-2fb5-4c5c-9a4b-f04b5d4054e8"}},{"type":"Feature","id":148,"geometry":{"type":"Point","coordinates":[323936,328946]},"properties":{"OBJECTID":148,"monitoring":"F10252","monitori_1":"KINNAHALLA RIVER ABOVE NEW BRIDGE","river_wate":"GBNI1NB030308219","catchment":"Upper Bann","x":323936,"y":328946,"f2015_sites":"Yes","f2018_sites":"Yes","f2021_sites":"Yes","GlobalID":"02244767-a24a-43c8-b3b4-8daa75de74a0"}},{"type":"Feature","id":149,"geometry":{"type":"Point","coordinates":[300148,333611]},"properties":{"OBJECTID":149,"monitoring":"F10256","monitori_1":"CUSHER RIVER AT McCREEDYS BRIDGE","river_wate":"GBNI1NB030308216","catchment":"Upper Bann","x":300148,"y":333611,"f2015_sites":"Yes","f2018_sites":"Yes","f2021_sites":"No","GlobalID":"812ab737-270e-47bd-9dfe-b2fb4a2d96c9"}},{"type":"Feature","id":150,"geometry":{"type":"Point","coordinates":[298711,336771]},"properties":{"OBJECTID":150,"monitoring":"F10260","monitori_1":"MOWHAN RIVER AT DERRYCUGHAN","river_wate":"GBNI1NB030308120","catchment":"Upper Bann","x":298711,"y":336771,"f2015_sites":"Yes","f2018_sites":"Yes","f2021_sites":"Yes","GlobalID":"5a9d03ed-3343-4b81-b0c5-c58e6dda88c0"}},{"type":"Feature","id":151,"geometry":{"type":"Point","coordinates":[319202,342906]},"properties":{"OBJECTID":151,"monitoring":"F10261","monitori_1":"EEL BURN (UPPER BANN) ABOVE POLANDS BRIDGE","river_wate":"GBNI1NB030308186","catchment":"Upper Bann","x":319202,"y":342906,"f2015_sites":"Yes","f2018_sites":"Yes","f2021_sites":"Yes","GlobalID":"caeb500c-69df-47f3-aa5e-6aa93893d60a"}},{"type":"Feature","id":152,"geometry":{"type":"Point","coordinates":[322642,338757]},"properties":{"OBJECTID":152,"monitoring":"F10262","monitori_1":"DRUMADONNELL RIVER AT BALLYRONEY ROAD","river_wate":"GBNI1NB030308187","catchment":"Upper Bann","x":322642,"y":338757,"f2015_sites":"Yes","f2018_sites":"Yes","f2021_sites":"Yes","GlobalID":"d411c142-b497-44c6-a7e6-c0eec316baac"}},{"type":"Feature","id":153,"geometry":{"type":"Point","coordinates":[299194,336272]},"properties":{"OBJECTID":153,"monitoring":"F10263","monitori_1":"CUSHER RIVER TRIBUTARY AT MOUNTNORRIS","river_wate":"GBNI1NB030308216","catchment":"Upper Bann","x":299194,"y":336272,"f2015_sites":"Yes","f2018_sites":"Yes","f2021_sites":"Yes","GlobalID":"1d3cb585-17c8-4267-8b84-b8616b737b26"}},{"type":"Feature","id":154,"geometry":{"type":"Point","coordinates":[321759,328522]},"properties":{"OBJECTID":154,"monitoring":"F10265","monitori_1":"LEITRIM RIVER AT LEITRIM BRIDGE","river_wate":"GBNI1NB030308102","catchment":"Upper Bann","x":321759,"y":328522,"f2015_sites":"Yes","f2018_sites":"Yes","f2021_sites":"Yes","GlobalID":"6dd14551-3433-4e70-9641-2afd773d6a70"}},{"type":"Feature","id":155,"geometry":{"type":"Point","coordinates":[301053,335472]},"properties":{"OBJECTID":155,"monitoring":"F10266","monitori_1":"LOUGHGILLY RIVER AT BALLYGORMAN","river_wate":"GBNI1NB030308118","catchment":"Upper Bann","x":301053,"y":335472,"f2015_sites":"Yes","f2018_sites":"Yes","f2021_sites":"No","GlobalID":"b2a13921-4c34-4117-90a7-ca82d249b38b"}},{"type":"Feature","id":156,"geometry":{"type":"Point","coordinates":[300371,351678]},"properties":{"OBJECTID":156,"monitoring":"F10267","monitori_1":"ANNAGH RIVER AT MAGHON","river_wate":"GBNI1NB030308091","catchment":"Upper Bann","x":300371,"y":351678,"f2015_sites":"Yes","f2018_sites":"Yes","f2021_sites":"Yes","GlobalID":"173c87d8-0196-40f0-91dc-af455ce1c1f7"}},{"type":"Feature","id":157,"geometry":{"type":"Point","coordinates":[301663,359057]},"properties":{"OBJECTID":157,"monitoring":"F10269","monitori_1":"UPPER BANN BELOW MOTORWAY BRIDGE","river_wate":"GBNI1NB030308243","catchment":"Upper Bann","x":301663,"y":359057,"f2015_sites":"Yes","f2018_sites":"No","f2021_sites":"No","GlobalID":"e61147d3-5b30-45b1-bba3-9311dcf41821"}},{"type":"Feature","id":158,"geometry":{"type":"Point","coordinates":[301267,354330]},"properties":{"OBJECTID":158,"monitoring":"F10270","monitori_1":"UPPER BANN AT SHILLINGTON BRIDGE","river_wate":"GBNI1NB030308243","catchment":"Upper Bann","x":301267,"y":354330,"f2015_sites":"Yes","f2018_sites":"No","f2021_sites":"No","GlobalID":"5d708992-bff9-47a6-aff7-3a80ebef82ec"}},{"type":"Feature","id":159,"geometry":{"type":"Point","coordinates":[304186,351122]},"properties":{"OBJECTID":159,"monitoring":"F10271","monitori_1":"UPPER BANN AT DYNES BRIDGE","river_wate":"GBNI1NB030308256","catchment":"Upper Bann","x":304186,"y":351122,"f2015_sites":"Yes","f2018_sites":"Yes","f2021_sites":"Yes","GlobalID":"ad393706-27a6-406e-bd7c-5522b05b10cb"}},{"type":"Feature","id":160,"geometry":{"type":"Point","coordinates":[310008,349114]},"properties":{"OBJECTID":160,"monitoring":"F10273","monitori_1":"UPPER BANN AT LAWRENCETOWN","river_wate":"GBNI1NB030308256","catchment":"Upper Bann","x":310008,"y":349114,"f2015_sites":"Yes","f2018_sites":"Yes","f2021_sites":"Yes","GlobalID":"51832a4a-ce44-4f84-8054-b2792cd0be20"}},{"type":"Feature","id":161,"geometry":{"type":"Point","coordinates":[313780,345007]},"properties":{"OBJECTID":161,"monitoring":"F10277","monitori_1":"UPPER BANN AT BALLYDOWN","river_wate":"GBNI1NB030308256","catchment":"Upper Bann","x":313780,"y":345007,"f2015_sites":"Yes","f2018_sites":"Yes","f2021_sites":"Yes","GlobalID":"75cccb04-f757-48a8-acf7-1092a59a6fa2"}},{"type":"Feature","id":162,"geometry":{"type":"Point","coordinates":[316857,344215]},"properties":{"OBJECTID":162,"monitoring":"F10278","monitori_1":"TULLYORIOR TRIBUTARY AT TULLYORIOR ROAD BRIDGE","river_wate":"GBNI1NB030308117","catchment":"Upper Bann","x":316857,"y":344215,"f2015_sites":"Yes","f2018_sites":"Yes","f2021_sites":"Yes","GlobalID":"5d9f00ae-df3c-4051-a469-0eaa06c587c0"}},{"type":"Feature","id":163,"geometry":{"type":"Point","coordinates":[320913,340795]},"properties":{"OBJECTID":163,"monitoring":"F10280","monitori_1":"UPPER BANN AT KATE MCKAYS BRIDGE","river_wate":"GBNI1NB030308256","catchment":"Upper Bann","x":320913,"y":340795,"f2015_sites":"Yes","f2018_sites":"Yes","f2021_sites":"Yes","GlobalID":"6352de90-8f2b-4725-afef-c6fbc1c3f515"}},{"type":"Feature","id":164,"geometry":{"type":"Point","coordinates":[323463,334117]},"properties":{"OBJECTID":164,"monitoring":"F10283","monitori_1":"MUDDOCK RIVER AT MUDDOCK BRIDGE","river_wate":"GBNI1NB030308188","catchment":"Upper Bann","x":323463,"y":334117,"f2015_sites":"Yes","f2018_sites":"Yes","f2021_sites":"Yes","GlobalID":"7ec7ce53-e6a8-427e-8daa-68ed1b174215"}},{"type":"Feature","id":165,"geometry":{"type":"Point","coordinates":[323183,333077]},"properties":{"OBJECTID":165,"monitoring":"F10286","monitori_1":"UPPER BANN AT MC COMBS BRIDGE","river_wate":"GBNI1NB030308100","catchment":"Upper Bann","x":323183,"y":333077,"f2015_sites":"Yes","f2018_sites":"Yes","f2021_sites":"Yes","GlobalID":"87b16dda-eb23-4e0f-be1a-15225b939ee1"}},{"type":"Feature","id":166,"geometry":{"type":"Point","coordinates":[300060,354572]},"properties":{"OBJECTID":166,"monitoring":"F10292","monitori_1":"BALLYBAY RIVER AT OBINS STREET, PORTADOWN","river_wate":"GBNI1NB030308110","catchment":"Upper Bann","x":300060,"y":354572,"f2015_sites":"Yes","f2018_sites":"Yes","f2021_sites":"Yes","GlobalID":"a4d51726-27e9-4874-bc1d-da992ddbe183"}},{"type":"Feature","id":167,"geometry":{"type":"Point","coordinates":[303882,350781]},"properties":{"OBJECTID":167,"monitoring":"F10295","monitori_1":"CUSHER RIVER AT KNOCK BRIDGE","river_wate":"GBNI1NB030308218","catchment":"Upper Bann","x":303882,"y":350781,"f2015_sites":"Yes","f2018_sites":"Yes","f2021_sites":"Yes","GlobalID":"d9c6c835-a556-4e7e-a87a-a03ef0332634"}},{"type":"Feature","id":168,"geometry":{"type":"Point","coordinates":[299804,329552]},"properties":{"OBJECTID":168,"monitoring":"F10300","monitori_1":"CUSHER RIVER AT CAPTAINS BRIDGE","river_wate":"GBNI1NB030308114","catchment":"Upper Bann","x":299804,"y":329552,"f2015_sites":"Yes","f2018_sites":"Yes","f2021_sites":"Yes","GlobalID":"4ce0dce7-f455-4649-b17a-8a8c500f6d1b"}},{"type":"Feature","id":169,"geometry":{"type":"Point","coordinates":[266683,351991]},"properties":{"OBJECTID":169,"monitoring":"F10301","monitori_1":"BLACKWATER RIVER TRIB AT AUGHNACLOY","river_wate":"GBNI1NB030307041","catchment":"Blackwater","x":266683,"y":351991,"f2015_sites":"Yes","f2018_sites":"Yes","f2021_sites":"Yes","GlobalID":"c20e28bd-1ba5-4fb9-a2c4-b61690d4629d"}},{"type":"Feature","id":170,"geometry":{"type":"Point","coordinates":[255785,354579]},"properties":{"OBJECTID":170,"monitoring":"F10303","monitori_1":"KNOCKMANY BURN (B'WATER) AT FOOTBRIDGE, GLENHOY RD BR","river_wate":"GBNI1NB030307242","catchment":"Blackwater","x":255785,"y":354579,"f2015_sites":"Yes","f2018_sites":"Yes","f2021_sites":"Yes","GlobalID":"86da8378-1b82-463f-b3fa-84152fdd05fd"}},{"type":"Feature","id":171,"geometry":{"type":"Point","coordinates":[271032,348185]},"properties":{"OBJECTID":171,"monitoring":"F10304","monitori_1":"CRILLY FEEDER AT DUNMACMAY","river_wate":"GBNI1NB030307042","catchment":"Blackwater","x":271032,"y":348185,"f2015_sites":"Yes","f2018_sites":"Yes","f2021_sites":"Yes","GlobalID":"63033d2f-b1fd-4a4d-afe4-e8bc86c9871d"}},{"type":"Feature","id":172,"geometry":{"type":"Point","coordinates":[252974,352040]},"properties":{"OBJECTID":172,"monitoring":"F10307","monitori_1":"BLACKWATER RIVER TRIB AT LISBOY","river_wate":"GBNI1NB030307239","catchment":"Blackwater","x":252974,"y":352040,"f2015_sites":"Yes","f2018_sites":"Yes","f2021_sites":"Yes","GlobalID":"823b7d85-ab16-4dbb-a99b-4004a47bf12e"}},{"type":"Feature","id":173,"geometry":{"type":"Point","coordinates":[252468,353475]},"properties":{"OBJECTID":173,"monitoring":"F10309","monitori_1":"BLACKWATER RIVER TRIBUTARY AT KILLYFADDY","river_wate":"GBNI1NB030307243","catchment":"Blackwater","x":252468,"y":353475,"f2015_sites":"Yes","f2018_sites":"Yes","f2021_sites":"Yes","GlobalID":"b2ad7ad8-feb6-42e5-ad4f-7317fd6a9717"}},{"type":"Feature","id":174,"geometry":{"type":"Point","coordinates":[274940,338727]},"properties":{"OBJECTID":174,"monitoring":"F10310","monitori_1":"COR RIVER TRIBUTARY ABOVE MIDDLETOWN STW","river_wate":"GBNI1NB030307096","catchment":"Blackwater","x":274940,"y":338727,"f2015_sites":"Yes","f2018_sites":"Yes","f2021_sites":"Yes","GlobalID":"c7811731-ae3d-4503-a6df-826a7fbf51f4"}},{"type":"Feature","id":175,"geometry":{"type":"Point","coordinates":[286630,360761]},"properties":{"OBJECTID":175,"monitoring":"F10311","monitori_1":"TAMNAMORE STREAM AT TAMNAMORE","river_wate":"GBNI1NB030307050","catchment":"Blackwater","x":286630,"y":360761,"f2015_sites":"Yes","f2018_sites":"Yes","f2021_sites":"Yes","GlobalID":"bbb48dec-1218-40be-9d63-031309b63a99"}},{"type":"Feature","id":176,"geometry":{"type":"Point","coordinates":[258628,354932]},"properties":{"OBJECTID":176,"monitoring":"F10312","monitori_1":"BLACKWATER RIVER TRIB AT FOOTBRIDGE D/S ROUGHAN BRIDGE","river_wate":"GBNI1NB030307180","catchment":"Blackwater","x":258628,"y":354932,"f2015_sites":"Yes","f2018_sites":"Yes","f2021_sites":"Yes","GlobalID":"d3338fb2-7b38-4251-a0a2-2c12bdf4b460"}},{"type":"Feature","id":177,"geometry":{"type":"Point","coordinates":[286975,337139]},"properties":{"OBJECTID":177,"monitoring":"F10314","monitori_1":"BALLYMACONE RIVER AT CALLAN CONFLUENCE","river_wate":"GBNI1NB030307111","catchment":"Blackwater","x":286975,"y":337139,"f2015_sites":"Yes","f2018_sites":"Yes","f2021_sites":"Yes","GlobalID":"e672d77b-cbb4-4dd9-8b22-ebeb8a9e7dd5"}},{"type":"Feature","id":178,"geometry":{"type":"Point","coordinates":[275563,362708]},"properties":{"OBJECTID":178,"monitoring":"F10315","monitori_1":"TORRENT RIVER AT CASTLECAULFIELD","river_wate":"GBNI1NB030308222","catchment":"Blackwater","x":275563,"y":362708,"f2015_sites":"Yes","f2018_sites":"No","f2021_sites":"No","GlobalID":"69b12825-f616-4ceb-bdc7-e18ca870561e"}},{"type":"Feature","id":179,"geometry":{"type":"Point","coordinates":[286855,334329]},"properties":{"OBJECTID":179,"monitoring":"F10316","monitori_1":"CALLAN RIVER AT DUNDRUM","river_wate":"GBNI1NB030307112","catchment":"Blackwater","x":286855,"y":334329,"f2015_sites":"Yes","f2018_sites":"Yes","f2021_sites":"Yes","GlobalID":"e94bd42a-884d-47a8-97a8-5cbe7ccd5542"}},{"type":"Feature","id":180,"geometry":{"type":"Point","coordinates":[286279,342902]},"properties":{"OBJECTID":180,"monitoring":"F10317","monitori_1":"BUTTER WATER AT BALLYNAHONE BRIDGE","river_wate":"GBNI1NB030307048","catchment":"Blackwater","x":286279,"y":342902,"f2015_sites":"Yes","f2018_sites":"Yes","f2021_sites":"Yes","GlobalID":"69139886-6de9-4870-af82-f6ac3482c347"}},{"type":"Feature","id":181,"geometry":{"type":"Point","coordinates":[287476,346843]},"properties":{"OBJECTID":181,"monitoring":"F10318","monitori_1":"KILLEEN WATER AT ST LUKE'S HOSPITAL","river_wate":"GBNI1NB030307109","catchment":"Blackwater","x":287476,"y":346843,"f2015_sites":"Yes","f2018_sites":"Yes","f2021_sites":"Yes","GlobalID":"2c84a7d2-d0fd-4138-ac13-81bb1c0db516"}},{"type":"Feature","id":182,"geometry":{"type":"Point","coordinates":[279358,340557]},"properties":{"OBJECTID":182,"monitoring":"F10319","monitori_1":"TYNAN RIVER AT BALTEAGH BRIDGE","river_wate":"GBNI1NB030308236","catchment":"Blackwater","x":279358,"y":340557,"f2015_sites":"Yes","f2018_sites":"Yes","f2021_sites":"Yes","GlobalID":"6d0f98c6-20d5-4ca3-a05a-490c45821dbd"}},{"type":"Feature","id":183,"geometry":{"type":"Point","coordinates":[271925,358985]},"properties":{"OBJECTID":183,"monitoring":"F10320","monitori_1":"OONA WATER AT CLONTY BRIDGE","river_wate":"GBNI1NB030308213","catchment":"Blackwater","x":271925,"y":358985,"f2015_sites":"Yes","f2018_sites":"Yes","f2021_sites":"Yes","GlobalID":"7760ad70-449f-4c96-a9fd-a1463b33de55"}},{"type":"Feature","id":184,"geometry":{"type":"Point","coordinates":[277727,356923]},"properties":{"OBJECTID":184,"monitoring":"F10321","monitori_1":"OONA WATER AT PLUCK BRIDGE","river_wate":"GBNI1NB030308217","catchment":"Blackwater","x":277727,"y":356923,"f2015_sites":"Yes","f2018_sites":"Yes","f2021_sites":"Yes","GlobalID":"bce07096-dc8c-4e4b-ae7b-9cb8d449026b"}},{"type":"Feature","id":185,"geometry":{"type":"Point","coordinates":[275397,342884]},"properties":{"OBJECTID":185,"monitoring":"F10323","monitori_1":"COR RIVER AT LEMNAGORE WOOD","river_wate":"GBNI1NB030308245","catchment":"Blackwater","x":275397,"y":342884,"f2015_sites":"Yes","f2018_sites":"Yes","f2021_sites":"Yes","GlobalID":"c43f1d88-110a-4682-9896-3a20589c06f9"}},{"type":"Feature","id":186,"geometry":{"type":"Point","coordinates":[287257,358588]},"properties":{"OBJECTID":186,"monitoring":"F10328","monitori_1":"BLACKWATER RIVER AT BONDS BRIDGE","river_wate":"GBNI1NB030308203","catchment":"Blackwater","x":287257,"y":358588,"f2015_sites":"Yes","f2018_sites":"Yes","f2021_sites":"Yes","GlobalID":"bd96b5cb-8a53-45a0-a1a7-b12e216694ce"}},{"type":"Feature","id":187,"geometry":{"type":"Point","coordinates":[285234,355897]},"properties":{"OBJECTID":187,"monitoring":"F10329","monitori_1":"BLACKWATER RIVER AT MOY","river_wate":"GBNI1NB030308203","catchment":"Blackwater","x":285234,"y":355897,"f2015_sites":"Yes","f2018_sites":"Yes","f2021_sites":"Yes","GlobalID":"b3224a05-daef-41e6-922a-4edbc6e26f56"}},{"type":"Feature","id":188,"geometry":{"type":"Point","coordinates":[281927,351952]},"properties":{"OBJECTID":188,"monitoring":"F10330","monitori_1":"BLACKWATER RIVER AT BENBURB BRIDGE","river_wate":"GBNI1NB030307043","catchment":"Blackwater","x":281927,"y":351952,"f2015_sites":"Yes","f2018_sites":"Yes","f2021_sites":"Yes","GlobalID":"e3ca605f-f5fa-4bab-8a77-76ec1ac5d8c4"}},{"type":"Feature","id":189,"geometry":{"type":"Point","coordinates":[275944,344676]},"properties":{"OBJECTID":189,"monitoring":"F10331","monitori_1":"BLACKWATER RIVER AT CALEDON BRIDGE","river_wate":"GBNI1NB030308204","catchment":"Blackwater","x":275944,"y":344676,"f2015_sites":"Yes","f2018_sites":"Yes","f2021_sites":"Yes","GlobalID":"75617dc0-79ae-42bf-b595-6059ad99c867"}},{"type":"Feature","id":190,"geometry":{"type":"Point","coordinates":[271096,347322]},"properties":{"OBJECTID":190,"monitoring":"F10332","monitori_1":"BLACKWATER RIVER AT BURNS BRIDGE","river_wate":"GBNI1NB030308201","catchment":"Blackwater","x":271096,"y":347322,"f2015_sites":"Yes","f2018_sites":"Yes","f2021_sites":"Yes","GlobalID":"84828fb2-026a-4783-b27a-db6fccfdf54e"}},{"type":"Feature","id":191,"geometry":{"type":"Point","coordinates":[262539,353052]},"properties":{"OBJECTID":191,"monitoring":"F10333","monitori_1":"BLACKWATER RIVER AT DERRYMEEN BRIDGE","river_wate":"GBNI1NB030308223","catchment":"Blackwater","x":262539,"y":353052,"f2015_sites":"Yes","f2018_sites":"Yes","f2021_sites":"Yes","GlobalID":"b4c2831d-5573-4b52-9730-f798494b38a2"}},{"type":"Feature","id":192,"geometry":{"type":"Point","coordinates":[288280,362838]},"properties":{"OBJECTID":192,"monitoring":"F10335","monitori_1":"TORRENT RIVER AT NEW BRIDGE, ANNAGHBEG","river_wate":"GBNI1NB030308243","catchment":"Blackwater","x":288280,"y":362838,"f2015_sites":"Yes","f2018_sites":"No","f2021_sites":"No","GlobalID":"47f3a273-7b7b-4e80-be17-2db8d9ceb740"}},{"type":"Feature","id":193,"geometry":{"type":"Point","coordinates":[281553,367730]},"properties":{"OBJECTID":193,"monitoring":"F10336","monitori_1":"TORRENT RIVER AT NEWMILLS BRIDGE","river_wate":"GBNI1NB030308222","catchment":"Blackwater","x":281553,"y":367730,"f2015_sites":"Yes","f2018_sites":"No","f2021_sites":"No","GlobalID":"742c00c3-f5ca-4b63-93bb-5632c8f0f6f6"}},{"type":"Feature","id":194,"geometry":{"type":"Point","coordinates":[293842,355341]},"properties":{"OBJECTID":194,"monitoring":"F10339","monitori_1":"TALL RIVER AT REDMONDS BRIDGE","river_wate":"GBNI1NB030307129","catchment":"Blackwater","x":293842,"y":355341,"f2015_sites":"Yes","f2018_sites":"Yes","f2021_sites":"Yes","GlobalID":"8959f3a1-245a-4fcb-8c33-271b1af8f708"}},{"type":"Feature","id":195,"geometry":{"type":"Point","coordinates":[294575,346142]},"properties":{"OBJECTID":195,"monitoring":"F10341","monitori_1":"TALL RIVER AT DARBYS BRIDGE","river_wate":"GBNI1NB030308224","catchment":"Blackwater","x":294575,"y":346142,"f2015_sites":"Yes","f2018_sites":"Yes","f2021_sites":"Yes","GlobalID":"7fc92a5c-693d-47e0-a693-a14777947049"}},{"type":"Feature","id":196,"geometry":{"type":"Point","coordinates":[286431,358501]},"properties":{"OBJECTID":196,"monitoring":"F10342","monitori_1":"RHONE RIVER AT CLONTEEVY BRIDGE","river_wate":"GBNI1NB030307036","catchment":"Blackwater","x":286431,"y":358501,"f2015_sites":"Yes","f2018_sites":"Yes","f2021_sites":"Yes","GlobalID":"e0eeed20-4759-4c16-95fd-51303314b97e"}},{"type":"Feature","id":197,"geometry":{"type":"Point","coordinates":[286660,355762]},"properties":{"OBJECTID":197,"monitoring":"F10343","monitori_1":"CALLAN RIVER AT DERRYSCOLLOP","river_wate":"GBNI1NB030308225","catchment":"Blackwater","x":286660,"y":355762,"f2015_sites":"Yes","f2018_sites":"Yes","f2021_sites":"Yes","GlobalID":"726f0528-ec05-49f2-86fd-bd9ebe2f6c29"}},{"type":"Feature","id":198,"geometry":{"type":"Point","coordinates":[285698,339206]},"properties":{"OBJECTID":198,"monitoring":"F10345","monitori_1":"CALLAN RIVER AT PAPER MILL BRIDGE","river_wate":"GBNI1NB030307044","catchment":"Blackwater","x":285698,"y":339206,"f2015_sites":"Yes","f2018_sites":"Yes","f2021_sites":"Yes","GlobalID":"c4db5bf7-d960-45a8-bd20-1a1dc9747704"}},{"type":"Feature","id":199,"geometry":{"type":"Point","coordinates":[278180,353117]},"properties":{"OBJECTID":199,"monitoring":"F10346","monitori_1":"OONA WATER AT OONA BRIDGE","river_wate":"GBNI1NB030308217","catchment":"Blackwater","x":278180,"y":353117,"f2015_sites":"Yes","f2018_sites":"Yes","f2021_sites":"Yes","GlobalID":"cdbfc7cc-2372-4396-9f1d-106c812885c4"}},{"type":"Feature","id":200,"geometry":{"type":"Point","coordinates":[276404,344568]},"properties":{"OBJECTID":200,"monitoring":"F10347","monitori_1":"TYNAN RIVER AT A28 ROAD BRIDGE","river_wate":"GBNI1NB030308236","catchment":"Blackwater","x":276404,"y":344568,"f2015_sites":"Yes","f2018_sites":"Yes","f2021_sites":"Yes","GlobalID":"79a00fb0-0137-4c8b-afd6-f34674191b3c"}},{"type":"Feature","id":201,"geometry":{"type":"Point","coordinates":[262992,353808]},"properties":{"OBJECTID":201,"monitoring":"F10348","monitori_1":"BALLYGAWLEY WATER AT LISMORE BRIDGE","river_wate":"GBNI1NB030307175","catchment":"Blackwater","x":262992,"y":353808,"f2015_sites":"Yes","f2018_sites":"Yes","f2021_sites":"Yes","GlobalID":"5ec4dbd4-fa17-4d45-b5e6-31f60e14c513"}},{"type":"Feature","id":202,"geometry":{"type":"Point","coordinates":[255154,351660]},"properties":{"OBJECTID":202,"monitoring":"F10349","monitori_1":"FURY RIVER AT BELALASTERA BRIDGE","river_wate":"GBNI1NB030307238","catchment":"Blackwater","x":255154,"y":351660,"f2015_sites":"Yes","f2018_sites":"Yes","f2021_sites":"Yes","GlobalID":"9d4f476a-200a-4205-8d79-dc0201ceef3c"}},{"type":"Feature","id":203,"geometry":{"type":"Point","coordinates":[286844,376305]},"properties":{"OBJECTID":203,"monitoring":"F10350","monitori_1":"KINGSMILL STREAM AT KINGSMILL","river_wate":"GBNI1NB030304138","catchment":"Ballinderry","x":286844,"y":376305,"f2015_sites":"Yes","f2018_sites":"Yes","f2021_sites":"Yes","GlobalID":"65fe0563-9e60-4049-8fe0-726f0b332a9c"}},{"type":"Feature","id":204,"geometry":{"type":"Point","coordinates":[278361,377303]},"properties":{"OBJECTID":204,"monitoring":"F10351","monitori_1":"DRUMARD STREAM AT A505 ROAD BRIDGE","river_wate":"GBNI1NB030304056","catchment":"Ballinderry","x":278361,"y":377303,"f2015_sites":"Yes","f2018_sites":"Yes","f2021_sites":"Yes","GlobalID":"ca7af694-260b-499d-bb48-9a94b92b19d5"}},{"type":"Feature","id":205,"geometry":{"type":"Point","coordinates":[273567,378277]},"properties":{"OBJECTID":205,"monitoring":"F10352","monitori_1":"KILDRESS STREAM AT A505 ROAD BRIDGE","river_wate":"GBNI1NB030304054","catchment":"Ballinderry","x":273567,"y":378277,"f2015_sites":"Yes","f2018_sites":"Yes","f2021_sites":"Yes","GlobalID":"806d24c1-e9f5-4d0f-b576-7b6f93dc36e6"}},{"type":"Feature","id":206,"geometry":{"type":"Point","coordinates":[285444,383141]},"properties":{"OBJECTID":206,"monitoring":"F10353","monitori_1":"BALLYMULLY RIVER TRIBUTARY AT THE NOOK","river_wate":"GBNI1NB030304057","catchment":"Ballinderry","x":285444,"y":383141,"f2015_sites":"Yes","f2018_sites":"Yes","f2021_sites":"Yes","GlobalID":"92625f38-e4f5-4576-a556-04f03a283045"}},{"type":"Feature","id":207,"geometry":{"type":"Point","coordinates":[277112,372371]},"properties":{"OBJECTID":207,"monitoring":"F10354","monitori_1":"ROUGH HILL STREAM AT BALLYNAKILLY","river_wate":"GBNI1NB030304177","catchment":"Ballinderry","x":277112,"y":372371,"f2015_sites":"Yes","f2018_sites":"Yes","f2021_sites":"Yes","GlobalID":"1e87745f-51d3-4f0a-8c8b-4aad7e6a8054"}},{"type":"Feature","id":208,"geometry":{"type":"Point","coordinates":[276363,368167]},"properties":{"OBJECTID":208,"monitoring":"F10355","monitori_1":"TULLYARAN TRIBUTARY AT TULNAGALL BRIDGE","river_wate":"GBNI1NB030304181","catchment":"Ballinderry","x":276363,"y":368167,"f2015_sites":"Yes","f2018_sites":"Yes","f2021_sites":"Yes","GlobalID":"8caf9597-22eb-4c7f-b5a5-d657f1dd7f90"}},{"type":"Feature","id":209,"geometry":{"type":"Point","coordinates":[278535,371077]},"properties":{"OBJECTID":209,"monitoring":"F10356","monitori_1":"CLAGGAN RIVER AT LISNANANE BRIDGE","river_wate":"GBNI1NB030304097","catchment":"Ballinderry","x":278535,"y":371077,"f2015_sites":"Yes","f2018_sites":"Yes","f2021_sites":"Yes","GlobalID":"47a686a0-883d-45b7-9ff2-48484725742a"}},{"type":"Feature","id":210,"geometry":{"type":"Point","coordinates":[285633,383306]},"properties":{"OBJECTID":210,"monitoring":"F10357","monitori_1":"BALLYMULLY RIVER AT A29 ROAD BRIDGE","river_wate":"GBNI1NB030304133","catchment":"Ballinderry","x":285633,"y":383306,"f2015_sites":"Yes","f2018_sites":"Yes","f2021_sites":"Yes","GlobalID":"74aaa6ab-5ab2-46e9-906b-25677cda18bf"}},{"type":"Feature","id":211,"geometry":{"type":"Point","coordinates":[272983,379903]},"properties":{"OBJECTID":211,"monitoring":"F10358","monitori_1":"TULNACROSS TRIBUTARY AT BEECH GROVE","river_wate":"GBNI1NB030304176","catchment":"Ballinderry","x":272983,"y":379903,"f2015_sites":"Yes","f2018_sites":"Yes","f2021_sites":"Yes","GlobalID":"4e7b6941-048b-463a-8928-a1f8ab048f5a"}},{"type":"Feature","id":212,"geometry":{"type":"Point","coordinates":[278117,379167]},"properties":{"OBJECTID":212,"monitoring":"F10359","monitori_1":"GORTIN WATER (BALLINDERRY) AT GORTIN BRIDGE","river_wate":"GBNI1NB030304062","catchment":"Ballinderry","x":278117,"y":379167,"f2015_sites":"Yes","f2018_sites":"Yes","f2021_sites":"Yes","GlobalID":"98c3e841-a42f-4cde-ae44-433e6b6747c7"}},{"type":"Feature","id":213,"geometry":{"type":"Point","coordinates":[276381,368222]},"properties":{"OBJECTID":213,"monitoring":"F10360","monitori_1":"COOLMAGHRY TRIBUTARY AT TULNAGALL BRIDGE","river_wate":"GBNI1NB030308232","catchment":"Ballinderry","x":276381,"y":368222,"f2015_sites":"Yes","f2018_sites":"Yes","f2021_sites":"Yes","GlobalID":"83517d0f-2ad3-4ef7-8d7d-66903eb93fe6"}},{"type":"Feature","id":214,"geometry":{"type":"Point","coordinates":[292729,379800]},"properties":{"OBJECTID":214,"monitoring":"F10361","monitori_1":"BALLINDERRY RIVER AT BALLINDERRY BRIDGE","river_wate":"GBNI1NB030304136","catchment":"Ballinderry","x":292729,"y":379800,"f2015_sites":"Yes","f2018_sites":"Yes","f2021_sites":"Yes","GlobalID":"9ab39b27-1ad3-4250-8cd6-803c20456600"}},{"type":"Feature","id":215,"geometry":{"type":"Point","coordinates":[283559,376451]},"properties":{"OBJECTID":215,"monitoring":"F10362","monitori_1":"BALLINDERRY RIVER AT DOORLESS NEW BRIDGE","river_wate":"GBNI1NB030304063","catchment":"Ballinderry","x":283559,"y":376451,"f2015_sites":"Yes","f2018_sites":"Yes","f2021_sites":"No","GlobalID":"44b12618-f6ba-4ef4-86ce-423cbf15a26e"}},{"type":"Feature","id":216,"geometry":{"type":"Point","coordinates":[281248,376456]},"properties":{"OBJECTID":216,"monitoring":"F10363","monitori_1":"BALLINDERRY RIVER AT KINGS BRIDGE","river_wate":"GBNI1NB030308230","catchment":"Ballinderry","x":281248,"y":376456,"f2015_sites":"Yes","f2018_sites":"Yes","f2021_sites":"Yes","GlobalID":"4e89a10d-ee64-4f21-b40b-ab321f6b3f99"}},{"type":"Feature","id":217,"geometry":{"type":"Point","coordinates":[273404,379208]},"properties":{"OBJECTID":217,"monitoring":"F10364","monitori_1":"BALLINDERRY RIVER AT CORKILL BRIDGE","river_wate":"GBNI1NB030308230","catchment":"Ballinderry","x":273404,"y":379208,"f2015_sites":"Yes","f2018_sites":"Yes","f2021_sites":"Yes","GlobalID":"bba8b937-1402-4bed-b3fc-0ce4be1c4c4f"}},{"type":"Feature","id":218,"geometry":{"type":"Point","coordinates":[280591,381624]},"properties":{"OBJECTID":218,"monitoring":"F10366","monitori_1":"LISSAN WATER AT DRUMGRASS BRIDGE","river_wate":"GBNI1NB030308231","catchment":"Ballinderry","x":280591,"y":381624,"f2015_sites":"Yes","f2018_sites":"Yes","f2021_sites":"Yes","GlobalID":"59de8359-9f12-4acc-ae6e-245314b1e494"}},{"type":"Feature","id":219,"geometry":{"type":"Point","coordinates":[287104,378550]},"properties":{"OBJECTID":219,"monitoring":"F10367","monitori_1":"BALLYMULLY RIVER AT BALLYGONNY BRIDGE","river_wate":"GBNI1NB030304134","catchment":"Ballinderry","x":287104,"y":378550,"f2015_sites":"Yes","f2018_sites":"Yes","f2021_sites":"Yes","GlobalID":"20a6718a-3ad9-4614-b5b1-fbc9b26baa81"}},{"type":"Feature","id":220,"geometry":{"type":"Point","coordinates":[282375,375739]},"properties":{"OBJECTID":220,"monitoring":"F10368","monitori_1":"KILLYMOON RIVER AT PRINCE OF WALES BRIDGE","river_wate":"GBNI1NB030304061","catchment":"Ballinderry","x":282375,"y":375739,"f2015_sites":"Yes","f2018_sites":"Yes","f2021_sites":"Yes","GlobalID":"bcb74132-7f27-4b3e-b4aa-e2e93cd8f416"}},{"type":"Feature","id":221,"geometry":{"type":"Point","coordinates":[277339,372328]},"properties":{"OBJECTID":221,"monitoring":"F10369","monitori_1":"ROCK RIVER AT BALLYNAKILLY BRIDGE","river_wate":"GBNI1NB030304177","catchment":"Ballinderry","x":277339,"y":372328,"f2015_sites":"Yes","f2018_sites":"Yes","f2021_sites":"Yes","GlobalID":"abd90353-5d9f-4a76-95d2-cc616d93c130"}},{"type":"Feature","id":222,"geometry":{"type":"Point","coordinates":[284864,399638]},"properties":{"OBJECTID":222,"monitoring":"F10370","monitori_1":"MILLTOWN BURN (MOYOLA) AT A29 ROAD BRIDGE","river_wate":"GBNI1NB030303226","catchment":"Moyola","x":284864,"y":399638,"f2015_sites":"Yes","f2018_sites":"Yes","f2021_sites":"Yes","GlobalID":"2db44d5d-12a9-4638-b0ea-c549d6d9e159"}},{"type":"Feature","id":223,"geometry":{"type":"Point","coordinates":[286553,393251]},"properties":{"OBJECTID":223,"monitoring":"F10371","monitori_1":"LUNEY WATER AT LUNEY BRIDGE","river_wate":"GBNI1NB030308206","catchment":"Moyola","x":286553,"y":393251,"f2015_sites":"Yes","f2018_sites":"Yes","f2021_sites":"Yes","GlobalID":"618e3d64-8cf1-493d-8a16-660f4fc9e306"}},{"type":"Feature","id":224,"geometry":{"type":"Point","coordinates":[279577,396573]},"properties":{"OBJECTID":224,"monitoring":"F10373","monitori_1":"ALTAGOAN RIVER AT BANTY BRIDGE","river_wate":"GBNI1NB030303002","catchment":"Moyola","x":279577,"y":396573,"f2015_sites":"Yes","f2018_sites":"Yes","f2021_sites":"Yes","GlobalID":"5800aef4-ab49-4029-9c81-29d03f6fa077"}},{"type":"Feature","id":225,"geometry":{"type":"Point","coordinates":[275180,392814]},"properties":{"OBJECTID":225,"monitoring":"F10374","monitori_1":"MOYOLA RIVER AT LABBY FORD","river_wate":"GBNI1NB030303241","catchment":"Moyola","x":275180,"y":392814,"f2015_sites":"Yes","f2018_sites":"Yes","f2021_sites":"Yes","GlobalID":"16190011-53ff-4789-90ed-c69f751e1f8a"}},{"type":"Feature","id":226,"geometry":{"type":"Point","coordinates":[276581,393317]},"properties":{"OBJECTID":226,"monitoring":"F10375","monitori_1":"WHITEWATER (MOYOLA) AT WHITEWATER BRIDGE","river_wate":"GBNI1NB030308205","catchment":"Moyola","x":276581,"y":393317,"f2015_sites":"Yes","f2018_sites":"Yes","f2021_sites":"Yes","GlobalID":"de237eaf-6578-4718-98c5-8a026d22312a"}},{"type":"Feature","id":227,"geometry":{"type":"Point","coordinates":[277419,395322]},"properties":{"OBJECTID":227,"monitoring":"F10376","monitori_1":"MOYOLA RIVER AT MOYKEERAN","river_wate":"GBNI1NB030308205","catchment":"Moyola","x":277419,"y":395322,"f2015_sites":"Yes","f2018_sites":"Yes","f2021_sites":"Yes","GlobalID":"5e6dadba-b748-4f53-bdf2-b6ad0042e384"}},{"type":"Feature","id":228,"geometry":{"type":"Point","coordinates":[277423,396655]},"properties":{"OBJECTID":228,"monitoring":"F10377","monitori_1":"DOUGLAS RIVER AT BOHERADAILE BRIDGE","river_wate":"GBNI1NB030303227","catchment":"Moyola","x":277423,"y":396655,"f2015_sites":"Yes","f2018_sites":"Yes","f2021_sites":"Yes","GlobalID":"687c4cfe-3114-4621-9d19-7e2e8df32e45"}},{"type":"Feature","id":229,"geometry":{"type":"Point","coordinates":[272719,393452]},"properties":{"OBJECTID":229,"monitoring":"F10378","monitori_1":"GLENGOMNA WATER AT GLENGOMNA BRIDGE","river_wate":"GBNI1NB030303210","catchment":"Moyola","x":272719,"y":393452,"f2015_sites":"Yes","f2018_sites":"Yes","f2021_sites":"Yes","GlobalID":"1c794e55-11d8-488c-84b3-a48ca65c78ed"}},{"type":"Feature","id":230,"geometry":{"type":"Point","coordinates":[285275,391972]},"properties":{"OBJECTID":230,"monitoring":"F10379","monitori_1":"KEENAGHT WATER AT DESERTMARTIN","river_wate":"GBNI1NB030303004","catchment":"Moyola","x":285275,"y":391972,"f2015_sites":"Yes","f2018_sites":"Yes","f2021_sites":"Yes","GlobalID":"71ffb4bd-6a2d-428c-9c47-e2871fa9b9ee"}},{"type":"Feature","id":231,"geometry":{"type":"Point","coordinates":[295623,390495]},"properties":{"OBJECTID":231,"monitoring":"F10380","monitori_1":"MOYOLA RIVER AT MOYOLA NEW BRIDGE","river_wate":"GBNI1NB030303154","catchment":"Moyola","x":295623,"y":390495,"f2015_sites":"Yes","f2018_sites":"Yes","f2021_sites":"Yes","GlobalID":"c3123af1-a1bf-4b5c-986a-4516c8b79b1f"}},{"type":"Feature","id":232,"geometry":{"type":"Point","coordinates":[293103,391072]},"properties":{"OBJECTID":232,"monitoring":"F10382","monitori_1":"MAGHERAFELT BURN AT GRANIAS BRIDGE","river_wate":"GBNI1NB030303144","catchment":"Moyola","x":293103,"y":391072,"f2015_sites":"Yes","f2018_sites":"Yes","f2021_sites":"Yes","GlobalID":"1ffc892d-e133-4b9d-b8dd-33ec16950f32"}},{"type":"Feature","id":233,"geometry":{"type":"Point","coordinates":[288804,395179]},"properties":{"OBJECTID":233,"monitoring":"F10383","monitori_1":"GRANGE WATER AT CURRAN","river_wate":"GBNI1NB030308206","catchment":"Moyola","x":288804,"y":395179,"f2015_sites":"Yes","f2018_sites":"Yes","f2021_sites":"Yes","GlobalID":"b049fc05-e41f-4564-9a1a-41375a7e025d"}},{"type":"Feature","id":234,"geometry":{"type":"Point","coordinates":[287521,397135]},"properties":{"OBJECTID":234,"monitoring":"F10384","monitori_1":"BACK BURN (MOYOLA) AT WIDOW STEELES BRIDGE","river_wate":"GBNI1NB030303167","catchment":"Moyola","x":287521,"y":397135,"f2015_sites":"Yes","f2018_sites":"Yes","f2021_sites":"Yes","GlobalID":"a48e8101-4c9b-4d15-bc8a-4c67affd8cf8"}},{"type":"Feature","id":235,"geometry":{"type":"Point","coordinates":[292770,371117]},"properties":{"OBJECTID":235,"monitoring":"F10385","monitori_1":"MOURNEVIEW STREAM AT DOWNSTREAM BRIDGE","river_wate":"GBNI1NB030306140","catchment":"Lough Neagh & Peripherals","x":292770,"y":371117,"f2015_sites":"Yes","f2018_sites":"Yes","f2021_sites":"Yes","GlobalID":"3a2122c1-ea4c-4a7d-bd5f-44f2eb09d08b"}},{"type":"Feature","id":236,"geometry":{"type":"Point","coordinates":[294383,383077]},"properties":{"OBJECTID":236,"monitoring":"F10386","monitori_1":"SALTERSTOWN RIVER AT SALTERSTOWN","river_wate":"GBNI1NB030306141","catchment":"Lough Neagh & Peripherals","x":294383,"y":383077,"f2015_sites":"Yes","f2018_sites":"Yes","f2021_sites":"Yes","GlobalID":"4f819cf7-ea1a-4b56-ba31-a759c1e852a9"}},{"type":"Feature","id":237,"geometry":{"type":"Point","coordinates":[313186,368124]},"properties":{"OBJECTID":237,"monitoring":"F10387","monitori_1":"BALLINDERRY (ANTRIM) RIVER AT DRUMART BRIDGE","river_wate":"GBNI1NB030306193","catchment":"Lough Neagh & Peripherals","x":313186,"y":368124,"f2015_sites":"Yes","f2018_sites":"Yes","f2021_sites":"Yes","GlobalID":"0c162fca-6d1b-434c-bceb-9b8355107e38"}},{"type":"Feature","id":238,"geometry":{"type":"Point","coordinates":[296238,377752]},"properties":{"OBJECTID":238,"monitoring":"F10388","monitori_1":"CLUNTOE STREAM AT STANIERDS POINT","river_wate":"GBNI1NB030308243","catchment":"Lough Neagh & Peripherals","x":296238,"y":377752,"f2015_sites":"Yes","f2018_sites":"No","f2021_sites":"No","GlobalID":"a90da3cf-c35b-4ee1-b08e-5287a9a2065c"}},{"type":"Feature","id":239,"geometry":{"type":"Point","coordinates":[294675,385355]},"properties":{"OBJECTID":239,"monitoring":"F10389","monitori_1":"BALLYRONAN STREAM AT BALLYRONAN","river_wate":"GBNI1NB030308243","catchment":"Lough Neagh & Peripherals","x":294675,"y":385355,"f2015_sites":"Yes","f2018_sites":"No","f2021_sites":"No","GlobalID":"3dcdb9e4-1c3f-44e9-af32-0dfe6634d427"}},{"type":"Feature","id":240,"geometry":{"type":"Point","coordinates":[311480,365622]},"properties":{"OBJECTID":240,"monitoring":"F10390","monitori_1":"AGHALEE BURN AT USSHERS BRIDGE","river_wate":"GBNI1NB030308243","catchment":"Lough Neagh & Peripherals","x":311480,"y":365622,"f2015_sites":"Yes","f2018_sites":"No","f2021_sites":"No","GlobalID":"8192050a-0b8c-4db2-af93-430b09d06137"}},{"type":"Feature","id":241,"geometry":{"type":"Point","coordinates":[312249,388622]},"properties":{"OBJECTID":241,"monitoring":"F10391","monitori_1":"MILL BURN (ANTRIM) AT MILLTOWN","river_wate":"GBNI1NB030308243","catchment":"Lough Neagh & Peripherals","x":312249,"y":388622,"f2015_sites":"Yes","f2018_sites":"No","f2021_sites":"No","GlobalID":"dca9dd06-d211-4150-95e3-2a3c9c8cfd93"}},{"type":"Feature","id":242,"geometry":{"type":"Point","coordinates":[313254,370061]},"properties":{"OBJECTID":242,"monitoring":"F10392","monitori_1":"ROOGHAN RIVER AT B12 ROAD BRIDGE","river_wate":"GBNI1NB030306085","catchment":"Lough Neagh & Peripherals","x":313254,"y":370061,"f2015_sites":"Yes","f2018_sites":"Yes","f2021_sites":"Yes","GlobalID":"05eeb10a-63fa-4f1a-8378-f28edc0b9994"}},{"type":"Feature","id":243,"geometry":{"type":"Point","coordinates":[313338,370678]},"properties":{"OBJECTID":243,"monitoring":"F10393","monitori_1":"CREW BURN AT CARROLS BRIDGE","river_wate":"GBNI1NB030306085","catchment":"Lough Neagh & Peripherals","x":313338,"y":370678,"f2015_sites":"Yes","f2018_sites":"Yes","f2021_sites":"Yes","GlobalID":"cc63d5f7-c10c-4ee0-8558-8ce6603d73c8"}},{"type":"Feature","id":244,"geometry":{"type":"Point","coordinates":[289829,367922]},"properties":{"OBJECTID":244,"monitoring":"F10394","monitori_1":"DUCKING STOOL RIVER AT BALLYBEG","river_wate":"GBNI1NB030308243","catchment":"Lough Neagh & Peripherals","x":289829,"y":367922,"f2015_sites":"Yes","f2018_sites":"No","f2021_sites":"No","GlobalID":"5f6afaf7-f498-4da6-b817-20fdc8293798"}},{"type":"Feature","id":245,"geometry":{"type":"Point","coordinates":[314606,382865]},"properties":{"OBJECTID":245,"monitoring":"F10396","monitori_1":"DUNORE RIVER AT UPPER BRIDGE","river_wate":"GBNI1NB030306127","catchment":"Lough Neagh & Peripherals","x":314606,"y":382865,"f2015_sites":"Yes","f2018_sites":"Yes","f2021_sites":"Yes","GlobalID":"a3ed199d-44ce-4fb6-a6bd-ca27eee03996"}},{"type":"Feature","id":246,"geometry":{"type":"Point","coordinates":[312071,380565]},"properties":{"OBJECTID":246,"monitoring":"F10397","monitori_1":"BLACK BURN AT MOUNT COTTAGE","river_wate":"GBNI1NB030308243","catchment":"Lough Neagh & Peripherals","x":312071,"y":380565,"f2015_sites":"Yes","f2018_sites":"No","f2021_sites":"No","GlobalID":"8d35bdd5-1b18-4b9b-808f-2b2372f52bb8"}},{"type":"Feature","id":247,"geometry":{"type":"Point","coordinates":[290024,403026]},"properties":{"OBJECTID":247,"monitoring":"F10404","monitori_1":"GRILLAGH RIVER AT CURDIAN BRIDGE","river_wate":"GBNI1NB030308234","catchment":"Lower Bann","x":290024,"y":403026,"f2015_sites":"Yes","f2018_sites":"Yes","f2021_sites":"Yes","GlobalID":"96e3d388-ad2e-40de-8498-a7f186926125"}},{"type":"Feature","id":248,"geometry":{"type":"Point","coordinates":[295328,406747]},"properties":{"OBJECTID":248,"monitoring":"F10406","monitori_1":"INVERROE WATER AT THE MEEN (A54 ROAD BRIDGE)","river_wate":"GBNI1NB030301068","catchment":"Lower Bann","x":295328,"y":406747,"f2015_sites":"Yes","f2018_sites":"Yes","f2021_sites":"Yes","GlobalID":"e4e297fa-c45f-4680-a602-0dc47f673453"}},{"type":"Feature","id":249,"geometry":{"type":"Point","coordinates":[284153,426941]},"properties":{"OBJECTID":249,"monitoring":"F10407","monitori_1":"SHINNY WATER AT CROSSGARE BRIDGE","river_wate":"GBNI1NB030301076","catchment":"Lower Bann","x":284153,"y":426941,"f2015_sites":"Yes","f2018_sites":"Yes","f2021_sites":"Yes","GlobalID":"9f9d9c0a-92ea-48ec-a4c8-6880fc7fa605"}},{"type":"Feature","id":250,"geometry":{"type":"Point","coordinates":[298781,427583]},"properties":{"OBJECTID":250,"monitoring":"F10409","monitori_1":"BRECKAGH BURN AT BRECKAGH BRIDGE","river_wate":"GBNI1NB030301211","catchment":"Lower Bann","x":298781,"y":427583,"f2015_sites":"Yes","f2018_sites":"Yes","f2021_sites":"Yes","GlobalID":"799a9534-f57b-4102-ac68-fb9c7d8eea90"}},{"type":"Feature","id":251,"geometry":{"type":"Point","coordinates":[279153,412427]},"properties":{"OBJECTID":251,"monitoring":"F10411","monitori_1":"AGIVEY RIVER AT GLEN ULLIN","river_wate":"GBNI1NB030301215","catchment":"Lower Bann","x":279153,"y":412427,"f2015_sites":"Yes","f2018_sites":"Yes","f2021_sites":"Yes","GlobalID":"7eedb6bc-8897-4ad6-97f9-caf2d438651b"}},{"type":"Feature","id":252,"geometry":{"type":"Point","coordinates":[284628,433919]},"properties":{"OBJECTID":252,"monitoring":"F10412","monitori_1":"DUNDOOAN FEEDER AT MARINA, PORTSTEWART RD","river_wate":"GBNI1NB030301222","catchment":"Lower Bann","x":284628,"y":433919,"f2015_sites":"Yes","f2018_sites":"Yes","f2021_sites":"Yes","GlobalID":"6073eabe-9aa3-4336-adff-f7120d5a0189"}},{"type":"Feature","id":253,"geometry":{"type":"Point","coordinates":[292360,423808]},"properties":{"OBJECTID":253,"monitoring":"F10414","monitori_1":"DRUMAWHISKEY RIVER AT DRUMAWHISKEY BRIDGE","river_wate":"GBNI1NB030301147","catchment":"Lower Bann","x":292360,"y":423808,"f2015_sites":"Yes","f2018_sites":"Yes","f2021_sites":"Yes","GlobalID":"08c94729-471c-48db-a2de-9f65619f1696"}},{"type":"Feature","id":254,"geometry":{"type":"Point","coordinates":[278859,434962]},"properties":{"OBJECTID":254,"monitoring":"F10416","monitori_1":"ARTICLAVE RIVER AT ARDINA BRIDGE","river_wate":"GBNI1NB030301221","catchment":"Lower Bann","x":278859,"y":434962,"f2015_sites":"Yes","f2018_sites":"Yes","f2021_sites":"Yes","GlobalID":"89337c35-2af2-4f00-ab62-407dc1342181"}},{"type":"Feature","id":255,"geometry":{"type":"Point","coordinates":[294230,413601]},"properties":{"OBJECTID":255,"monitoring":"F10417","monitori_1":"CULMORE RIVER AT GORTCLANNY","river_wate":"GBNI1NB030301166","catchment":"Lower Bann","x":294230,"y":413601,"f2015_sites":"Yes","f2018_sites":"Yes","f2021_sites":"Yes","GlobalID":"63acc51d-a8cc-4efa-addc-b7926c4325b3"}},{"type":"Feature","id":256,"geometry":{"type":"Point","coordinates":[288919,419079]},"properties":{"OBJECTID":256,"monitoring":"F10419","monitori_1":"MAYOGHILL RIVER AT CAHENY BRIDGE","river_wate":"GBNI1NB030301072","catchment":"Lower Bann","x":288919,"y":419079,"f2015_sites":"Yes","f2018_sites":"Yes","f2021_sites":"Yes","GlobalID":"62d94d7e-862a-439a-b932-3e8877d2d444"}},{"type":"Feature","id":257,"geometry":{"type":"Point","coordinates":[300022,393350]},"properties":{"OBJECTID":257,"monitoring":"F10420","monitori_1":"DOORISH POINT STREAM AT DRUMRAYMOND","river_wate":"GBNI1NB030301153","catchment":"Lower Bann","x":300022,"y":393350,"f2015_sites":"Yes","f2018_sites":"Yes","f2021_sites":"Yes","GlobalID":"a07c7e7f-9a01-4b6d-9fd2-401cde563198"}},{"type":"Feature","id":258,"geometry":{"type":"Point","coordinates":[299345,397227]},"properties":{"OBJECTID":258,"monitoring":"F10421","monitori_1":"MULLAGHARDRY POINT STREAM AT MULLAGHARDRY","river_wate":"GBNI1NB030301152","catchment":"Lower Bann","x":299345,"y":397227,"f2015_sites":"Yes","f2018_sites":"Yes","f2021_sites":"Yes","GlobalID":"1004fc15-9ad1-4e8d-a137-24cde9f0048f"}},{"type":"Feature","id":259,"geometry":{"type":"Point","coordinates":[299970,391549]},"properties":{"OBJECTID":259,"monitoring":"F10424","monitori_1":"IVY BURN AT ROCK COTTAGE","river_wate":"GBNI1NB030301163","catchment":"Lower Bann","x":299970,"y":391549,"f2015_sites":"Yes","f2018_sites":"Yes","f2021_sites":"Yes","GlobalID":"03631df1-92a3-4688-aed1-b3109e572d8d"}},{"type":"Feature","id":260,"geometry":{"type":"Point","coordinates":[285553,430211]},"properties":{"OBJECTID":260,"monitoring":"F10427","monitori_1":"LOWER BANN AT THE CUTS","river_wate":"GBNI1NB030301214","catchment":"Lower Bann","x":285553,"y":430211,"f2015_sites":"Yes","f2018_sites":"Yes","f2021_sites":"Yes","GlobalID":"44a8cda9-3e1e-4dde-9a82-4d50f25d59ee"}},{"type":"Feature","id":261,"geometry":{"type":"Point","coordinates":[293604,413277]},"properties":{"OBJECTID":261,"monitoring":"F10429","monitori_1":"LOWER BANN AT KILREA BRIDGE","river_wate":"GBNI1NB030301149","catchment":"Lower Bann","x":293604,"y":413277,"f2015_sites":"Yes","f2018_sites":"Yes","f2021_sites":"Yes","GlobalID":"dc6b9ef5-4e78-4885-996f-5d4fc0f2e277"}},{"type":"Feature","id":262,"geometry":{"type":"Point","coordinates":[297512,403832]},"properties":{"OBJECTID":262,"monitoring":"F10430","monitori_1":"LOWER BANN AT PORTGLENONE","river_wate":"GBNI1NB030301149","catchment":"Lower Bann","x":297512,"y":403832,"f2015_sites":"Yes","f2018_sites":"Yes","f2021_sites":"Yes","GlobalID":"a7c5b249-f672-4b18-9338-8943d2048121"}},{"type":"Feature","id":263,"geometry":{"type":"Point","coordinates":[298935,390818]},"properties":{"OBJECTID":263,"monitoring":"F10431","monitori_1":"LOWER BANN AT TOOME BRIDGE","river_wate":"GBNI1NB030301169","catchment":"Lower Bann","x":298935,"y":390818,"f2015_sites":"Yes","f2018_sites":"Yes","f2021_sites":"Yes","GlobalID":"c8d28266-fce6-4dbd-93d8-b531e10de4a5"}},{"type":"Feature","id":264,"geometry":{"type":"Point","coordinates":[291341,423788]},"properties":{"OBJECTID":264,"monitoring":"F10432","monitori_1":"BALLYMONEY RIVER AT GLENSTALL BRIDGE","river_wate":"GBNI1NB030308221","catchment":"Lower Bann","x":291341,"y":423788,"f2015_sites":"Yes","f2018_sites":"Yes","f2021_sites":"Yes","GlobalID":"da201b79-414b-4314-983c-f129a3e38d88"}},{"type":"Feature","id":265,"geometry":{"type":"Point","coordinates":[295513,425826]},"properties":{"OBJECTID":265,"monitoring":"F10433","monitori_1":"BALLYMONEY RIVER AT BALLYMENA ROAD BRIDGE","river_wate":"GBNI1NB030308221","catchment":"Lower Bann","x":295513,"y":425826,"f2015_sites":"Yes","f2018_sites":"Yes","f2021_sites":"Yes","GlobalID":"925d02be-adc7-421c-946b-8904790cd8ef"}},{"type":"Feature","id":266,"geometry":{"type":"Point","coordinates":[289036,423839]},"properties":{"OBJECTID":266,"monitoring":"F10434","monitori_1":"MACOSQUIN RIVER AT MILLTOWN BRIDGE, CURRAGH ROAD","river_wate":"GBNI1NB030301073","catchment":"Lower Bann","x":289036,"y":423839,"f2015_sites":"Yes","f2018_sites":"Yes","f2021_sites":"Yes","GlobalID":"3488136d-594d-4f64-85fa-faecea3c061d"}},{"type":"Feature","id":267,"geometry":{"type":"Point","coordinates":[286676,419468]},"properties":{"OBJECTID":267,"monitoring":"F10436","monitori_1":"AGIVEY RIVER AT MONEYCARRIE BRIDGE","river_wate":"GBNI1NB030308237","catchment":"Lower Bann","x":286676,"y":419468,"f2015_sites":"Yes","f2018_sites":"Yes","f2021_sites":"Yes","GlobalID":"f8546a31-5875-42ef-a342-6810b4d9d58b"}},{"type":"Feature","id":268,"geometry":{"type":"Point","coordinates":[287819,422739]},"properties":{"OBJECTID":268,"monitoring":"F10437","monitori_1":"AGHADOWEY RIVER AT WHITE BRIDGES","river_wate":"GBNI1NB030301213","catchment":"Lower Bann","x":287819,"y":422739,"f2015_sites":"Yes","f2018_sites":"Yes","f2021_sites":"Yes","GlobalID":"3591dbe2-d27b-4d0d-8e68-569b09f75a78"}},{"type":"Feature","id":269,"geometry":{"type":"Point","coordinates":[296320,403827]},"properties":{"OBJECTID":269,"monitoring":"F10438","monitori_1":"CLADY RIVER AT GLENONE BRIDGE","river_wate":"GBNI1NB030308233","catchment":"Lower Bann","x":296320,"y":403827,"f2015_sites":"Yes","f2018_sites":"Yes","f2021_sites":"Yes","GlobalID":"89c4a2a0-5b94-46e5-a217-39d7d2c5cf1a"}},{"type":"Feature","id":270,"geometry":{"type":"Point","coordinates":[322505,376522]},"properties":{"OBJECTID":270,"monitoring":"F10440","monitori_1":"CRUMLIN RIVER AT THOMPSONS BRIDGE","river_wate":"GBNI1NB030308207","catchment":"Crumlin","x":322505,"y":376522,"f2015_sites":"Yes","f2018_sites":"Yes","f2021_sites":"Yes","GlobalID":"9acf7046-7762-4340-a1cc-9bdb2dc480cf"}},{"type":"Feature","id":271,"geometry":{"type":"Point","coordinates":[316911,377496]},"properties":{"OBJECTID":271,"monitoring":"F10441","monitori_1":"DUNDESERT RIVER AT DUNDESERT GOSPEL HALL","river_wate":"GBNI1NB030306125","catchment":"Crumlin","x":316911,"y":377496,"f2015_sites":"Yes","f2018_sites":"Yes","f2021_sites":"Yes","GlobalID":"8409e07e-068c-434c-8afc-a9ab8ed3684f"}},{"type":"Feature","id":272,"geometry":{"type":"Point","coordinates":[301655,433353]},"properties":{"OBJECTID":272,"monitoring":"F10442","monitori_1":"MOSS-SIDE WATER AT GORTANUEY BRIDGE","river_wate":"GBNI1NE040404035","catchment":"Bush","x":301655,"y":433353,"f2015_sites":"Yes","f2018_sites":"Yes","f2021_sites":"Yes","GlobalID":"3451d7a3-8179-46c5-b2db-ab80098974c1"}},{"type":"Feature","id":273,"geometry":{"type":"Point","coordinates":[302822,430218]},"properties":{"OBJECTID":273,"monitoring":"F10443","monitori_1":"FLESK WATER AT FLESK BRIDGE","river_wate":"GBNI1NE040404050","catchment":"Bush","x":302822,"y":430218,"f2015_sites":"Yes","f2018_sites":"Yes","f2021_sites":"Yes","GlobalID":"2ab53ba5-0a81-42df-a6f7-ea45138164f1"}},{"type":"Feature","id":274,"geometry":{"type":"Point","coordinates":[299180,433076]},"properties":{"OBJECTID":274,"monitoring":"F10444","monitori_1":"LISCOLMAN FEEDER AT BALLYMACFIN","river_wate":"GBNI1NE040404036","catchment":"Bush","x":299180,"y":433076,"f2015_sites":"Yes","f2018_sites":"Yes","f2021_sites":"Yes","GlobalID":"e61b0d64-07f5-414a-a70f-e800f148331f"}},{"type":"Feature","id":275,"geometry":{"type":"Point","coordinates":[292208,432419]},"properties":{"OBJECTID":275,"monitoring":"F10447","monitori_1":"BURN GUSHET RIVER AT BALLYBOGY","river_wate":"GBNI1NE040405117","catchment":"Bush","x":292208,"y":432419,"f2015_sites":"Yes","f2018_sites":"No","f2021_sites":"No","GlobalID":"22472165-d646-437a-82ed-e81829a89ec3"}},{"type":"Feature","id":276,"geometry":{"type":"Point","coordinates":[307861,433193]},"properties":{"OBJECTID":276,"monitoring":"F10448","monitori_1":"WELL WATER AT TURNAROBERT","river_wate":"GBNI1NE040404038","catchment":"Bush","x":307861,"y":433193,"f2015_sites":"Yes","f2018_sites":"Yes","f2021_sites":"Yes","GlobalID":"a72d04ea-9ed2-495a-9136-949fd224b4a7"}},{"type":"Feature","id":277,"geometry":{"type":"Point","coordinates":[293896,440856]},"properties":{"OBJECTID":277,"monitoring":"F10449","monitori_1":"BUSH RIVER AT BUSHMILLS NEW BRIDGE","river_wate":"GBNI1NE040404042","catchment":"Bush","x":293896,"y":440856,"f2015_sites":"Yes","f2018_sites":"Yes","f2021_sites":"Yes","GlobalID":"8a580e96-d4a9-4f11-8499-af11e90cfa25"}},{"type":"Feature","id":278,"geometry":{"type":"Point","coordinates":[294885,431051]},"properties":{"OBJECTID":278,"monitoring":"F10451","monitori_1":"BURN GUSHET RIVER AT BURN GUSHET BRIDGE","river_wate":"GBNI1NE040405117","catchment":"Bush","x":294885,"y":431051,"f2015_sites":"Yes","f2018_sites":"Yes","f2021_sites":"Yes","GlobalID":"632a028e-cc9d-4def-865e-91ba6414edc6"}},{"type":"Feature","id":279,"geometry":{"type":"Point","coordinates":[299621,430375]},"properties":{"OBJECTID":279,"monitoring":"F10453","monitori_1":"BUSH RIVER AT BELLISLE BRIDGE","river_wate":"GBNI1NE040404051","catchment":"Bush","x":299621,"y":430375,"f2015_sites":"Yes","f2018_sites":"Yes","f2021_sites":"Yes","GlobalID":"33147673-94d0-43c2-909c-9fc67039fd2a"}},{"type":"Feature","id":280,"geometry":{"type":"Point","coordinates":[307741,429144]},"properties":{"OBJECTID":280,"monitoring":"F10454","monitori_1":"BUSH RIVER AT BALLYHOE BRIDGE","river_wate":"GBNI1NE040405127","catchment":"Bush","x":307741,"y":429144,"f2015_sites":"Yes","f2018_sites":"Yes","f2021_sites":"Yes","GlobalID":"9237ed57-8c63-45ee-a8d5-0e36d8ee9f71"}},{"type":"Feature","id":281,"geometry":{"type":"Point","coordinates":[297723,431712]},"properties":{"OBJECTID":281,"monitoring":"F10455","monitori_1":"DERVOCK RIVER AT DERVOCK BRIDGE","river_wate":"GBNI1NE040404004","catchment":"Bush","x":297723,"y":431712,"f2015_sites":"Yes","f2018_sites":"Yes","f2021_sites":"Yes","GlobalID":"edc81fe7-e815-4628-a8c3-8ed958bbd3b3"}},{"type":"Feature","id":282,"geometry":{"type":"Point","coordinates":[302092,433379]},"properties":{"OBJECTID":282,"monitoring":"F10456","monitori_1":"DOUGHERY WATER AT IDEROWN BRIDGE","river_wate":"GBNI1NE040405116","catchment":"Bush","x":302092,"y":433379,"f2015_sites":"Yes","f2018_sites":"Yes","f2021_sites":"Yes","GlobalID":"aa1e109c-9133-4feb-9476-f1fefe36e4e9"}},{"type":"Feature","id":283,"geometry":{"type":"Point","coordinates":[322551,427747]},"properties":{"OBJECTID":283,"monitoring":"F10458","monitori_1":"BALLYEMON RIVER AT CLOGHS UPPER","river_wate":"GBNI1NE040405121","catchment":"NE Coast","x":322551,"y":427747,"f2015_sites":"Yes","f2018_sites":"Yes","f2021_sites":"Yes","GlobalID":"311a954e-325b-4b79-986b-b837fa8f13e1"}},{"type":"Feature","id":284,"geometry":{"type":"Point","coordinates":[327786,418258]},"properties":{"OBJECTID":284,"monitoring":"F10463","monitori_1":"CARNLOUGH RIVER AT DRUMNAHOE","river_wate":"GBNI1NE040403060","catchment":"NE Coast","x":327786,"y":418258,"f2015_sites":"Yes","f2018_sites":"Yes","f2021_sites":"Yes","GlobalID":"53b85092-df25-41cd-8de1-2f3040fa7fe8"}},{"type":"Feature","id":285,"geometry":{"type":"Point","coordinates":[316487,427474]},"properties":{"OBJECTID":285,"monitoring":"F10464","monitori_1":"GLENDUN RIVER AT CROCKAN","river_wate":"GBNI1NE040405120","catchment":"NE Coast","x":316487,"y":427474,"f2015_sites":"Yes","f2018_sites":"Yes","f2021_sites":"No","GlobalID":"d47f79ed-8e16-43d2-8c40-ceb643f3cdcc"}},{"type":"Feature","id":286,"geometry":{"type":"Point","coordinates":[317885,429701]},"properties":{"OBJECTID":286,"monitoring":"F10465","monitori_1":"BEAGHS BURN AT BEAGHS BRIDGE","river_wate":"GBNI1NE040405120","catchment":"NE Coast","x":317885,"y":429701,"f2015_sites":"Yes","f2018_sites":"Yes","f2021_sites":"Yes","GlobalID":"86d86142-a3cd-4410-a8cb-069b274ae8f2"}},{"type":"Feature","id":287,"geometry":{"type":"Point","coordinates":[317378,439769]},"properties":{"OBJECTID":287,"monitoring":"F10466","monitori_1":"CAREY RIVER AT TORTEIGE","river_wate":"GBNI1NE040405118","catchment":"NE Coast","x":317378,"y":439769,"f2015_sites":"Yes","f2018_sites":"Yes","f2021_sites":"Yes","GlobalID":"37fdedea-02d6-4cb5-a739-725ec6b90c19"}},{"type":"Feature","id":288,"geometry":{"type":"Point","coordinates":[316076,439866]},"properties":{"OBJECTID":288,"monitoring":"F10467","monitori_1":"GLENMAKEERAN RIVER AT DRUMNAKEEL BRIDGE","river_wate":"GBNI1NE040405118","catchment":"NE Coast","x":316076,"y":439866,"f2015_sites":"Yes","f2018_sites":"Yes","f2021_sites":"Yes","GlobalID":"9d5de93a-166c-4ac3-8259-d78cb0a75db8"}},{"type":"Feature","id":289,"geometry":{"type":"Point","coordinates":[319744,420795]},"properties":{"OBJECTID":289,"monitoring":"F10469","monitori_1":"ESSATHOHAN BURN AT BOYD'S BRIDGE, GLENARIFF ROAD","river_wate":"GBNI1NE040403062","catchment":"NE Coast","x":319744,"y":420795,"f2015_sites":"Yes","f2018_sites":"Yes","f2021_sites":"Yes","GlobalID":"a496187a-2431-41f0-906d-31155629e6a1"}},{"type":"Feature","id":290,"geometry":{"type":"Point","coordinates":[328850,409092]},"properties":{"OBJECTID":290,"monitoring":"F10470","monitori_1":"OWENCLOGHY WATER AT MILL BRIDGE","river_wate":"GBNI1NE040403045","catchment":"NE Coast","x":328850,"y":409092,"f2015_sites":"Yes","f2018_sites":"Yes","f2021_sites":"Yes","GlobalID":"8ef74e9b-7674-4f86-bc6d-a333317e6748"}},{"type":"Feature","id":291,"geometry":{"type":"Point","coordinates":[311481,440561]},"properties":{"OBJECTID":291,"monitoring":"F10472","monitori_1":"TOW RIVER NEAR OLD GASWORKS","river_wate":"GBNI1NE040403033","catchment":"NE Coast","x":311481,"y":440561,"f2015_sites":"Yes","f2018_sites":"Yes","f2021_sites":"Yes","GlobalID":"cf64e50b-bbe2-4e1a-9a63-f048e1230f44"}},{"type":"Feature","id":292,"geometry":{"type":"Point","coordinates":[312579,440542]},"properties":{"OBJECTID":292,"monitoring":"F10473","monitori_1":"GLENSHESK RIVER AT B15 ROAD BRIDGE","river_wate":"GBNI1NE040405119","catchment":"NE Coast","x":312579,"y":440542,"f2015_sites":"Yes","f2018_sites":"Yes","f2021_sites":"Yes","GlobalID":"bdae309c-47fe-453d-9d57-f8ddf85fd77a"}},{"type":"Feature","id":293,"geometry":{"type":"Point","coordinates":[314083,440590]},"properties":{"OBJECTID":293,"monitoring":"F10474","monitori_1":"CAREY RIVER AT CAREYMILL BRIDGE","river_wate":"GBNI1NE040405118","catchment":"NE Coast","x":314083,"y":440590,"f2015_sites":"Yes","f2018_sites":"Yes","f2021_sites":"Yes","GlobalID":"63c553b1-fecf-455c-9e10-4106a10446e1"}},{"type":"Feature","id":294,"geometry":{"type":"Point","coordinates":[323981,432603]},"properties":{"OBJECTID":294,"monitoring":"F10475","monitori_1":"GLENDUN RIVER AT KNOCKNACARRY BRIDGE","river_wate":"GBNI1NE040405120","catchment":"NE Coast","x":323981,"y":432603,"f2015_sites":"Yes","f2018_sites":"Yes","f2021_sites":"Yes","GlobalID":"ec256e53-0440-4d2d-99ce-6536dc1ba2c4"}},{"type":"Feature","id":295,"geometry":{"type":"Point","coordinates":[323742,427619]},"properties":{"OBJECTID":295,"monitoring":"F10476","monitori_1":"GLENAAN/DALL RIVER AT CUSHENDALL BRIDGE","river_wate":"GBNI1NE040405121","catchment":"NE Coast","x":323742,"y":427619,"f2015_sites":"Yes","f2018_sites":"Yes","f2021_sites":"Yes","GlobalID":"c3ee6290-ffa5-4004-bd50-c7d2574c94f7"}},{"type":"Feature","id":296,"geometry":{"type":"Point","coordinates":[322406,421434]},"properties":{"OBJECTID":296,"monitoring":"F10477","monitori_1":"GLENARIFF RIVER AT CALLISNAGH BRIDGE","river_wate":"GBNI1NE040403027","catchment":"NE Coast","x":322406,"y":421434,"f2015_sites":"Yes","f2018_sites":"Yes","f2021_sites":"Yes","GlobalID":"b604623e-1701-4646-815b-473ebca04ba0"}},{"type":"Feature","id":297,"geometry":{"type":"Point","coordinates":[328859,416771]},"properties":{"OBJECTID":297,"monitoring":"F10478","monitori_1":"GLENCLOY RIVER AT GLENCLOY BRIDGE","river_wate":"GBNI1NE040403061","catchment":"NE Coast","x":328859,"y":416771,"f2015_sites":"Yes","f2018_sites":"Yes","f2021_sites":"Yes","GlobalID":"e221c210-acf5-4d90-9c8f-6684247b48b1"}},{"type":"Feature","id":298,"geometry":{"type":"Point","coordinates":[331017,415094]},"properties":{"OBJECTID":298,"monitoring":"F10479","monitori_1":"GLENARM RIVER AT GLENARM","river_wate":"GBNI1NE040403012","catchment":"NE Coast","x":331017,"y":415094,"f2015_sites":"Yes","f2018_sites":"Yes","f2021_sites":"Yes","GlobalID":"5c43eb62-c3e2-46fc-92fc-45c70b6de6b8"}},{"type":"Feature","id":299,"geometry":{"type":"Point","coordinates":[314750,352304]},"properties":{"OBJECTID":299,"monitoring":"F10484","monitori_1":"EDENORDINARY STREAM AT DRUMSKEE HOUSE","river_wate":"GBNI1NE050503105","catchment":"Lagan","x":314750,"y":352304,"f2015_sites":"Yes","f2018_sites":"Yes","f2021_sites":"Yes","GlobalID":"18122d5e-039c-483c-a29d-91473e2cd7c3"}},{"type":"Feature","id":300,"geometry":{"type":"Point","coordinates":[328671,349751]},"properties":{"OBJECTID":300,"monitoring":"F10486","monitori_1":"UPPER LAGAN AT DROMARA","river_wate":"GBNI1NE050503096","catchment":"Lagan","x":328671,"y":349751,"f2015_sites":"Yes","f2018_sites":"Yes","f2021_sites":"Yes","GlobalID":"c04465cc-ac4d-4650-b84e-5ae29dd29c97"}},{"type":"Feature","id":301,"geometry":{"type":"Point","coordinates":[323939,350461]},"properties":{"OBJECTID":301,"monitoring":"F10487","monitori_1":"EEL BURN (LAGAN) RIVER AT GLENLAGAN","river_wate":"GBNI1NE050503098","catchment":"Lagan","x":323939,"y":350461,"f2015_sites":"Yes","f2018_sites":"Yes","f2021_sites":"Yes","GlobalID":"c32c134a-241b-4524-bf61-91e2f4d85dda"}},{"type":"Feature","id":302,"geometry":{"type":"Point","coordinates":[325570,351077]},"properties":{"OBJECTID":302,"monitoring":"F10488","monitori_1":"UPPER LAGAN AT LARCH HILL","river_wate":"GBNI1NE050503048","catchment":"Lagan","x":325570,"y":351077,"f2015_sites":"Yes","f2018_sites":"Yes","f2021_sites":"Yes","GlobalID":"5e79560c-7676-4ea8-9e52-8ae26d78d267"}},{"type":"Feature","id":303,"geometry":{"type":"Point","coordinates":[331780,372456]},"properties":{"OBJECTID":303,"monitoring":"F10494","monitori_1":"BLACKSTAFF RIVER (BELFAST) AT B'MORAL STMWASH,BOUCHER","river_wate":"GBNI1NE050505126","catchment":"Lagan","x":331780,"y":372456,"f2015_sites":"Yes","f2018_sites":"Yes","f2021_sites":"Yes","GlobalID":"6fb44226-58ba-4339-a31b-1a7f53dffe81"}},{"type":"Feature","id":304,"geometry":{"type":"Point","coordinates":[334064,370894]},"properties":{"OBJECTID":304,"monitoring":"F10511","monitori_1":"LAGAN RIVER ABOVE STRANMILLIS WEIR","river_wate":"GBNI1NE050503108","catchment":"Lagan","x":334064,"y":370894,"f2015_sites":"Yes","f2018_sites":"Yes","f2021_sites":"Yes","GlobalID":"4adad724-5b00-4d2c-a2f3-df2343ccd8e0"}},{"type":"Feature","id":305,"geometry":{"type":"Point","coordinates":[332498,369035]},"properties":{"OBJECTID":305,"monitoring":"F10512","monitori_1":"LAGAN RIVER AT SHAWS BRIDGE","river_wate":"GBNI1NE050503108","catchment":"Lagan","x":332498,"y":369035,"f2015_sites":"Yes","f2018_sites":"Yes","f2021_sites":"Yes","GlobalID":"c5eb91b6-dcaf-438a-8ac3-84f2301c4e87"}},{"type":"Feature","id":306,"geometry":{"type":"Point","coordinates":[332552,368625]},"properties":{"OBJECTID":306,"monitoring":"F10513","monitori_1":"MINNOWBURN AT MINNOWBURN BEECHES","river_wate":"GBNI1NE050503088","catchment":"Lagan","x":332552,"y":368625,"f2015_sites":"Yes","f2018_sites":"Yes","f2021_sites":"Yes","GlobalID":"b9dee424-a5aa-4190-b1f2-3b9382e7a7c5"}},{"type":"Feature","id":307,"geometry":{"type":"Point","coordinates":[328497,370654]},"properties":{"OBJECTID":307,"monitoring":"F10517","monitori_1":"COLIN GLEN RIVER AT STEWARTSTOWN ROAD","river_wate":"GBNI1NE050503117","catchment":"Lagan","x":328497,"y":370654,"f2015_sites":"Yes","f2018_sites":"Yes","f2021_sites":"Yes","GlobalID":"c150a00e-b3e8-4f62-b25f-d6d2a81c0ac4"}},{"type":"Feature","id":308,"geometry":{"type":"Point","coordinates":[328779,368328]},"properties":{"OBJECTID":308,"monitoring":"F10518","monitori_1":"DERRIAGHY RIVER AT COOLMOYNE HOUSE, KINGSWAY","river_wate":"GBNI1NE050503104","catchment":"Lagan","x":328779,"y":368328,"f2015_sites":"Yes","f2018_sites":"Yes","f2021_sites":"Yes","GlobalID":"eba6119b-349b-4cfc-89e9-a86cca0f0186"}},{"type":"Feature","id":309,"geometry":{"type":"Point","coordinates":[328390,366810]},"properties":{"OBJECTID":309,"monitoring":"F10519","monitori_1":"LAGAN RIVER AT WOLFENDENS BRIDGE","river_wate":"GBNI1NE050503108","catchment":"Lagan","x":328390,"y":366810,"f2015_sites":"Yes","f2018_sites":"Yes","f2021_sites":"Yes","GlobalID":"3242d325-553e-4d6c-898b-ed91e28fd455"}},{"type":"Feature","id":310,"geometry":{"type":"Point","coordinates":[326255,362928]},"properties":{"OBJECTID":310,"monitoring":"F10522","monitori_1":"LAGAN RIVER AT MOORES BRIDGE","river_wate":"GBNI1NE050505127","catchment":"Lagan","x":326255,"y":362928,"f2015_sites":"Yes","f2018_sites":"Yes","f2021_sites":"Yes","GlobalID":"3c978324-1d90-4cfe-90dc-ec534f8c9362"}},{"type":"Feature","id":311,"geometry":{"type":"Point","coordinates":[323305,363021]},"properties":{"OBJECTID":311,"monitoring":"F10523","monitori_1":"LAGAN RIVER AT YOUNGS BRIDGE","river_wate":"GBNI1NE050505127","catchment":"Lagan","x":323305,"y":363021,"f2015_sites":"Yes","f2018_sites":"Yes","f2021_sites":"Yes","GlobalID":"f2e7e5ae-1f01-447a-b885-8a7bb8b92ebe"}},{"type":"Feature","id":312,"geometry":{"type":"Point","coordinates":[312923,358088]},"properties":{"OBJECTID":312,"monitoring":"F10526","monitori_1":"LAGAN RIVER AT FORGE BRIDGE, MAGHERALIN","river_wate":"GBNI1NE050505127","catchment":"Lagan","x":312923,"y":358088,"f2015_sites":"Yes","f2018_sites":"Yes","f2021_sites":"Yes","GlobalID":"7aac9b1d-7b85-47f7-9130-c37d05310c9d"}},{"type":"Feature","id":313,"geometry":{"type":"Point","coordinates":[312358,353848]},"properties":{"OBJECTID":313,"monitoring":"F10527","monitori_1":"LAGAN RIVER AT BANOGE BRIDGE","river_wate":"GBNI1NE050505127","catchment":"Lagan","x":312358,"y":353848,"f2015_sites":"Yes","f2018_sites":"Yes","f2021_sites":"Yes","GlobalID":"b5847b97-d1e1-4e3d-9493-e4d844355d7b"}},{"type":"Feature","id":314,"geometry":{"type":"Point","coordinates":[319429,353273]},"properties":{"OBJECTID":314,"monitoring":"F10529","monitori_1":"LAGAN RIVER AT DROMORE","river_wate":"GBNI1NE050505127","catchment":"Lagan","x":319429,"y":353273,"f2015_sites":"Yes","f2018_sites":"Yes","f2021_sites":"Yes","GlobalID":"22c5104e-16f4-4444-96ac-5d69cd914b02"}},{"type":"Feature","id":315,"geometry":{"type":"Point","coordinates":[325171,351662]},"properties":{"OBJECTID":315,"monitoring":"F10530","monitori_1":"LAGAN RIVER AT BULLS BROOK","river_wate":"GBNI1NE050503046","catchment":"Lagan","x":325171,"y":351662,"f2015_sites":"Yes","f2018_sites":"Yes","f2021_sites":"Yes","GlobalID":"d15c7c87-201b-41e3-8d83-e019c3a4b54a"}},{"type":"Feature","id":316,"geometry":{"type":"Point","coordinates":[326198,362402]},"properties":{"OBJECTID":316,"monitoring":"F10531","monitori_1":"RAVERNET RIVER AT SPRUCEFIELD","river_wate":"GBNI1NE050503047","catchment":"Lagan","x":326198,"y":362402,"f2015_sites":"Yes","f2018_sites":"Yes","f2021_sites":"Yes","GlobalID":"f044e07e-0044-4db5-bce9-ae4b2d5a4e69"}},{"type":"Feature","id":317,"geometry":{"type":"Point","coordinates":[329698,360072]},"properties":{"OBJECTID":317,"monitoring":"F10532","monitori_1":"RAVERNET RIVER AT LEGACURRY BRIDGE","river_wate":"GBNI1NE050503047","catchment":"Lagan","x":329698,"y":360072,"f2015_sites":"Yes","f2018_sites":"Yes","f2021_sites":"Yes","GlobalID":"51cef324-6c6d-4619-b3b4-027e1c517950"}},{"type":"Feature","id":318,"geometry":{"type":"Point","coordinates":[339870,349679]},"properties":{"OBJECTID":318,"monitoring":"F10533","monitori_1":"DRUMANESS TRIBUTARY BELOW DRUMANESS","river_wate":"GBNI1NE050504066","catchment":"Quoile","x":339870,"y":349679,"f2015_sites":"Yes","f2018_sites":"Yes","f2021_sites":"Yes","GlobalID":"b6e80279-3ade-41f3-b57f-e36329f7d4b9"}},{"type":"Feature","id":319,"geometry":{"type":"Point","coordinates":[342229,352709]},"properties":{"OBJECTID":319,"monitoring":"F10534","monitori_1":"BALLYNAHINCH FEEDER AT LISTOODER","river_wate":"GBNI1NE050504065","catchment":"Quoile","x":342229,"y":352709,"f2015_sites":"Yes","f2018_sites":"Yes","f2021_sites":"Yes","GlobalID":"ae75985d-affd-4701-8227-a7d3838effbb"}},{"type":"Feature","id":320,"geometry":{"type":"Point","coordinates":[335903,348360]},"properties":{"OBJECTID":320,"monitoring":"F10537","monitori_1":"LOWER McAULEYS LAKE FEEDER AT THOMPSONS BRIDGE","river_wate":"GBNI1NE050504053","catchment":"Quoile","x":335903,"y":348360,"f2015_sites":"Yes","f2018_sites":"Yes","f2021_sites":"Yes","GlobalID":"2cd70450-84bd-4db0-be36-3f3c230027d7"}},{"type":"Feature","id":321,"geometry":{"type":"Point","coordinates":[330830,354811]},"properties":{"OBJECTID":321,"monitoring":"F10539","monitori_1":"POUND BURN ABOVE BALLYCRUNE LOUGH","river_wate":"GBNI1NE050505125","catchment":"Quoile","x":330830,"y":354811,"f2015_sites":"Yes","f2018_sites":"Yes","f2021_sites":"Yes","GlobalID":"857ee3f5-c94e-4aad-839c-7fd7240fddc8"}},{"type":"Feature","id":322,"geometry":{"type":"Point","coordinates":[348770,346428]},"properties":{"OBJECTID":322,"monitoring":"F10541","monitori_1":"QUOILE RIVER AT QUOILE BRIDGE","river_wate":"GBNI1NE050505115","catchment":"Quoile","x":348770,"y":346428,"f2015_sites":"Yes","f2018_sites":"Yes","f2021_sites":"Yes","GlobalID":"17a253c0-0a4a-4c25-9ab4-baeb65dec7c8"}},{"type":"Feature","id":323,"geometry":{"type":"Point","coordinates":[344892,348382]},"properties":{"OBJECTID":323,"monitoring":"F10542","monitori_1":"ANNACLOY RIVER AT ANNACLOY BRIDGE","river_wate":"GBNI1NE050505115","catchment":"Quoile","x":344892,"y":348382,"f2015_sites":"Yes","f2018_sites":"Yes","f2021_sites":"Yes","GlobalID":"b4459367-0b42-4602-9457-5d3b20605132"}},{"type":"Feature","id":324,"geometry":{"type":"Point","coordinates":[334344,354015]},"properties":{"OBJECTID":324,"monitoring":"F10545","monitori_1":"BALLYNAHINCH RIVER AT CASEYS BRIDGE","river_wate":"GBNI1NE050505125","catchment":"Quoile","x":334344,"y":354015,"f2015_sites":"Yes","f2018_sites":"Yes","f2021_sites":"Yes","GlobalID":"bdb261d8-69d9-42c1-903f-7bf08a9ecb75"}},{"type":"Feature","id":325,"geometry":{"type":"Point","coordinates":[345008,351083]},"properties":{"OBJECTID":325,"monitoring":"F10546","monitori_1":"GLASSWATER RIVER AT KILMORE","river_wate":"GBNI1NE050505124","catchment":"Quoile","x":345008,"y":351083,"f2015_sites":"Yes","f2018_sites":"Yes","f2021_sites":"Yes","GlobalID":"3e495964-fbdf-4d70-ae52-72e03375c720"}},{"type":"Feature","id":326,"geometry":{"type":"Point","coordinates":[350256,362361]},"properties":{"OBJECTID":326,"monitoring":"F10548","monitori_1":"BLACKWATER (ARDS) RIVER AT BALLYMARTIN ROAD BRIDGE","river_wate":"GBNI1NE050504057","catchment":"Blackwater (Ards) (Enler/Blackwater)","x":350256,"y":362361,"f2015_sites":"Yes","f2018_sites":"Yes","f2021_sites":"Yes","GlobalID":"6dbc6d7d-3557-4cd7-8567-99a17020d853"}},{"type":"Feature","id":327,"geometry":{"type":"Point","coordinates":[344270,371229]},"properties":{"OBJECTID":327,"monitoring":"F10549","monitori_1":"BALLYSTOCKART RIVER AT A22 ROAD BRIDGE","river_wate":"GBNI1NE050504081","catchment":"Comber (Enler/Blackwater)","x":344270,"y":371229,"f2015_sites":"Yes","f2018_sites":"Yes","f2021_sites":"Yes","GlobalID":"582cdeb6-6322-4af6-bf1d-257977938c07"}},{"type":"Feature","id":328,"geometry":{"type":"Point","coordinates":[345630,369898]},"properties":{"OBJECTID":328,"monitoring":"F10550","monitori_1":"ENLER RIVER AT KENNEL BRIDGE","river_wate":"GBNI1NE050504020","catchment":"Comber (Enler/Blackwater)","x":345630,"y":369898,"f2015_sites":"Yes","f2018_sites":"Yes","f2021_sites":"Yes","GlobalID":"e2a910a7-d0ed-48a0-9c02-dbe152d6be7a"}},{"type":"Feature","id":329,"geometry":{"type":"Point","coordinates":[337785,400856]},"properties":{"OBJECTID":329,"monitoring":"F10555","monitori_1":"LARNE RIVER AT OWENS BRIDGE","river_wate":"GBNI1NE040405047","catchment":"Belfast Lough (North)","x":337785,"y":400856,"f2015_sites":"Yes","f2018_sites":"Yes","f2021_sites":"Yes","GlobalID":"eee6b404-8d9c-4772-a967-0beb1764fc78"}},{"type":"Feature","id":330,"geometry":{"type":"Point","coordinates":[340865,399895]},"properties":{"OBJECTID":330,"monitoring":"F10556","monitori_1":"GLYNN RIVER AT GLYNN","river_wate":"GBNI1NE040405046","catchment":"Belfast Lough (North)","x":340865,"y":399895,"f2015_sites":"Yes","f2018_sites":"Yes","f2021_sites":"Yes","GlobalID":"dc8beb74-08f8-4e17-932a-a9d224abb8fb"}},{"type":"Feature","id":331,"geometry":{"type":"Point","coordinates":[344390,389833]},"properties":{"OBJECTID":331,"monitoring":"F10557","monitori_1":"KILROOT RIVER AT KILROOT","river_wate":"GBNI1NE050501082","catchment":"Belfast Lough (North)","x":344390,"y":389833,"f2015_sites":"Yes","f2018_sites":"Yes","f2021_sites":"Yes","GlobalID":"b83071c0-541f-4c8c-91f2-f64a291ad8fa"}},{"type":"Feature","id":332,"geometry":{"type":"Point","coordinates":[340270,386940]},"properties":{"OBJECTID":332,"monitoring":"F10559","monitori_1":"WOODBURN RIVER AT COURTALDS FACTORY","river_wate":"GBNI1NE050501120","catchment":"Belfast Lough (North)","x":340270,"y":386940,"f2015_sites":"Yes","f2018_sites":"Yes","f2021_sites":"Yes","GlobalID":"cc2d7d79-8779-49fa-90bc-61f817059902"}},{"type":"Feature","id":333,"geometry":{"type":"Point","coordinates":[335918,382993]},"properties":{"OBJECTID":333,"monitoring":"F10560","monitori_1":"THREE MILE WATER AT GLENAVNA MANOR","river_wate":"GBNI1NE050501118","catchment":"Belfast Lough (North)","x":335918,"y":382993,"f2015_sites":"Yes","f2018_sites":"Yes","f2021_sites":"Yes","GlobalID":"81f1c0f0-00cd-4545-95d6-1ece44f30d7c"}},{"type":"Feature","id":334,"geometry":{"type":"Point","coordinates":[345465,368846]},"properties":{"OBJECTID":334,"monitoring":"F10571","monitori_1":"COMBER TRIBUTARY AT CAMP HILL","river_wate":"GBNI1NE050504023","catchment":"N Down & Ards Peninsula","x":345465,"y":368846,"f2015_sites":"Yes","f2018_sites":"Yes","f2021_sites":"Yes","GlobalID":"002f6cd3-e893-43ce-82b1-c943b17ddcfe"}},{"type":"Feature","id":335,"geometry":{"type":"Point","coordinates":[359478,376141]},"properties":{"OBJECTID":335,"monitoring":"F10572","monitori_1":"MILL BURN (ARDS) AT MILLISLE (B172 ROAD BRIDGE)","river_wate":"GBNI1NE050504021","catchment":"N Down & Ards Peninsula","x":359478,"y":376141,"f2015_sites":"Yes","f2018_sites":"Yes","f2021_sites":"Yes","GlobalID":"cdb56f30-a6dc-478e-a40f-f075f29a9661"}},{"type":"Feature","id":336,"geometry":{"type":"Point","coordinates":[352270,382169]},"properties":{"OBJECTID":336,"monitoring":"F10574","monitori_1":"BALLYHOLME RIVER AT BALLYHOLME BRIDGE","river_wate":"GBNI1NE050502084","catchment":"N Down & Ards Peninsula","x":352270,"y":382169,"f2015_sites":"Yes","f2018_sites":"Yes","f2021_sites":"Yes","GlobalID":"37161030-26a6-47bb-81c5-10046024c0f8"}},{"type":"Feature","id":337,"geometry":{"type":"Point","coordinates":[360593,359592]},"properties":{"OBJECTID":337,"monitoring":"F10575","monitori_1":"BLACKSTAFF (ARDS) RIVER AT BLACKSTAFF BRIDGE","river_wate":"GBNI1NE050504022","catchment":"N Down & Ards Peninsula","x":360593,"y":359592,"f2015_sites":"Yes","f2018_sites":"Yes","f2021_sites":"Yes","GlobalID":"8f9f92bf-980c-48dd-8db8-dcf6638de939"}},{"type":"Feature","id":338,"geometry":{"type":"Point","coordinates":[346681,382006]},"properties":{"OBJECTID":338,"monitoring":"F10576","monitori_1":"CRAWFORDSBURN RIVER AT CRAWFORDSBURN COUNTRY PARK","river_wate":"GBNI1NE050502083","catchment":"N Down & Ards Peninsula","x":346681,"y":382006,"f2015_sites":"Yes","f2018_sites":"Yes","f2021_sites":"Yes","GlobalID":"587fab99-d3ba-4679-aec8-efa1d2ece00e"}},{"type":"Feature","id":339,"geometry":{"type":"Point","coordinates":[353568,371261]},"properties":{"OBJECTID":339,"monitoring":"F10577","monitori_1":"CUNNING BURN AT BALLYEWRY","river_wate":"GBNI1NE050504086","catchment":"N Down & Ards Peninsula","x":353568,"y":371261,"f2015_sites":"Yes","f2018_sites":"Yes","f2021_sites":"Yes","GlobalID":"32d8e251-01e3-4585-912f-0a25b7390536"}},{"type":"Feature","id":340,"geometry":{"type":"Point","coordinates":[336366,373545]},"properties":{"OBJECTID":340,"monitoring":"F10579","monitori_1":"CONNSWATER AT CON O'NEILL BRIDGE","river_wate":"GBNI1NE050503087","catchment":"Lagan","x":336366,"y":373545,"f2015_sites":"Yes","f2018_sites":"Yes","f2021_sites":"Yes","GlobalID":"07ee65ff-7207-4154-bb5e-acc000c28d4b"}},{"type":"Feature","id":341,"geometry":{"type":"Point","coordinates":[336394,340544]},"properties":{"OBJECTID":341,"monitoring":"F10602","monitori_1":"MONEYCARRAGH FEEDER AT B175 ROAD BRIDGE","river_wate":"GBNI1NE050505059","catchment":"SE Down Streams","x":336394,"y":340544,"f2015_sites":"Yes","f2018_sites":"Yes","f2021_sites":"Yes","GlobalID":"ecbe9371-72b9-4057-be6f-0d1ec6cbbf40"}},{"type":"Feature","id":342,"geometry":{"type":"Point","coordinates":[352569,339102]},"properties":{"OBJECTID":342,"monitoring":"F10603","monitori_1":"BALLYVIGGIS STREAM AT BRIMSTONE BRAE","river_wate":"GBNI1NE050505129","catchment":"SE Down Streams","x":352569,"y":339102,"f2015_sites":"Yes","f2018_sites":"Yes","f2021_sites":"Yes","GlobalID":"fc093dec-0f84-45a4-aab5-b0c6f8213c2a"}},{"type":"Feature","id":343,"geometry":{"type":"Point","coordinates":[359906,344148]},"properties":{"OBJECTID":343,"monitoring":"F10604","monitori_1":"BALLYARNET BURN AT MILL QUARTER BAY","river_wate":"GBNI1NE050504058","catchment":"SE Down Streams","x":359906,"y":344148,"f2015_sites":"Yes","f2018_sites":"Yes","f2021_sites":"Yes","GlobalID":"80868e7c-6088-4b1f-8db2-871bab3f4dc8"}},{"type":"Feature","id":344,"geometry":{"type":"Point","coordinates":[348053,336462]},"properties":{"OBJECTID":344,"monitoring":"F10605","monitori_1":"RATHMULLAN BURN AT MINERSTOWN","river_wate":"GBNI1NE050505062","catchment":"SE Down Streams","x":348053,"y":336462,"f2015_sites":"Yes","f2018_sites":"Yes","f2021_sites":"Yes","GlobalID":"d25c0f15-3200-49b7-a6b4-b5126b8be0e4"}},{"type":"Feature","id":345,"geometry":{"type":"Point","coordinates":[342922,341147]},"properties":{"OBJECTID":345,"monitoring":"F10606","monitori_1":"BLACKSTAFF (SOUTH DOWN) RIVER AT TULLYMURRY BRIDGE","river_wate":"GBNI1NE050505122","catchment":"SE Down Streams","x":342922,"y":341147,"f2015_sites":"Yes","f2018_sites":"Yes","f2021_sites":"Yes","GlobalID":"0f6c71c6-eab4-4e9a-a8d5-c85f3c6fe0ad"}},{"type":"Feature","id":346,"geometry":{"type":"Point","coordinates":[340858,338781]},"properties":{"OBJECTID":346,"monitoring":"F10607","monitori_1":"ARDILEA RIVER ALONG ARDILEA ROAD","river_wate":"GBNI1NE050505060","catchment":"SE Down Streams","x":340858,"y":338781,"f2015_sites":"Yes","f2018_sites":"Yes","f2021_sites":"Yes","GlobalID":"0c2fbc5a-6814-47a3-8b1e-16ac0087ff66"}},{"type":"Feature","id":347,"geometry":{"type":"Point","coordinates":[339944,336894]},"properties":{"OBJECTID":347,"monitoring":"F10608","monitori_1":"MONEYCARRAGH RIVER AT MONEYLANE","river_wate":"GBNI1NE050505063","catchment":"SE Down Streams","x":339944,"y":336894,"f2015_sites":"Yes","f2018_sites":"Yes","f2021_sites":"Yes","GlobalID":"7168c301-3c4a-4d70-a548-45169b876ca1"}},{"type":"Feature","id":348,"geometry":{"type":"Point","coordinates":[336868,334285]},"properties":{"OBJECTID":348,"monitoring":"F10609","monitori_1":"CARRIGS RIVER AT MAGHERA BRIDGE","river_wate":"GBNI1NE050505113","catchment":"SE Down Streams","x":336868,"y":334285,"f2015_sites":"Yes","f2018_sites":"Yes","f2021_sites":"Yes","GlobalID":"af5742bb-571b-414e-b533-852d2ddf0986"}},{"type":"Feature","id":349,"geometry":{"type":"Point","coordinates":[308668,336297]},"properties":{"OBJECTID":349,"monitoring":"F10610","monitori_1":"JERRETTSPASS RIVER TRIBUTARY AT GLEN BRIDGE","river_wate":"GBNI1NB060608226","catchment":"Newry","x":308668,"y":336297,"f2015_sites":"Yes","f2018_sites":"Yes","f2021_sites":"Yes","GlobalID":"e86b1a08-fc02-449d-a213-6460362b948d"}},{"type":"Feature","id":350,"geometry":{"type":"Point","coordinates":[307471,338981]},"properties":{"OBJECTID":350,"monitoring":"F10613","monitori_1":"LOUGHBRICKLAND STREAM AT KILLYSAVEN VILLAS","river_wate":"GBNI1NB060601025","catchment":"Newry","x":307471,"y":338981,"f2015_sites":"Yes","f2018_sites":"Yes","f2021_sites":"Yes","GlobalID":"729dc6fa-8c18-4ce0-b1b9-22b7da3f2310"}},{"type":"Feature","id":351,"geometry":{"type":"Point","coordinates":[314239,331067]},"properties":{"OBJECTID":351,"monitoring":"F10615","monitori_1":"MAYOBRIDGE RIVER AT DOWNSTREAM BRIDGE","river_wate":"GBNI1NB060601018","catchment":"Newry","x":314239,"y":331067,"f2015_sites":"Yes","f2018_sites":"Yes","f2021_sites":"Yes","GlobalID":"f199efe0-3674-4906-b12f-3cdea6250d89"}},{"type":"Feature","id":352,"geometry":{"type":"Point","coordinates":[312752,330000]},"properties":{"OBJECTID":352,"monitoring":"F10617","monitori_1":"CLANRYE NORTH RIVER AT HAWKINS BRIDGE","river_wate":"GBNI1NB060601003","catchment":"Newry","x":312752,"y":330000,"f2015_sites":"Yes","f2018_sites":"Yes","f2021_sites":"Yes","GlobalID":"7760cfe1-2001-431d-9b8c-922cb7c7eafe"}},{"type":"Feature","id":353,"geometry":{"type":"Point","coordinates":[310794,327494]},"properties":{"OBJECTID":353,"monitoring":"F10622","monitori_1":"CLANRYE RIVER AT CROWN BRIDGE","river_wate":"GBNI1NB060608227","catchment":"Newry","x":310794,"y":327494,"f2015_sites":"Yes","f2018_sites":"Yes","f2021_sites":"Yes","GlobalID":"c44ea222-71a7-4909-9180-2e1f34817e19"}},{"type":"Feature","id":354,"geometry":{"type":"Point","coordinates":[306061,328420]},"properties":{"OBJECTID":354,"monitoring":"F10625","monitori_1":"BESSBROOK (NEWRY) RIVER AT MILLVALE BRIDGE","river_wate":"GBNI1NB060608240","catchment":"Newry","x":306061,"y":328420,"f2015_sites":"Yes","f2018_sites":"Yes","f2021_sites":"Yes","GlobalID":"f6187e9b-fcec-40c1-b63a-1505ed27f3b5"}},{"type":"Feature","id":355,"geometry":{"type":"Point","coordinates":[306433,333215]},"properties":{"OBJECTID":355,"monitoring":"F10626","monitori_1":"JERRETTSPASS RIVER AT JERRETTSPASS","river_wate":"GBNI1NB060608226","catchment":"Newry","x":306433,"y":333215,"f2015_sites":"Yes","f2018_sites":"Yes","f2021_sites":"Yes","GlobalID":"6456b5b7-696e-4199-82d6-0dde2e23a79f"}},{"type":"Feature","id":356,"geometry":{"type":"Point","coordinates":[333322,315950]},"properties":{"OBJECTID":356,"monitoring":"F10633","monitori_1":"MULLAGH RIVER AT MULLAGH BRIDGE","river_wate":"GBNI1NE050505044","catchment":"Kilkeel & Mourne Streams","x":333322,"y":315950,"f2015_sites":"Yes","f2018_sites":"Yes","f2021_sites":"Yes","GlobalID":"8b499d66-da6a-42da-80b5-8fcb0dc42d0d"}},{"type":"Feature","id":357,"geometry":{"type":"Point","coordinates":[335829,333690]},"properties":{"OBJECTID":357,"monitoring":"F10635","monitori_1":"BURREN RIVER AT BAILEYS BRIDGE","river_wate":"GBNI1NE050505111","catchment":"Kilkeel & Mourne Streams","x":335829,"y":333690,"f2015_sites":"Yes","f2018_sites":"Yes","f2021_sites":"Yes","GlobalID":"9e3580cb-1706-4699-8601-c95a7d4bdcbd"}},{"type":"Feature","id":358,"geometry":{"type":"Point","coordinates":[335272,332317]},"properties":{"OBJECTID":358,"monitoring":"F10636","monitori_1":"SHIMNA RIVER AT IVY BRIDGE, TOLLYMORE FOREST","river_wate":"GBNI1NE050505123","catchment":"Kilkeel & Mourne Streams","x":335272,"y":332317,"f2015_sites":"Yes","f2018_sites":"Yes","f2021_sites":"Yes","GlobalID":"b9566057-8a61-43e6-aa89-e3145e030cc0"}},{"type":"Feature","id":359,"geometry":{"type":"Point","coordinates":[337414,319814]},"properties":{"OBJECTID":359,"monitoring":"F10639","monitori_1":"ANNALONG RIVER AT ANNALONG BRIDGE","river_wate":"GBNI1NE050505036","catchment":"Kilkeel & Mourne Streams","x":337414,"y":319814,"f2015_sites":"Yes","f2018_sites":"Yes","f2021_sites":"Yes","GlobalID":"d6c4a3bc-e213-4af2-85b8-4de14c7c2a10"}},{"type":"Feature","id":360,"geometry":{"type":"Point","coordinates":[331298,315098]},"properties":{"OBJECTID":360,"monitoring":"F10640","monitori_1":"KILKEEL RIVER AT A2 ROAD BRIDGE, KILKEEL","river_wate":"GBNI1NE050505114","catchment":"Kilkeel & Mourne Streams","x":331298,"y":315098,"f2015_sites":"Yes","f2018_sites":"Yes","f2021_sites":"Yes","GlobalID":"08f1d8b7-a53d-4017-89f3-39330488bd9a"}},{"type":"Feature","id":361,"geometry":{"type":"Point","coordinates":[330514,314896]},"properties":{"OBJECTID":361,"monitoring":"F10641","monitori_1":"AUGHRIM RIVER AT KILKEEL","river_wate":"GBNI1NE050505097","catchment":"Kilkeel & Mourne Streams","x":330514,"y":314896,"f2015_sites":"Yes","f2018_sites":"Yes","f2021_sites":"Yes","GlobalID":"4d09b135-ffc0-45d4-ba74-c623af03439b"}},{"type":"Feature","id":362,"geometry":{"type":"Point","coordinates":[326796,315322]},"properties":{"OBJECTID":362,"monitoring":"F10642","monitori_1":"WHITE WATER RIVER (SOUTH DOWN) AT WHITEWATER BRIDGE","river_wate":"GBNI1NB060604045","catchment":"Kilkeel & Mourne Streams","x":326796,"y":315322,"f2015_sites":"Yes","f2018_sites":"Yes","f2021_sites":"Yes","GlobalID":"2b428554-431d-42f8-95a7-269eb95b9e69"}},{"type":"Feature","id":363,"geometry":{"type":"Point","coordinates":[323853,314922]},"properties":{"OBJECTID":363,"monitoring":"F10643","monitori_1":"CASSY WATER AT CASSYWATER BRIDGE","river_wate":"GBNI1NB060604011","catchment":"Kilkeel & Mourne Streams","x":323853,"y":314922,"f2015_sites":"Yes","f2018_sites":"Yes","f2021_sites":"Yes","GlobalID":"43ba1433-ee88-473f-9d3d-b25f5c56c2da"}},{"type":"Feature","id":364,"geometry":{"type":"Point","coordinates":[318888,319121]},"properties":{"OBJECTID":364,"monitoring":"F10644","monitori_1":"KILBRONEY RIVER AT NEWTOWN BRIDGE","river_wate":"GBNI1NB060604041","catchment":"Kilkeel & Mourne Streams","x":318888,"y":319121,"f2015_sites":"Yes","f2018_sites":"Yes","f2021_sites":"Yes","GlobalID":"9eb8c138-8dd6-47f4-925e-df8b03a95f53"}},{"type":"Feature","id":365,"geometry":{"type":"Point","coordinates":[317445,319170]},"properties":{"OBJECTID":365,"monitoring":"F10646","monitori_1":"GHANN RIVER AT GREEN PARK BRIDGE","river_wate":"GBNI1NB060604040","catchment":"Kilkeel & Mourne Streams","x":317445,"y":319170,"f2015_sites":"Yes","f2018_sites":"Yes","f2021_sites":"Yes","GlobalID":"d228e2df-b055-4c27-ac7b-5f1e3299ce48"}},{"type":"Feature","id":366,"geometry":{"type":"Point","coordinates":[315858,318763]},"properties":{"OBJECTID":366,"monitoring":"F10647","monitori_1":"MOYGANNON RIVER AT MOYGANNON FORD","river_wate":"GBNI1NB060604042","catchment":"Kilkeel & Mourne Streams","x":315858,"y":318763,"f2015_sites":"Yes","f2018_sites":"Yes","f2021_sites":"Yes","GlobalID":"7aa511b7-f495-4be3-afc3-4969721e9782"}},{"type":"Feature","id":367,"geometry":{"type":"Point","coordinates":[305938,315035]},"properties":{"OBJECTID":367,"monitoring":"F10649","monitori_1":"KILNASAGGART RIVER AT KILNASAGGART BRIDGE","river_wate":"GBNI1NB060602038","catchment":"Flurry","x":305938,"y":315035,"f2015_sites":"Yes","f2018_sites":"Yes","f2021_sites":"Yes","GlobalID":"9f8b83e4-6b96-40a7-a36a-158d6093ccff"}},{"type":"Feature","id":368,"geometry":{"type":"Point","coordinates":[296354,317988]},"properties":{"OBJECTID":368,"monitoring":"F10651","monitori_1":"CULLY WATER AT SILVER BRIDGE","river_wate":"GBNI1NB060608235","catchment":"Castletown","x":296354,"y":317988,"f2015_sites":"Yes","f2018_sites":"Yes","f2021_sites":"Yes","GlobalID":"6c559fa1-11d8-434f-873d-295eb7f9b34e"}},{"type":"Feature","id":369,"geometry":{"type":"Point","coordinates":[301481,315736]},"properties":{"OBJECTID":369,"monitoring":"F10652","monitori_1":"FORKILL RIVER AT LOWER BRIDGE, FORKILL","river_wate":"GBNI1NB060608228","catchment":"Castletown","x":301481,"y":315736,"f2015_sites":"Yes","f2018_sites":"Yes","f2021_sites":"Yes","GlobalID":"e2546466-eeb7-4f99-a732-88ade2994b96"}},{"type":"Feature","id":370,"geometry":{"type":"Point","coordinates":[289283,322766]},"properties":{"OBJECTID":370,"monitoring":"F10653","monitori_1":"COUNTY WATER (SOUTH ARMAGH) AT TRAYNORS BRIDGE","river_wate":"GBNI1NB060603027","catchment":"Fane","x":289283,"y":322766,"f2015_sites":"Yes","f2018_sites":"Yes","f2021_sites":"Yes","GlobalID":"4d8defe1-f149-4572-bfdf-fdcce119ebd2"}},{"type":"Feature","id":371,"geometry":{"type":"Point","coordinates":[194182,351892]},"properties":{"OBJECTID":371,"monitoring":"F10654","monitori_1":"ROOGAGH RIVER AT GARRISON","river_wate":"GBNI1NW353504065","catchment":"Roogagh","x":194182,"y":351892,"f2015_sites":"Yes","f2018_sites":"Yes","f2021_sites":"Yes","GlobalID":"33111068-7854-4cdd-8022-15096a969cc4"}},{"type":"Feature","id":372,"geometry":{"type":"Point","coordinates":[193774,350763]},"properties":{"OBJECTID":372,"monitoring":"F10657","monitori_1":"COUNTY RIVER (FERMANAGH) AT COUNTY BRIDGE","river_wate":"GBNI1NW353504075","catchment":"Bradoge","x":193774,"y":350763,"f2015_sites":"Yes","f2018_sites":"Yes","f2021_sites":"Yes","GlobalID":"349e71c2-a919-42ee-a701-3d52403c30ed"}},{"type":"Feature","id":373,"geometry":{"type":"Point","coordinates":[210908,357158]},"properties":{"OBJECTID":373,"monitoring":"F10658","monitori_1":"BLACKSLEE BURN AT HOLME BAY","river_wate":"GBNI1NW363601041","catchment":"Lower Erne","x":210908,"y":357158,"f2015_sites":"Yes","f2018_sites":"Yes","f2021_sites":"Yes","GlobalID":"ae23b5b9-44fd-46e4-afa6-518796168603"}},{"type":"Feature","id":374,"geometry":{"type":"Point","coordinates":[219878,358929]},"properties":{"OBJECTID":374,"monitoring":"F10659","monitori_1":"HOLLOW RIVER AT LISNARRICK","river_wate":"GBNI1NW363601005","catchment":"Lower Erne","x":219878,"y":358929,"f2015_sites":"Yes","f2018_sites":"Yes","f2021_sites":"Yes","GlobalID":"28f28b67-9f7f-4e16-be61-f9d44e74137a"}},{"type":"Feature","id":375,"geometry":{"type":"Point","coordinates":[198654,358611]},"properties":{"OBJECTID":375,"monitoring":"F10661","monitori_1":"ERNE RIVER AT ROSSCOR VIADUCT","river_wate":"GBNI1NW363604085","catchment":"Lower Erne","x":198654,"y":358611,"f2015_sites":"Yes","f2018_sites":"Yes","f2021_sites":"No","GlobalID":"b4da8594-d63f-4590-a98e-badb7fa84dd0"}},{"type":"Feature","id":376,"geometry":{"type":"Point","coordinates":[200913,363025]},"properties":{"OBJECTID":376,"monitoring":"F10663","monitori_1":"GARVARY RIVER AT LARKHILL","river_wate":"GBNI1NW363604072","catchment":"Lower Erne","x":200913,"y":363025,"f2015_sites":"Yes","f2018_sites":"Yes","f2021_sites":"Yes","GlobalID":"7d9224f0-465b-4339-a170-a909580cc794"}},{"type":"Feature","id":377,"geometry":{"type":"Point","coordinates":[208539,365180]},"properties":{"OBJECTID":377,"monitoring":"F10665","monitori_1":"WATERFOOT RIVER AT LETTER BRIDGE","river_wate":"GBNI1NW363604078","catchment":"Lower Erne","x":208539,"y":365180,"f2015_sites":"Yes","f2018_sites":"Yes","f2021_sites":"Yes","GlobalID":"32948a02-dc16-4825-adcf-d8a90d6eae34"}},{"type":"Feature","id":378,"geometry":{"type":"Point","coordinates":[223105,344293]},"properties":{"OBJECTID":378,"monitoring":"F10669","monitori_1":"ERNE RIVER AT ENNISKILLEN","river_wate":"GBNI1NW363602039","catchment":"Upper Erne","x":223105,"y":344293,"f2015_sites":"Yes","f2018_sites":"Yes","f2021_sites":"Yes","GlobalID":"42158465-853a-4b87-a77d-6dc7ebab5ed0"}},{"type":"Feature","id":379,"geometry":{"type":"Point","coordinates":[237495,330670]},"properties":{"OBJECTID":379,"monitoring":"F10672","monitori_1":"LOUGH-A-HACHE RIVER BELOW MOORLOUGH","river_wate":"GBNI1NW363602024","catchment":"Upper Erne","x":237495,"y":330670,"f2015_sites":"Yes","f2018_sites":"Yes","f2021_sites":"Yes","GlobalID":"a0aade1c-17a2-470d-9ce4-ddfebcc581f6"}},{"type":"Feature","id":380,"geometry":{"type":"Point","coordinates":[241827,325955]},"properties":{"OBJECTID":380,"monitoring":"F10675","monitori_1":"NEWTOWNBUTLER RIVER AT NEWTOWNBUTLER","river_wate":"GBNI1NW363602028","catchment":"Upper Erne","x":241827,"y":325955,"f2015_sites":"Yes","f2018_sites":"No","f2021_sites":"Yes","GlobalID":"7bce6e97-2ba4-4744-9c26-6d1571970ae8"}},{"type":"Feature","id":381,"geometry":{"type":"Point","coordinates":[210992,366763]},"properties":{"OBJECTID":381,"monitoring":"F10679","monitori_1":"TERMON RIVER AT TULLYHOMMON","river_wate":"GBNI1NW363604064","catchment":"Termon","x":210992,"y":366763,"f2015_sites":"Yes","f2018_sites":"Yes","f2021_sites":"Yes","GlobalID":"7eb767c5-fb44-432f-9ef2-32b9760883dc"}},{"type":"Feature","id":382,"geometry":{"type":"Point","coordinates":[216208,365386]},"properties":{"OBJECTID":382,"monitoring":"F10681","monitori_1":"BANNAGH RIVER AT BANNAGH BRIDGE","river_wate":"GBNI1NW363601058","catchment":"Bannagh","x":216208,"y":365386,"f2015_sites":"Yes","f2018_sites":"Yes","f2021_sites":"Yes","GlobalID":"96ef0faa-c21c-4d2f-908c-ebfaf73c8570"}},{"type":"Feature","id":383,"geometry":{"type":"Point","coordinates":[218368,363542]},"properties":{"OBJECTID":383,"monitoring":"F10684","monitori_1":"MANTLIN RIVER AT MANTLIN BRIDGE","river_wate":"GBNI1NW363601053","catchment":"Kesh","x":218368,"y":363542,"f2015_sites":"Yes","f2018_sites":"Yes","f2021_sites":"Yes","GlobalID":"fe000603-ddc4-4891-a8c3-89c25f47f995"}},{"type":"Feature","id":384,"geometry":{"type":"Point","coordinates":[217987,363923]},"properties":{"OBJECTID":384,"monitoring":"F10688","monitori_1":"KESH RIVER AT KESH BRIDGE","river_wate":"GBNI1NW363604055","catchment":"Kesh","x":217987,"y":363923,"f2015_sites":"Yes","f2018_sites":"Yes","f2021_sites":"Yes","GlobalID":"a8f4e97b-042f-40a9-b694-91a3230f4850"}},{"type":"Feature","id":385,"geometry":{"type":"Point","coordinates":[224432,366383]},"properties":{"OBJECTID":385,"monitoring":"F10690","monitori_1":"GLENDURRAGH RIVER AT EDENAMOHILL","river_wate":"GBNI1NW363601060","catchment":"Kesh","x":224432,"y":366383,"f2015_sites":"Yes","f2018_sites":"Yes","f2021_sites":"Yes","GlobalID":"039aa602-3556-4acc-a135-e9833473bcd1"}},{"type":"Feature","id":386,"geometry":{"type":"Point","coordinates":[218178,364476]},"properties":{"OBJECTID":386,"monitoring":"F10691","monitori_1":"DOORAA TRIBUTARY AT LETTERKEEN","river_wate":"GBNI1NW363601059","catchment":"Kesh","x":218178,"y":364476,"f2015_sites":"Yes","f2018_sites":"Yes","f2021_sites":"Yes","GlobalID":"c179d913-7e2f-45a7-9ce6-b1ae51e5df7d"}},{"type":"Feature","id":387,"geometry":{"type":"Point","coordinates":[223119,365440]},"properties":{"OBJECTID":387,"monitoring":"F10693","monitori_1":"EDENCLAW TRIBUTARY AT EDENCLAW","river_wate":"GBNI1NW363601047","catchment":"Kesh","x":223119,"y":365440,"f2015_sites":"Yes","f2018_sites":"Yes","f2021_sites":"Yes","GlobalID":"b244fd25-d383-47a2-9c19-cd0ef57e5e82"}},{"type":"Feature","id":388,"geometry":{"type":"Point","coordinates":[225627,351469]},"properties":{"OBJECTID":388,"monitoring":"F10694","monitori_1":"SALRY RIVER AT SALRY","river_wate":"GBNI1NW363601011","catchment":"Ballinamallard","x":225627,"y":351469,"f2015_sites":"Yes","f2018_sites":"Yes","f2021_sites":"Yes","GlobalID":"605aa86d-0e59-4633-a224-9caeb527191d"}},{"type":"Feature","id":389,"geometry":{"type":"Point","coordinates":[233256,355390]},"properties":{"OBJECTID":389,"monitoring":"F10696","monitori_1":"TRILLICK TRIBUTARY AT BOHEE","river_wate":"GBNI1NW363604056","catchment":"Ballinamallard","x":233256,"y":355390,"f2015_sites":"Yes","f2018_sites":"Yes","f2021_sites":"Yes","GlobalID":"e551fcc8-32f9-4bca-9506-9c90d5ef523d"}},{"type":"Feature","id":390,"geometry":{"type":"Point","coordinates":[230725,357831]},"properties":{"OBJECTID":390,"monitoring":"F10697","monitori_1":"BALLINAMALLARD RIVER AT BALLINAPASTE BRIDGE","river_wate":"GBNI1NW363604039","catchment":"Ballinamallard","x":230725,"y":357831,"f2015_sites":"Yes","f2018_sites":"Yes","f2021_sites":"Yes","GlobalID":"76f06e38-4c2f-4df5-ae75-0cd3317880fe"}},{"type":"Feature","id":391,"geometry":{"type":"Point","coordinates":[222769,350736]},"properties":{"OBJECTID":391,"monitoring":"F10700","monitori_1":"BALLINAMALLARD RIVER AT BALLYCASSIDY BRIDGE","river_wate":"GBNI1NW363601042","catchment":"Ballinamallard","x":222769,"y":350736,"f2015_sites":"Yes","f2018_sites":"Yes","f2021_sites":"Yes","GlobalID":"5776b457-6c25-477c-831e-0fb752d663cd"}},{"type":"Feature","id":392,"geometry":{"type":"Point","coordinates":[228086,353734]},"properties":{"OBJECTID":392,"monitoring":"F10701","monitori_1":"BALLINAMALLARD RIVER AT MAGHERACROSS BRIDGE","river_wate":"GBNI1NW363601046","catchment":"Ballinamallard","x":228086,"y":353734,"f2015_sites":"Yes","f2018_sites":"Yes","f2021_sites":"Yes","GlobalID":"25037097-b69d-40e7-87e3-b47c2b67581d"}},{"type":"Feature","id":393,"geometry":{"type":"Point","coordinates":[223604,353002]},"properties":{"OBJECTID":393,"monitoring":"F10702","monitori_1":"BALLYCASSIDY RIVER AT TULLYCLEA BRIDGE","river_wate":"GBNI1NW363604057","catchment":"Ballinamallard","x":223604,"y":353002,"f2015_sites":"Yes","f2018_sites":"Yes","f2021_sites":"Yes","GlobalID":"4c55a567-0c3a-4da1-aa52-f202f929225a"}},{"type":"Feature","id":394,"geometry":{"type":"Point","coordinates":[223030,356566]},"properties":{"OBJECTID":394,"monitoring":"F10703","monitori_1":"BALLYCASSIDY RIVER AT NECARNE","river_wate":"GBNI1NW363604057","catchment":"Ballinamallard","x":223030,"y":356566,"f2015_sites":"Yes","f2018_sites":"Yes","f2021_sites":"Yes","GlobalID":"f273d87e-7216-4359-8884-6c0c3b87e381"}},{"type":"Feature","id":395,"geometry":{"type":"Point","coordinates":[231021,356581]},"properties":{"OBJECTID":395,"monitoring":"F10704","monitori_1":"TRILLICK TRIBUTARY AT CARRAN BRIDGE","river_wate":"GBNI1NW363604056","catchment":"Ballinamallard","x":231021,"y":356581,"f2015_sites":"Yes","f2018_sites":"Yes","f2021_sites":"Yes","GlobalID":"b6279b66-3b42-45d3-aac7-3d52e301185c"}},{"type":"Feature","id":396,"geometry":{"type":"Point","coordinates":[242388,342637]},"properties":{"OBJECTID":396,"monitoring":"F10705","monitori_1":"RAW RIVER AT RAW BRIDGE","river_wate":"GBNI1NW363602020","catchment":"Colebrooke","x":242388,"y":342637,"f2015_sites":"Yes","f2018_sites":"Yes","f2021_sites":"Yes","GlobalID":"728f5776-78a9-420c-8aa6-814c32e79efb"}},{"type":"Feature","id":397,"geometry":{"type":"Point","coordinates":[245504,339530]},"properties":{"OBJECTID":397,"monitoring":"F10706","monitori_1":"COONEEN WATER AT LEGATILLIDA","river_wate":"GBNI1NW363602030","catchment":"Colebrooke","x":245504,"y":339530,"f2015_sites":"Yes","f2018_sites":"Yes","f2021_sites":"Yes","GlobalID":"58b9c8d5-705c-4e0e-a0ee-205942cc7387"}},{"type":"Feature","id":398,"geometry":{"type":"Point","coordinates":[247447,348126]},"properties":{"OBJECTID":398,"monitoring":"F10707","monitori_1":"CLEEN RIVER AT KILTERMON BRIDGE","river_wate":"GBNI1NW363604051","catchment":"Colebrooke","x":247447,"y":348126,"f2015_sites":"Yes","f2018_sites":"Yes","f2021_sites":"Yes","GlobalID":"1178e83a-420d-4d6e-ab6e-4687ffc4e956"}},{"type":"Feature","id":399,"geometry":{"type":"Point","coordinates":[241541,346342]},"properties":{"OBJECTID":399,"monitoring":"F10708","monitori_1":"RAMULT BURN AT RAMULT","river_wate":"GBNI1NW363602083","catchment":"Colebrooke","x":241541,"y":346342,"f2015_sites":"Yes","f2018_sites":"Yes","f2021_sites":"Yes","GlobalID":"117b0eb2-7016-4d30-8d33-900d7976f247"}},{"type":"Feature","id":400,"geometry":{"type":"Point","coordinates":[234106,346235]},"properties":{"OBJECTID":400,"monitoring":"F10710","monitori_1":"PUBBLE BURN AT PUBBLE BRIDGE","river_wate":"GBNI1NW363602054","catchment":"Colebrooke","x":234106,"y":346235,"f2015_sites":"Yes","f2018_sites":"Yes","f2021_sites":"Yes","GlobalID":"02999794-1273-4756-858e-9a21c8c9bc3b"}},{"type":"Feature","id":401,"geometry":{"type":"Point","coordinates":[235524,338958]},"properties":{"OBJECTID":401,"monitoring":"F10711","monitori_1":"AGHAVEA RIVER AT BOYHILL","river_wate":"GBNI1NW363602016","catchment":"Colebrooke","x":235524,"y":338958,"f2015_sites":"Yes","f2018_sites":"Yes","f2021_sites":"Yes","GlobalID":"995d2ffe-c0f6-4029-85ac-0ccad226d424"}},{"type":"Feature","id":402,"geometry":{"type":"Point","coordinates":[236294,331092]},"properties":{"OBJECTID":402,"monitoring":"F10714","monitori_1":"HOLLYBROOK RIVER AT AGHALURCHER","river_wate":"GBNI1NW363602025","catchment":"Colebrooke","x":236294,"y":331092,"f2015_sites":"Yes","f2018_sites":"Yes","f2021_sites":"Yes","GlobalID":"8861210e-2902-4be7-9d2a-8a4c089e157e"}},{"type":"Feature","id":403,"geometry":{"type":"Point","coordinates":[233132,335957]},"properties":{"OBJECTID":403,"monitoring":"F10715","monitori_1":"COLEBROOKE RIVER AT BALLINDARRAGH BRIDGE","river_wate":"GBNI1NW363602018","catchment":"Colebrooke","x":233132,"y":335957,"f2015_sites":"Yes","f2018_sites":"Yes","f2021_sites":"Yes","GlobalID":"4df830ef-5ea5-4594-b9a1-68fa2b2bb375"}},{"type":"Feature","id":404,"geometry":{"type":"Point","coordinates":[244469,343337]},"properties":{"OBJECTID":404,"monitoring":"F10717","monitori_1":"COLEBROOKE RIVER AT POLLBOY BRIDGE","river_wate":"GBNI1NW363604053","catchment":"Colebrooke","x":244469,"y":343337,"f2015_sites":"Yes","f2018_sites":"Yes","f2021_sites":"Yes","GlobalID":"efd4ecad-c600-4a37-b9b3-af80fcd775ec"}},{"type":"Feature","id":405,"geometry":{"type":"Point","coordinates":[234149,339172]},"properties":{"OBJECTID":405,"monitoring":"F10718","monitori_1":"TEMPO RIVER AT A4 ROAD BRIDGE","river_wate":"GBNI1NW363602022","catchment":"Colebrooke","x":234149,"y":339172,"f2015_sites":"Yes","f2018_sites":"Yes","f2021_sites":"Yes","GlobalID":"347a3cb0-a356-463c-8a87-ae369f280e60"}},{"type":"Feature","id":406,"geometry":{"type":"Point","coordinates":[236272,349109]},"properties":{"OBJECTID":406,"monitoring":"F10720","monitori_1":"TEMPO RIVER AT TATTINWEER BRIDGE","river_wate":"GBNI1NW363602043","catchment":"Colebrooke","x":236272,"y":349109,"f2015_sites":"Yes","f2018_sites":"Yes","f2021_sites":"Yes","GlobalID":"68e5c9ad-3542-48b0-8a4e-c5560297c10c"}},{"type":"Feature","id":407,"geometry":{"type":"Point","coordinates":[238416,347386]},"properties":{"OBJECTID":407,"monitoring":"F10721","monitori_1":"MANY BURNS RIVER AT MANYBURNS BRIDGE","river_wate":"GBNI1NW363602085","catchment":"Colebrooke","x":238416,"y":347386,"f2015_sites":"Yes","f2018_sites":"Yes","f2021_sites":"Yes","GlobalID":"b95b2dcb-b72e-4894-bef8-3121b78691ff"}},{"type":"Feature","id":408,"geometry":{"type":"Point","coordinates":[242808,345248]},"properties":{"OBJECTID":408,"monitoring":"F10722","monitori_1":"CLEEN RIVER AT CORRALONGFORD","river_wate":"GBNI1NW363604051","catchment":"Colebrooke","x":242808,"y":345248,"f2015_sites":"Yes","f2018_sites":"Yes","f2021_sites":"Yes","GlobalID":"ac53c7d8-3d17-497f-b99a-d771163b411d"}},{"type":"Feature","id":409,"geometry":{"type":"Point","coordinates":[254463,335674]},"properties":{"OBJECTID":409,"monitoring":"F10723","monitori_1":"CROCKADA RIVER AT DERRYVOLAN","river_wate":"GBNI1NW363604079","catchment":"Finn (Fermanagh)","x":254463,"y":335674,"f2015_sites":"Yes","f2018_sites":"Yes","f2021_sites":"No","GlobalID":"ec4a93f9-378d-41f6-a153-755c08ac083e"}},{"type":"Feature","id":410,"geometry":{"type":"Point","coordinates":[253069,337024]},"properties":{"OBJECTID":410,"monitoring":"F10724","monitori_1":"LOUGH TAWY RIVER AT CRINASH","river_wate":"GBNI1NW363604079","catchment":"Finn (Fermanagh)","x":253069,"y":337024,"f2015_sites":"Yes","f2018_sites":"Yes","f2021_sites":"No","GlobalID":"208b1806-3f32-41b0-9e43-752518017183"}},{"type":"Feature","id":411,"geometry":{"type":"Point","coordinates":[250581,330460]},"properties":{"OBJECTID":411,"monitoring":"F10725","monitori_1":"KILLYLACKY RIVER ABOVE ROSE LOUGH","river_wate":"GBNI1NW363604066","catchment":"Finn (Fermanagh)","x":250581,"y":330460,"f2015_sites":"Yes","f2018_sites":"Yes","f2021_sites":"No","GlobalID":"0ea239db-11c2-469b-ae56-7ca4ff26310f"}},{"type":"Feature","id":412,"geometry":{"type":"Point","coordinates":[254277,333699]},"properties":{"OBJECTID":412,"monitoring":"F10726","monitori_1":"DRUMSHANCORICK RIVER AT DEER PARK","river_wate":"GBNI1NW363602026","catchment":"Finn (Fermanagh)","x":254277,"y":333699,"f2015_sites":"Yes","f2018_sites":"Yes","f2021_sites":"Yes","GlobalID":"64a9f9ae-0b18-4223-94a5-2d7e10b4733e"}},{"type":"Feature","id":413,"geometry":{"type":"Point","coordinates":[251751,336424]},"properties":{"OBJECTID":413,"monitoring":"F10727","monitori_1":"BUNLOUGHER BURN AT BRUSCARNAGH","river_wate":"GBNI1NW363604079","catchment":"Finn (Fermanagh)","x":251751,"y":336424,"f2015_sites":"Yes","f2018_sites":"Yes","f2021_sites":"Yes","GlobalID":"0fb46a17-c315-409a-b2e0-793f877484df"}},{"type":"Feature","id":414,"geometry":{"type":"Point","coordinates":[242532,320254]},"properties":{"OBJECTID":414,"monitoring":"F10728","monitori_1":"FINN (ERNE) RIVER AT WATTLE BRIDGE","river_wate":"GBNI1NW363604080","catchment":"Finn (Fermanagh)","x":242532,"y":320254,"f2015_sites":"Yes","f2018_sites":"Yes","f2021_sites":"Yes","GlobalID":"ff6953dc-119f-499e-a378-c39e078a34ee"}},{"type":"Feature","id":415,"geometry":{"type":"Point","coordinates":[253788,332507]},"properties":{"OBJECTID":415,"monitoring":"F10731","monitori_1":"FINN (ERNE) RIVER AT ROSSLEA","river_wate":"GBNI1NW363604084","catchment":"Finn (Fermanagh)","x":253788,"y":332507,"f2015_sites":"Yes","f2018_sites":"Yes","f2021_sites":"Yes","GlobalID":"c9a4fb12-5215-43a4-a036-d2c83c7c8432"}},{"type":"Feature","id":416,"geometry":{"type":"Point","coordinates":[248564,323706]},"properties":{"OBJECTID":416,"monitoring":"F10732","monitori_1":"LACKEY RIVER AT CARRA OLD BRIDGE","river_wate":"GBNI1NW363604066","catchment":"Finn (Fermanagh)","x":248564,"y":323706,"f2015_sites":"Yes","f2018_sites":"Yes","f2021_sites":"Yes","GlobalID":"53bd6c2c-48a2-4833-b92f-2013661e8348"}},{"type":"Feature","id":417,"geometry":{"type":"Point","coordinates":[234156,319408]},"properties":{"OBJECTID":417,"monitoring":"F10734","monitori_1":"WOODFORD RIVER AT AGHALANE","river_wate":"GBNI1NW363604083","catchment":"Woodford","x":234156,"y":319408,"f2015_sites":"Yes","f2018_sites":"Yes","f2021_sites":"Yes","GlobalID":"9d745fc4-db0f-4dc7-b0de-27c402a4b5b1"}},{"type":"Feature","id":418,"geometry":{"type":"Point","coordinates":[225311,331306]},"properties":{"OBJECTID":418,"monitoring":"F10735","monitori_1":"SWANLINBAR RIVER AT THOMPSONS BRIDGE","river_wate":"GBNI1NW363604054","catchment":"Swanlinbar","x":225311,"y":331306,"f2015_sites":"Yes","f2018_sites":"Yes","f2021_sites":"Yes","GlobalID":"a0414009-67a8-4dd9-9fc6-c4f09f8e3a02"}},{"type":"Feature","id":419,"geometry":{"type":"Point","coordinates":[223691,336504]},"properties":{"OBJECTID":419,"monitoring":"F10736","monitori_1":"ARNEY RIVER AT DRUMANE BRIDGE","river_wate":"GBNI1NW363604059","catchment":"Arney","x":223691,"y":336504,"f2015_sites":"Yes","f2018_sites":"Yes","f2021_sites":"Yes","GlobalID":"9884696e-badb-4547-8191-dc924bd31f47"}},{"type":"Feature","id":420,"geometry":{"type":"Point","coordinates":[217572,337406]},"properties":{"OBJECTID":420,"monitoring":"F10737","monitori_1":"ARNEY RIVER AT BROCKAGH BRIDGE","river_wate":"GBNI1NW363604059","catchment":"Arney","x":217572,"y":337406,"f2015_sites":"Yes","f2018_sites":"Yes","f2021_sites":"Yes","GlobalID":"2d952c0c-d88e-487d-86a0-dba8cb3f864e"}},{"type":"Feature","id":421,"geometry":{"type":"Point","coordinates":[208298,338397]},"properties":{"OBJECTID":421,"monitoring":"F10740","monitori_1":"BELCOO RIVER AT BELCOO BRIDGE","river_wate":"GBNI1NW363602092","catchment":"Arney","x":208298,"y":338397,"f2015_sites":"Yes","f2018_sites":"Yes","f2021_sites":"Yes","GlobalID":"41890b62-1d7d-4304-82cb-5cdda2210565"}},{"type":"Feature","id":422,"geometry":{"type":"Point","coordinates":[201906,343477]},"properties":{"OBJECTID":422,"monitoring":"F10743","monitori_1":"BLACK RIVER AT B52 ROAD BRIDGE","river_wate":"GBNI1NW363601036","catchment":"Arney","x":201906,"y":343477,"f2015_sites":"Yes","f2018_sites":"Yes","f2021_sites":"Yes","GlobalID":"09a76a2c-d6d3-49df-955d-aa731bc48692"}},{"type":"Feature","id":423,"geometry":{"type":"Point","coordinates":[213237,336690]},"properties":{"OBJECTID":423,"monitoring":"F10744","monitori_1":"CLADAGH RIVER AT GORTEEN","river_wate":"GBNI1NW363601084","catchment":"Arney","x":213237,"y":336690,"f2015_sites":"Yes","f2018_sites":"Yes","f2021_sites":"Yes","GlobalID":"9d7a30cc-8cdd-45c8-9a13-3447e34e4e95"}},{"type":"Feature","id":424,"geometry":{"type":"Point","coordinates":[223015,341284]},"properties":{"OBJECTID":424,"monitoring":"F10746","monitori_1":"SILLEES RIVER AT DRUMKEEN NEW BRIDGE","river_wate":"GBNI1NW363601044","catchment":"Sillees","x":223015,"y":341284,"f2015_sites":"Yes","f2018_sites":"Yes","f2021_sites":"Yes","GlobalID":"bbb33a39-bf55-403f-acf6-2ed972ccfbe6"}},{"type":"Feature","id":425,"geometry":{"type":"Point","coordinates":[212994,347106]},"properties":{"OBJECTID":425,"monitoring":"F10748","monitori_1":"SILLEES RIVER AT CARR BRIDGE","river_wate":"GBNI1NW363604058","catchment":"Sillees","x":212994,"y":347106,"f2015_sites":"Yes","f2018_sites":"Yes","f2021_sites":"Yes","GlobalID":"a6e47666-da52-47b7-9739-a25bf8dc4275"}},{"type":"Feature","id":426,"geometry":{"type":"Point","coordinates":[211824,352122]},"properties":{"OBJECTID":426,"monitoring":"F10750","monitori_1":"SILLEES RIVER AT DERRYGONNELLY BRIDGE","river_wate":"GBNI1NW363601056","catchment":"Sillees","x":211824,"y":352122,"f2015_sites":"Yes","f2018_sites":"Yes","f2021_sites":"No","GlobalID":"62ee9e7b-0155-42d2-b0e7-48cb016d450d"}},{"type":"Feature","id":427,"geometry":{"type":"Point","coordinates":[213377,344537]},"properties":{"OBJECTID":427,"monitoring":"F10751","monitori_1":"BOHO TRIBUTARY AT BOHO","river_wate":"GBNI1NW363601010","catchment":"Sillees","x":213377,"y":344537,"f2015_sites":"Yes","f2018_sites":"Yes","f2021_sites":"Yes","GlobalID":"dab44a8b-30fc-43b3-bb88-1221bf297fc1"}},{"type":"Feature","id":428,"geometry":{"type":"Point","coordinates":[210787,349215]},"properties":{"OBJECTID":428,"monitoring":"F10752","monitori_1":"SCREENAGH RIVER AT AGHAKEERAN","river_wate":"GBNI1NW363601055","catchment":"Sillees","x":210787,"y":349215,"f2015_sites":"Yes","f2018_sites":"Yes","f2021_sites":"Yes","GlobalID":"1f9bf197-e98b-425a-b56e-ea1686f44a5c"}},{"type":"Feature","id":429,"geometry":{"type":"Point","coordinates":[223478,330696]},"properties":{"OBJECTID":429,"monitoring":"F10753","monitori_1":"MOHER RIVER AT CORRY BRIDGE","river_wate":"GBNI1NW363604054","catchment":"Swanlinbar","x":223478,"y":330696,"f2015_sites":"Yes","f2018_sites":"Yes","f2021_sites":"Yes","GlobalID":"449070f5-34ca-4b4d-bdb8-db258ac9c2f5"}},{"type":"Feature","id":430,"geometry":{"type":"Point","coordinates":[222598,328679]},"properties":{"OBJECTID":430,"monitoring":"F10754","monitori_1":"OWENGARR RIVER AT GLASDRUMMAN BRIDGE","river_wate":"GBNI1NW363602095","catchment":"Swanlinbar","x":222598,"y":328679,"f2015_sites":"Yes","f2018_sites":"Yes","f2021_sites":"Yes","GlobalID":"b66e61b9-c498-4af4-8c30-81fe988125ca"}},{"type":"Feature","id":431,"geometry":{"type":"Point","coordinates":[219320,335398]},"properties":{"OBJECTID":431,"monitoring":"F10756","monitori_1":"FLORENCECOURT RIVER AT A32 ROAD BRIDGE","river_wate":"GBNI1NW363601049","catchment":"Arney","x":219320,"y":335398,"f2015_sites":"Yes","f2018_sites":"Yes","f2021_sites":"Yes","GlobalID":"51b3ef40-96e9-4f63-b865-d1586bf66315"}},{"type":"Feature","id":432,"geometry":{"type":"Point","coordinates":[208060,339141]},"properties":{"OBJECTID":432,"monitoring":"F10757","monitori_1":"LURGAN RIVER AT BELCOO","river_wate":"GBNI1NW363601007","catchment":"Arney","x":208060,"y":339141,"f2015_sites":"Yes","f2018_sites":"Yes","f2021_sites":"Yes","GlobalID":"1812e09e-0bba-4a07-966d-07b6cdb35084"}},{"type":"Feature","id":433,"geometry":{"type":"Point","coordinates":[212558,338486]},"properties":{"OBJECTID":433,"monitoring":"F10760","monitori_1":"DRUMHARRIFF BURN AT KNOCKNAFADEELA","river_wate":"GBNI1NW363602093","catchment":"Arney","x":212558,"y":338486,"f2015_sites":"Yes","f2018_sites":"No","f2021_sites":"No","GlobalID":"5fb9005d-381b-4261-88f3-7a0872a1b795"}},{"type":"Feature","id":434,"geometry":{"type":"Point","coordinates":[241053,421196]},"properties":{"OBJECTID":434,"monitoring":"F10763","monitori_1":"SKEOGE RIVER AT ELAGH ROAD","river_wate":"GBNI1NW393901002","catchment":"Burnfoot (L Foyle West)","x":241053,"y":421196,"f2015_sites":"Yes","f2018_sites":"Yes","f2021_sites":"Yes","GlobalID":"97072187-67e3-4e42-91b1-db18a516c8b5"}},{"type":"Feature","id":435,"geometry":{"type":"Point","coordinates":[284225,351767]},"properties":{"OBJECTID":435,"monitoring":"F10896","monitori_1":"BALLYMARTRIM WATER AT BR ON ARTASOOLY ROAD","river_wate":"GBNI1NB030307045","catchment":"Blackwater","x":284225,"y":351767,"f2015_sites":"Yes","f2018_sites":"Yes","f2021_sites":"Yes","GlobalID":"b58910f9-8c96-488c-a3b2-73049fa7bc82"}},{"type":"Feature","id":436,"geometry":{"type":"Point","coordinates":[284433,417122]},"properties":{"OBJECTID":436,"monitoring":"F10898","monitori_1":"METTICAN RIVER AT METTICAN BRIDGE","river_wate":"GBNI1NB030301224","catchment":"Lower Bann","x":284433,"y":417122,"f2015_sites":"Yes","f2018_sites":"Yes","f2021_sites":"Yes","GlobalID":"47134b40-9b58-47e7-9412-78ccc39c4a25"}},{"type":"Feature","id":437,"geometry":{"type":"Point","coordinates":[200147,345694]},"properties":{"OBJECTID":437,"monitoring":"F10899","monitori_1":"LATTONE TRIBUTARY AT LATTONE BRIDGE","river_wate":"GBNI1NW353504076","catchment":"County","x":200147,"y":345694,"f2015_sites":"Yes","f2018_sites":"Yes","f2021_sites":"Yes","GlobalID":"eea8df45-185a-4821-a13d-9fbcbe5c8da5"}},{"type":"Feature","id":438,"geometry":{"type":"Point","coordinates":[288669,313014]},"properties":{"OBJECTID":438,"monitoring":"F10900","monitori_1":"FANE RIVER AT ART HAMILL BRIDGE","river_wate":"GBNI1NB060608249","catchment":"Fane","x":288669,"y":313014,"f2015_sites":"Yes","f2018_sites":"Yes","f2021_sites":"Yes","GlobalID":"b3063e30-b37a-4340-8722-573285599eb4"}},{"type":"Feature","id":439,"geometry":{"type":"Point","coordinates":[227147,341097]},"properties":{"OBJECTID":439,"monitoring":"F10901","monitori_1":"TAMLAGHT TRIBUTARY AT  BRIDGE AT TAMLAGHT","river_wate":"GBNI1NW363602038","catchment":"Upper Erne","x":227147,"y":341097,"f2015_sites":"Yes","f2018_sites":"Yes","f2021_sites":"Yes","GlobalID":"3573f7b2-c013-4341-aa08-f112e7b335d2"}},{"type":"Feature","id":440,"geometry":{"type":"Point","coordinates":[241511,322581]},"properties":{"OBJECTID":440,"monitoring":"F10902","monitori_1":"STARRAGHEN TRIBUTARY AT STARRAGHEN BRIDGE","river_wate":"GBNI1NW363604067","catchment":"Upper Erne","x":241511,"y":322581,"f2015_sites":"Yes","f2018_sites":"Yes","f2021_sites":"Yes","GlobalID":"882903e2-9902-45bf-becb-813a6f5aeb87"}},{"type":"Feature","id":441,"geometry":{"type":"Point","coordinates":[231036,321164]},"properties":{"OBJECTID":441,"monitoring":"F10903","monitori_1":"DERRYHOOLY TRIBUTARY AT CORRY","river_wate":"GBNI1NW363602029","catchment":"Woodford","x":231036,"y":321164,"f2015_sites":"Yes","f2018_sites":"Yes","f2021_sites":"Yes","GlobalID":"1719c2c1-fb84-4a12-b5f4-15c5add5ba4e"}},{"type":"Feature","id":442,"geometry":{"type":"Point","coordinates":[286594,378383]},"properties":{"OBJECTID":442,"monitoring":"F10904","monitori_1":"LISSAN WATER AT LITTLE BRIDGE","river_wate":"GBNI1NB030308231","catchment":"Ballinderry","x":286594,"y":378383,"f2015_sites":"Yes","f2018_sites":"Yes","f2021_sites":"Yes","GlobalID":"8f3d77b1-1d3e-4b11-a55e-a66f3f6cc833"}},{"type":"Feature","id":443,"geometry":{"type":"Point","coordinates":[288072,377331]},"properties":{"OBJECTID":443,"monitoring":"F10905","monitori_1":"LISSAN WATER AT FLOOD LODGE FOOTBRIDGE","river_wate":"GBNI1NB030308231","catchment":"Ballinderry","x":288072,"y":377331,"f2015_sites":"Yes","f2018_sites":"Yes","f2021_sites":"Yes","GlobalID":"39e5ef9c-d2d5-47ab-84e5-97caf22cab1d"}},{"type":"Feature","id":444,"geometry":{"type":"Point","coordinates":[288731,360098]},"properties":{"OBJECTID":444,"monitoring":"F10910","monitori_1":"TALL RIVER AT CLONMORE","river_wate":"GBNI1NB030307129","catchment":"Blackwater","x":288731,"y":360098,"f2015_sites":"Yes","f2018_sites":"Yes","f2021_sites":"Yes","GlobalID":"67e5cd6f-b22f-4558-b4ee-482470c15e03"}},{"type":"Feature","id":445,"geometry":{"type":"Point","coordinates":[268228,423992]},"properties":{"OBJECTID":445,"monitoring":"F10912","monitori_1":"CASTLE RIVER AT CASTLE BRIDGE","river_wate":"GBNI1NW020204061","catchment":"Roe","x":268228,"y":423992,"f2015_sites":"Yes","f2018_sites":"Yes","f2021_sites":"Yes","GlobalID":"22c8831b-c647-4fcd-a78f-e9730df6d8ec"}},{"type":"Feature","id":446,"geometry":{"type":"Point","coordinates":[289374,421882]},"properties":{"OBJECTID":446,"monitoring":"F10913","monitori_1":"AGIVEY RIVER AT BRICKHILL BRIDGE","river_wate":"GBNI1NB030308237","catchment":"Lower Bann","x":289374,"y":421882,"f2015_sites":"Yes","f2018_sites":"No","f2021_sites":"No","GlobalID":"086dc98c-f054-4e30-97db-579546c43678"}},{"type":"Feature","id":447,"geometry":{"type":"Point","coordinates":[281175,414522]},"properties":{"OBJECTID":447,"monitoring":"F10914","monitori_1":"AGIVEY RIVER AT ERRIGAL BRIDGE","river_wate":"GBNI1NB030301075","catchment":"Lower Bann","x":281175,"y":414522,"f2015_sites":"Yes","f2018_sites":"Yes","f2021_sites":"Yes","GlobalID":"710bf671-4308-4735-a9c5-9403e3e0debb"}},{"type":"Feature","id":448,"geometry":{"type":"Point","coordinates":[289560,403722]},"properties":{"OBJECTID":448,"monitoring":"F10915","monitori_1":"KNOCKONEILL RIVER AT DUNGLADY BRIDGE","river_wate":"GBNI1NB030301069","catchment":"Lower Bann","x":289560,"y":403722,"f2015_sites":"Yes","f2018_sites":"Yes","f2021_sites":"Yes","GlobalID":"f01521b6-13c1-498e-a953-0effc469287a"}},{"type":"Feature","id":449,"geometry":{"type":"Point","coordinates":[289850,422917]},"properties":{"OBJECTID":449,"monitoring":"F10916","monitori_1":"AGHADOWEY RIVER AT AGIVEY BRIDGE","river_wate":"GBNI1NB030301213","catchment":"Lower Bann","x":289850,"y":422917,"f2015_sites":"Yes","f2018_sites":"Yes","f2021_sites":"Yes","GlobalID":"f8838c8f-ced4-4c24-a1cc-5e8b24e4a5bc"}},{"type":"Feature","id":450,"geometry":{"type":"Point","coordinates":[294720,312710]},"properties":{"OBJECTID":450,"monitoring":"F10918","monitori_1":"CREGGAN RIVER AT COOLDERRY BRIDGE","river_wate":"GBNI1NB060608246","catchment":"Castletown","x":294720,"y":312710,"f2015_sites":"Yes","f2018_sites":"Yes","f2021_sites":"Yes","GlobalID":"9a6e2a78-75e9-432f-afaf-97564f10c9cf"}},{"type":"Feature","id":451,"geometry":{"type":"Point","coordinates":[237014,328356]},"properties":{"OBJECTID":451,"monitoring":"F10919","monitori_1":"LOUGH-A-HACHE RIVER AT DERRYANY BRIDGE","river_wate":"GBNI1NW363602024","catchment":"Upper Erne","x":237014,"y":328356,"f2015_sites":"Yes","f2018_sites":"Yes","f2021_sites":"Yes","GlobalID":"cf3ab4b0-4574-4246-8662-a4412dd8171a"}},{"type":"Feature","id":452,"geometry":{"type":"Point","coordinates":[244881,342817]},"properties":{"OBJECTID":452,"monitoring":"F10922","monitori_1":"COONEEN WATER AT GROGEY BRIDGE","river_wate":"GBNI1NW363602030","catchment":"Colebrooke","x":244881,"y":342817,"f2015_sites":"Yes","f2018_sites":"Yes","f2021_sites":"Yes","GlobalID":"3145d2b1-7dea-4ca6-8de3-973d3ac9f8c1"}},{"type":"Feature","id":453,"geometry":{"type":"Point","coordinates":[249466,328788]},"properties":{"OBJECTID":453,"monitoring":"F10923","monitori_1":"KILLYLACKY RIVER AT LACKY BRIDGE","river_wate":"GBNI1NW363604066","catchment":"Finn (Fermanagh)","x":249466,"y":328788,"f2015_sites":"Yes","f2018_sites":"Yes","f2021_sites":"Yes","GlobalID":"38fac03c-b8fa-4188-8925-594a0fc31dc4"}},{"type":"Feature","id":454,"geometry":{"type":"Point","coordinates":[245624,389949]},"properties":{"OBJECTID":454,"monitoring":"F10938","monitori_1":"GLENELLY RIVER AT GLASHY BRIDGE","river_wate":"GBNI1NW010104040","catchment":"Owenkillew","x":245624,"y":389949,"f2015_sites":"Yes","f2018_sites":"Yes","f2021_sites":"Yes","GlobalID":"ed9a5820-c560-4b24-bb50-19cc85b0131e"}},{"type":"Feature","id":455,"geometry":{"type":"Point","coordinates":[230218,322415]},"properties":{"OBJECTID":455,"monitoring":"F10947","monitori_1":"DERRYHOOLY TRIBUTARY AT DERRYLANEY","river_wate":"GBNI1NW363602029","catchment":"Woodford","x":230218,"y":322415,"f2015_sites":"Yes","f2018_sites":"Yes","f2021_sites":"Yes","GlobalID":"f3cc9eb5-66a1-450f-84cb-9ad83d14a113"}},{"type":"Feature","id":456,"geometry":{"type":"Point","coordinates":[248936,420039]},"properties":{"OBJECTID":456,"monitoring":"F10948","monitori_1":"FAUGHAN RIVER AT CARMONEY WTW","river_wate":"GBNI1NW020208259","catchment":"Faughan","x":248936,"y":420039,"f2015_sites":"Yes","f2018_sites":"Yes","f2021_sites":"Yes","GlobalID":"3569d520-d83f-4c23-bfaf-cf1f837c20e6"}},{"type":"Feature","id":457,"geometry":{"type":"Point","coordinates":[254375,404692]},"properties":{"OBJECTID":457,"monitoring":"F10950","monitori_1":"GLENRANDAL RIVER AT LING BRIDGE","river_wate":"GBNI1NW020204038","catchment":"Faughan","x":254375,"y":404692,"f2015_sites":"Yes","f2018_sites":"Yes","f2021_sites":"Yes","GlobalID":"300e08dd-d481-4f42-9af5-c75d392f8bc2"}},{"type":"Feature","id":458,"geometry":{"type":"Point","coordinates":[237056,364870]},"properties":{"OBJECTID":458,"monitoring":"F10951","monitori_1":"OWENREAGH (SOUTH) RIVER AT DRUMLISH","river_wate":"GBNI1NW010102053","catchment":"Drumragh","x":237056,"y":364870,"f2015_sites":"Yes","f2018_sites":"Yes","f2021_sites":"Yes","GlobalID":"bc8bf3aa-14e1-4fa2-ae3d-68d356eb5a79"}},{"type":"Feature","id":459,"geometry":{"type":"Point","coordinates":[306048,319793]},"properties":{"OBJECTID":459,"monitoring":"F10977","monitori_1":"FLURRY RIVER AT LOW ROAD BRIDGE","river_wate":"GBNI1NB060608247","catchment":"Flurry","x":306048,"y":319793,"f2015_sites":"Yes","f2018_sites":"Yes","f2021_sites":"Yes","GlobalID":"76c2c440-f246-43b2-bccf-eed704b8111d"}},{"type":"Feature","id":460,"geometry":{"type":"Point","coordinates":[270436,380014]},"properties":{"OBJECTID":460,"monitoring":"F10978","monitori_1":"BALLINDERRY RIVER AT DUNAMORE BRIDGE","river_wate":"GBNI1NB030304240","catchment":"Ballinderry","x":270436,"y":380014,"f2015_sites":"Yes","f2018_sites":"Yes","f2021_sites":"Yes","GlobalID":"19c6da6d-0997-4041-a092-3ee90b40de77"}},{"type":"Feature","id":461,"geometry":{"type":"Point","coordinates":[210507,376237]},"properties":{"OBJECTID":461,"monitoring":"F10979","monitori_1":"RIVER DERG AT CROCKNACUNNY FOREST","river_wate":"GBNI1NW010104068","catchment":"Derg","x":210507,"y":376237,"f2015_sites":"Yes","f2018_sites":"Yes","f2021_sites":"Yes","GlobalID":"351b4849-4be0-40d6-a03a-1429c423446b"}},{"type":"Feature","id":462,"geometry":{"type":"Point","coordinates":[232926,366222]},"properties":{"OBJECTID":462,"monitoring":"F10980","monitori_1":"DERRYNASEER TRIBUTARY AT DERRYNASEER","river_wate":"GBNI1NW010102051","catchment":"Drumragh","x":232926,"y":366222,"f2015_sites":"Yes","f2018_sites":"Yes","f2021_sites":"Yes","GlobalID":"940652fe-6aad-4923-a139-6cf616434a67"}},{"type":"Feature","id":463,"geometry":{"type":"Point","coordinates":[330564,324995]},"properties":{"OBJECTID":463,"monitoring":"F10981","monitori_1":"BEN CROM STREAM ABOVE SILENT VALLEY","river_wate":"GBNI1NE050505114","catchment":"Kilkeel & Mourne Streams","x":330564,"y":324995,"f2015_sites":"Yes","f2018_sites":"Yes","f2021_sites":"Yes","GlobalID":"d6915aa0-27d1-43aa-ae44-ca5de8df59d3"}},{"type":"Feature","id":464,"geometry":{"type":"Point","coordinates":[322861,427980]},"properties":{"OBJECTID":464,"monitoring":"F10982","monitori_1":"GLENAAN RIVER AT CLOGHS BRIDGE","river_wate":"GBNI1NE040405121","catchment":"NE Coast","x":322861,"y":427980,"f2015_sites":"Yes","f2018_sites":"Yes","f2021_sites":"Yes","GlobalID":"261b7d1d-232f-4e44-9664-9ecafa7e8f22"}},{"type":"Feature","id":465,"geometry":{"type":"Point","coordinates":[350004,353193]},"properties":{"OBJECTID":465,"monitoring":"F11179","monitori_1":"DIBNEY RIVER AT JERICHO ROAD BRIDGE","river_wate":"GBNI1NE050504009","catchment":"SE Down Streams","x":350004,"y":353193,"f2015_sites":"Yes","f2018_sites":"Yes","f2021_sites":"Yes","GlobalID":"efc673ff-1a26-4f64-8e23-965c5d77844e"}},{"type":"Feature","id":466,"geometry":{"type":"Point","coordinates":[278716,378165]},"properties":{"OBJECTID":466,"monitoring":"F11181","monitori_1":"BALLINDERRY RIVER AT AUGHLISH BRIDGE","river_wate":"GBNI1NB030308230","catchment":"Ballinderry","x":278716,"y":378165,"f2015_sites":"Yes","f2018_sites":"Yes","f2021_sites":"Yes","GlobalID":"97762ede-9343-4508-ba88-55314d97200e"}},{"type":"Feature","id":467,"geometry":{"type":"Point","coordinates":[311325,440321]},"properties":{"OBJECTID":467,"monitoring":"F11185","monitori_1":"TOW RIVER AT 32 MILL STREET","river_wate":"GBNI1NE040403033","catchment":"NE Coast","x":311325,"y":440321,"f2015_sites":"Yes","f2018_sites":"Yes","f2021_sites":"Yes","GlobalID":"d8cd30f5-c5ec-4d31-914d-803714490249"}},{"type":"Feature","id":468,"geometry":{"type":"Point","coordinates":[322772,427872]},"properties":{"OBJECTID":468,"monitoring":"F11203","monitori_1":"BALLYEMON R AT BLACKSMITH COTTAGE LANE","river_wate":"GBNI1NE040405121","catchment":"NE Coast","x":322772,"y":427872,"f2015_sites":"Yes","f2018_sites":"Yes","f2021_sites":"Yes","GlobalID":"302f4fca-8860-4e11-aa65-bdb5e8c14626"}},{"type":"Feature","id":469,"geometry":{"type":"Point","coordinates":[308085,328467]},"properties":{"OBJECTID":469,"monitoring":"F11204","monitori_1":"NEWRY RIVER AT DAMOLLY ROW","river_wate":"GBNI1NB060608227","catchment":"Newry","x":308085,"y":328467,"f2015_sites":"Yes","f2018_sites":"Yes","f2021_sites":"Yes","GlobalID":"606bea7b-4123-48af-97aa-240e96d38136"}},{"type":"Feature","id":470,"geometry":{"type":"Point","coordinates":[268751,408774]},"properties":{"OBJECTID":470,"monitoring":"F11208","monitori_1":"ROE R AT TURMEEL BR","river_wate":"GBNI1NW020202015","catchment":"Roe","x":268751,"y":408774,"f2015_sites":"Yes","f2018_sites":"Yes","f2021_sites":"Yes","GlobalID":"03cc4e2e-87cf-4a6b-9b2b-76ae3ed7370d"}},{"type":"Feature","id":471,"geometry":{"type":"Point","coordinates":[281111,434914]},"properties":{"OBJECTID":471,"monitoring":"F11209","monitori_1":"BANN BROOK AT BANNBROOK BRIDGE","river_wate":"GBNI1NB030301071","catchment":"Lower Bann","x":281111,"y":434914,"f2015_sites":"Yes","f2018_sites":"Yes","f2021_sites":"Yes","GlobalID":"d1c1f2e7-7320-448a-9f31-6f0d30cf8a59"}},{"type":"Feature","id":472,"geometry":{"type":"Point","coordinates":[284915,432597]},"properties":{"OBJECTID":472,"monitoring":"F11210","monitori_1":"BALLYVERSAL STREAM AT CIRCULAR ROAD BRIDGE","river_wate":"GBNI1NB030301223","catchment":"Lower Bann","x":284915,"y":432597,"f2015_sites":"Yes","f2018_sites":"Yes","f2021_sites":"Yes","GlobalID":"bbe1903e-dd88-4824-a4b0-b7a1a194e7a8"}},{"type":"Feature","id":473,"geometry":{"type":"Point","coordinates":[337199,407748]},"properties":{"OBJECTID":473,"monitoring":"F11211","monitori_1":"BALLYGALLEY BURN AT CARNCASTLE ROAD BRIDGE","river_wate":"GBNI1NE040403011","catchment":"NE Coast","x":337199,"y":407748,"f2015_sites":"Yes","f2018_sites":"Yes","f2021_sites":"Yes","GlobalID":"dc5234d1-f349-4c17-9170-3150a5ce567f"}},{"type":"Feature","id":474,"geometry":{"type":"Point","coordinates":[299198,444454]},"properties":{"OBJECTID":474,"monitoring":"F11212","monitori_1":"DUNSEVERICK RIVER AT DUNSEVERICK BRIDGE","river_wate":"GBNI1NE040403034","catchment":"NE Coast","x":299198,"y":444454,"f2015_sites":"Yes","f2018_sites":"Yes","f2021_sites":"Yes","GlobalID":"f8757e35-c8ce-4776-85fe-8864773000bf"}},{"type":"Feature","id":475,"geometry":{"type":"Point","coordinates":[361647,372849]},"properties":{"OBJECTID":475,"monitoring":"F11213","monitori_1":"GANAWAY BURN AT GANAWAY BRIDGE","river_wate":"GBNI1NE050504031","catchment":"N Down & Ards Peninsula","x":361647,"y":372849,"f2015_sites":"Yes","f2018_sites":"Yes","f2021_sites":"Yes","GlobalID":"7eca9cf8-704a-4743-a67f-4f3fce481332"}},{"type":"Feature","id":476,"geometry":{"type":"Point","coordinates":[354132,338346]},"properties":{"OBJECTID":476,"monitoring":"F11214","monitori_1":"KILLOUGH RIVER AT LURGAN BRIDGE","river_wate":"GBNI1NE050505068","catchment":"SE Down Streams","x":354132,"y":338346,"f2015_sites":"Yes","f2018_sites":"Yes","f2021_sites":"Yes","GlobalID":"0bed34fc-8022-43f7-b276-7295b9c95345"}},{"type":"Feature","id":477,"geometry":{"type":"Point","coordinates":[351855,359551]},"properties":{"OBJECTID":477,"monitoring":"F11216","monitori_1":"BALLYMORRAN BURN AT ISLANDVIEW ROAD BRIDGE","river_wate":"GBNI1NE050504006","catchment":"SE Down Streams","x":351855,"y":359551,"f2015_sites":"Yes","f2018_sites":"Yes","f2021_sites":"Yes","GlobalID":"f9136536-390f-4a6e-9a51-a1b763dc04b1"}},{"type":"Feature","id":478,"geometry":{"type":"Point","coordinates":[358183,348392]},"properties":{"OBJECTID":478,"monitoring":"F11217","monitori_1":"BLACK CAUSEWAY STRANGFORD OFF BLACK CAUSEWAY ROAD","river_wate":"GBNI1NE050504010","catchment":"SE Down Streams","x":358183,"y":348392,"f2015_sites":"Yes","f2018_sites":"Yes","f2021_sites":"Yes","GlobalID":"63de7fe8-34a9-4a29-bfe2-84f8be924b7d"}},{"type":"Feature","id":479,"geometry":{"type":"Point","coordinates":[262572,354244]},"properties":{"OBJECTID":479,"monitoring":"F11253","monitori_1":"BALLYGAWLEY WATER AT BALLYNAPOTTAGE BRIDGE","river_wate":"GBNI1NB030307175","catchment":"Blackwater","x":262572,"y":354244,"f2015_sites":"Yes","f2018_sites":"Yes","f2021_sites":"Yes","GlobalID":"50c1aefa-2f8b-44f9-85fb-fbc8968be96e"}},{"type":"Feature","id":480,"geometry":{"type":"Point","coordinates":[348418,374921]},"properties":{"OBJECTID":480,"monitoring":"F11254","monitori_1":"CULLYS BURN DOWNSTREAM OF BIRD SANCTUARY PONDS","river_wate":"GBNI1NE050504085","catchment":"N Down & Ards Peninsula","x":348418,"y":374921,"f2015_sites":"Yes","f2018_sites":"Yes","f2021_sites":"Yes","GlobalID":"c03ad0a2-1e72-446c-9dc5-35abab159272"}},{"type":"Feature","id":481,"geometry":{"type":"Point","coordinates":[336618,330978]},"properties":{"OBJECTID":481,"monitoring":"F11255","monitori_1":"TULLYBRANIGAN RIVER AT BRIDGE AT RIVERSIDE COTTAGE","river_wate":"GBNI1NE050505123","catchment":"Kilkeel & Mourne Streams","x":336618,"y":330978,"f2015_sites":"Yes","f2018_sites":"Yes","f2021_sites":"Yes","GlobalID":"0b2a7bcb-5335-4491-8fe1-b91ad542763e"}},{"type":"Feature","id":482,"geometry":{"type":"Point","coordinates":[262314,369899]},"properties":{"OBJECTID":482,"monitoring":"F11259","monitori_1":"ALTANAGH BURN AT ALTANAGH BRIDGE","river_wate":"GBNI1NW010104047","catchment":"Camowen","x":262314,"y":369899,"f2015_sites":"Yes","f2018_sites":"Yes","f2021_sites":"Yes","GlobalID":"5c4b4f17-61d7-4dd6-a893-f80b5b754b56"}},{"type":"Feature","id":483,"geometry":{"type":"Point","coordinates":[223502,380841]},"properties":{"OBJECTID":483,"monitoring":"F11260","monitori_1":"KILLEN BURN AT KILLEN BRIDGE","river_wate":"GBNI1NW010102050","catchment":"Derg","x":223502,"y":380841,"f2015_sites":"Yes","f2018_sites":"Yes","f2021_sites":"Yes","GlobalID":"be9f5cd1-fb47-48db-b083-d1b02dfdb7e2"}},{"type":"Feature","id":484,"geometry":{"type":"Point","coordinates":[331953,373055]},"properties":{"OBJECTID":484,"monitoring":"F11287","monitori_1":"FORTH RIVER AT BROADWAY","river_wate":"GBNI1NE050505126","catchment":"Lagan","x":331953,"y":373055,"f2015_sites":"Yes","f2018_sites":"Yes","f2021_sites":"Yes","GlobalID":"422a4acf-4036-4017-9f72-85c8da22f890"}},{"type":"Feature","id":485,"geometry":{"type":"Point","coordinates":[281615,398231]},"properties":{"OBJECTID":485,"monitoring":"F11289","monitori_1":"MOYOLA RIVER AT LISNAMUCK BRIDGE","river_wate":"GBNI1NB030303228","catchment":"Moyola","x":281615,"y":398231,"f2015_sites":"Yes","f2018_sites":"Yes","f2021_sites":"Yes","GlobalID":"5273ac41-918b-4b8a-b45a-ef60177e9d60"}},{"type":"Feature","id":486,"geometry":{"type":"Point","coordinates":[224410,349930]},"properties":{"OBJECTID":486,"monitoring":"F11290","monitori_1":"ST ANGELO STREAM AT HALLOW HOUSE","river_wate":"GBNI1NW363601032","catchment":"Lower Erne","x":224410,"y":349930,"f2015_sites":"Yes","f2018_sites":"Yes","f2021_sites":"Yes","GlobalID":"4f73cf64-4e17-4995-b587-0eaed1fd1587"}},{"type":"Feature","id":487,"geometry":{"type":"Point","coordinates":[293089,421252]},"properties":{"OBJECTID":487,"monitoring":"F11291","monitori_1":"EDEN BURN AT SCOGGY BRIDGE","river_wate":"GBNI1NB030301070","catchment":"Lower Bann","x":293089,"y":421252,"f2015_sites":"Yes","f2018_sites":"Yes","f2021_sites":"Yes","GlobalID":"4a9ac1e2-85c7-4972-8b86-725c4a226dbf"}},{"type":"Feature","id":488,"geometry":{"type":"Point","coordinates":[284624,399208]},"properties":{"OBJECTID":488,"monitoring":"F11292","monitori_1":"BLACK BURN AT A29 ROAD BRIDGE","river_wate":"GBNI1NB030303009","catchment":"Moyola","x":284624,"y":399208,"f2015_sites":"Yes","f2018_sites":"Yes","f2021_sites":"Yes","GlobalID":"f33a50ff-ac1c-4f56-affb-4cdfe966b1d4"}},{"type":"Feature","id":489,"geometry":{"type":"Point","coordinates":[293799,361765]},"properties":{"OBJECTID":489,"monitoring":"F11293","monitori_1":"DERRYCAW STREAM AT CLONMAKATE","river_wate":"GBNI1NB030308243","catchment":"Lough Neagh Peripherals","x":293799,"y":361765,"f2015_sites":"Yes","f2018_sites":"No","f2021_sites":"No","GlobalID":"24572dfb-8d7f-40c2-9c61-e4134d3fed2b"}},{"type":"Feature","id":490,"geometry":{"type":"Point","coordinates":[304611,359808]},"properties":{"OBJECTID":490,"monitoring":"F11294","monitori_1":"CLOSET RIVER AT DERRYMACASH","river_wate":"GBNI1NB030308243","catchment":"Lough Neagh Peripherals","x":304611,"y":359808,"f2015_sites":"Yes","f2018_sites":"No","f2021_sites":"No","GlobalID":"b6d031a0-3f97-402a-b0ce-e55796ba0b39"}},{"type":"Feature","id":491,"geometry":{"type":"Point","coordinates":[273031,357938]},"properties":{"OBJECTID":491,"monitoring":"F11295","monitori_1":"MULLYRODDAN RIVER AT MULLYRODDAN","river_wate":"GBNI1NB030308217","catchment":"Blackwater","x":273031,"y":357938,"f2015_sites":"Yes","f2018_sites":"Yes","f2021_sites":"Yes","GlobalID":"c90b54f9-dc5a-4e06-ae9a-a3a4c3ae4aa7"}},{"type":"Feature","id":492,"geometry":{"type":"Point","coordinates":[294780,352109]},"properties":{"OBJECTID":492,"monitoring":"F11296","monitori_1":"KILMORE TRIB (ANNABOE TRIB) AT FLUSH BRIDGE","river_wate":"GBNI1NB030307047","catchment":"Blackwater","x":294780,"y":352109,"f2015_sites":"Yes","f2018_sites":"Yes","f2021_sites":"Yes","GlobalID":"f83cfcdf-5751-4509-a87c-532b8067354f"}},{"type":"Feature","id":493,"geometry":{"type":"Point","coordinates":[298583,339860]},"properties":{"OBJECTID":493,"monitoring":"F11297","monitori_1":"MARKETHILL RIVER/GOSFORD PARK RIVER AT DUNESMULLAN","river_wate":"GBNI1NB030308119","catchment":"Upper Bann","x":298583,"y":339860,"f2015_sites":"Yes","f2018_sites":"Yes","f2021_sites":"Yes","GlobalID":"2927e2e6-7185-4124-b676-3d427c63dc9a"}},{"type":"Feature","id":494,"geometry":{"type":"Point","coordinates":[322627,363065]},"properties":{"OBJECTID":494,"monitoring":"F11298","monitori_1":"BROOKMOUNT STREAM AT MOIRA ROAD BRIDGE","river_wate":"GBNI1NE050503106","catchment":"Lagan","x":322627,"y":363065,"f2015_sites":"Yes","f2018_sites":"Yes","f2021_sites":"Yes","GlobalID":"b6d821ad-3815-4826-9472-31b7db0d7eaa"}},{"type":"Feature","id":495,"geometry":{"type":"Point","coordinates":[224626,332744]},"properties":{"OBJECTID":495,"monitoring":"F11299","monitori_1":"KINGLASS TRIB AT CARRS BRIDGE","river_wate":"GBNI1NW363602051","catchment":"Swanlinbar","x":224626,"y":332744,"f2015_sites":"Yes","f2018_sites":"Yes","f2021_sites":"Yes","GlobalID":"da39a7be-8dfd-4161-be8d-9ad65ab92912"}},{"type":"Feature","id":496,"geometry":{"type":"Point","coordinates":[231648,336680]},"properties":{"OBJECTID":496,"monitoring":"F11300","monitori_1":"BALLINA TRIB AT DROLES BRIDGE","river_wate":"GBNI1NW363602017","catchment":"Upper Erne","x":231648,"y":336680,"f2015_sites":"Yes","f2018_sites":"Yes","f2021_sites":"Yes","GlobalID":"d8e700cf-c628-4b2f-bfd0-3ebad2c7ba06"}},{"type":"Feature","id":497,"geometry":{"type":"Point","coordinates":[288719,376815]},"properties":{"OBJECTID":497,"monitoring":"F11301","monitori_1":"BALLYNARGAN STREAM AT AGHAVEAGH","river_wate":"GBNI1NB030304137","catchment":"Ballinderry","x":288719,"y":376815,"f2015_sites":"Yes","f2018_sites":"Yes","f2021_sites":"Yes","GlobalID":"49044690-bfc9-41c6-85e0-6c268e0c750c"}},{"type":"Feature","id":498,"geometry":{"type":"Point","coordinates":[299580,425106]},"properties":{"OBJECTID":498,"monitoring":"F11302","monitori_1":"GREENSHIELDS RIVER AT BALLYBOYLAND QUARRY","river_wate":"GBNI1NB030301146","catchment":"Lower Bann","x":299580,"y":425106,"f2015_sites":"Yes","f2018_sites":"Yes","f2021_sites":"Yes","GlobalID":"d1d9e911-4bbc-4081-90b7-a499cf22216d"}},{"type":"Feature","id":499,"geometry":{"type":"Point","coordinates":[311929,404099]},"properties":{"OBJECTID":499,"monitoring":"F11303","monitori_1":"BRAID RIVER AT ECOS CENTRE","river_wate":"GBNI1NB030302010","catchment":"Main","x":311929,"y":404099,"f2015_sites":"Yes","f2018_sites":"Yes","f2021_sites":"Yes","GlobalID":"3c17fb36-6cce-428f-a518-61ec1606a47d"}},{"type":"Feature","id":500,"geometry":{"type":"Point","coordinates":[315427,406678]},"properties":{"OBJECTID":500,"monitoring":"F11304","monitori_1":"BRAID RIVER AT BROUGHSHANE","river_wate":"GBNI1NB030308212","catchment":"Main","x":315427,"y":406678,"f2015_sites":"Yes","f2018_sites":"Yes","f2021_sites":"Yes","GlobalID":"30584ab0-b206-499b-92e9-0233ae6074a8"}},{"type":"Feature","id":501,"geometry":{"type":"Point","coordinates":[288548,429981]},"properties":{"OBJECTID":501,"monitoring":"F11305","monitori_1":"KNOCKANTERN WOOD TRIBUTARY AT A26 ROAD BRIDGE","river_wate":"GBNI1NB030301219","catchment":"Lower Bann","x":288548,"y":429981,"f2015_sites":"Yes","f2018_sites":"Yes","f2021_sites":"Yes","GlobalID":"750b3775-a0ae-4dd1-8928-6dad5b76dcda"}},{"type":"Feature","id":502,"geometry":{"type":"Point","coordinates":[303823,357733]},"properties":{"OBJECTID":502,"monitoring":"F11306","monitori_1":"CLOSET RIVER AT KESH BRIDGE","river_wate":"GBNI1NB030308209","catchment":"Lough Neagh Peripherals","x":303823,"y":357733,"f2015_sites":"Yes","f2018_sites":"Yes","f2021_sites":"Yes","GlobalID":"05a5f17f-a48b-485e-b8d7-262a547e015d"}},{"type":"Feature","id":503,"geometry":{"type":"Point","coordinates":[312690,326860]},"properties":{"OBJECTID":503,"monitoring":"F11307","monitori_1":"DERRYLECKAGH STREAM AT DERRYLECKAGH HOUSE","river_wate":"GBNI1NB060601020","catchment":"Newry","x":312690,"y":326860,"f2015_sites":"Yes","f2018_sites":"Yes","f2021_sites":"Yes","GlobalID":"7fb5a70a-c914-4188-bb0c-3eda4c63b68e"}},{"type":"Feature","id":504,"geometry":{"type":"Point","coordinates":[284289,427137]},"properties":{"OBJECTID":504,"monitoring":"F11308","monitori_1":"MACOSQUIN RIVER AT KILLURE BRIDGE","river_wate":"GBNI1NB030308220","catchment":"Lower Bann","x":284289,"y":427137,"f2015_sites":"Yes","f2018_sites":"Yes","f2021_sites":"Yes","GlobalID":"4677536b-52e9-46fe-ab45-cbe1ebb078e5"}},{"type":"Feature","id":505,"geometry":{"type":"Point","coordinates":[304425,431995]},"properties":{"OBJECTID":505,"monitoring":"F11309","monitori_1":"BUSH RIVER AT LANGFIELD BRIDGE","river_wate":"GBNI1NE040404001","catchment":"Bush","x":304425,"y":431995,"f2015_sites":"Yes","f2018_sites":"Yes","f2021_sites":"Yes","GlobalID":"afb06e58-7122-4bf6-a1be-e0e86dbe1c6d"}},{"type":"Feature","id":506,"geometry":{"type":"Point","coordinates":[331282,406090]},"properties":{"OBJECTID":506,"monitoring":"F11310","monitori_1":"LINFORD WATER OFF AUGHABOY ROAD","river_wate":"GBNI1NE040403048","catchment":"NE Coast","x":331282,"y":406090,"f2015_sites":"Yes","f2018_sites":"Yes","f2021_sites":"Yes","GlobalID":"c4aa9cf1-a887-4d18-bf37-da2eb10a12b5"}},{"type":"Feature","id":507,"geometry":{"type":"Point","coordinates":[284856,391471]},"properties":{"OBJECTID":507,"monitoring":"F11311","monitori_1":"GRANGE WATER AT LONGFIELD BRIDGE","river_wate":"GBNI1NB030303143","catchment":"Moyola","x":284856,"y":391471,"f2015_sites":"Yes","f2018_sites":"Yes","f2021_sites":"Yes","GlobalID":"cebd0c8c-385e-421d-b735-3655ef0f4b0f"}},{"type":"Feature","id":508,"geometry":{"type":"Point","coordinates":[257002,405732]},"properties":{"OBJECTID":508,"monitoring":"F11312","monitori_1":"FAUGHAN RIVER AT KILLYCOR BRIDGE","river_wate":"GBNI1NW020204033","catchment":"Faughan","x":257002,"y":405732,"f2015_sites":"Yes","f2018_sites":"Yes","f2021_sites":"Yes","GlobalID":"0c4873d4-ea43-41f8-97ce-2e9c78b94cc7"}},{"type":"Feature","id":509,"geometry":{"type":"Point","coordinates":[248330,399003]},"properties":{"OBJECTID":509,"monitoring":"F11313","monitori_1":"BURN DENNET RIVER AT FOOTBRIDGE NEAR BRYSON HOUSE","river_wate":"GBNI1NW010101071","catchment":"Burn Dennet","x":248330,"y":399003,"f2015_sites":"Yes","f2018_sites":"Yes","f2021_sites":"Yes","GlobalID":"5aff45ce-379d-455d-a68e-da3da3f454d4"}},{"type":"Feature","id":510,"geometry":{"type":"Point","coordinates":[249298,386719]},"properties":{"OBJECTID":510,"monitoring":"F11314","monitori_1":"OWENKILLEW RIVER AT TRINAMADDEN BRIDGE","river_wate":"GBNI1NW010102027","catchment":"Owenkillew","x":249298,"y":386719,"f2015_sites":"Yes","f2018_sites":"Yes","f2021_sites":"Yes","GlobalID":"a770856d-a6bc-4103-91e8-72053c8bd542"}},{"type":"Feature","id":511,"geometry":{"type":"Point","coordinates":[261861,380729]},"properties":{"OBJECTID":511,"monitoring":"F11315","monitori_1":"OWENREAGH RIVER AT FORMIL BRIDGE","river_wate":"GBNI1NW010102091","catchment":"Owenkillew","x":261861,"y":380729,"f2015_sites":"Yes","f2018_sites":"Yes","f2021_sites":"Yes","GlobalID":"17c85abd-9d25-4d2f-b183-b403a9bd0cad"}},{"type":"Feature","id":512,"geometry":{"type":"Point","coordinates":[239151,344096]},"properties":{"OBJECTID":512,"monitoring":"F11316","monitori_1":"COLEBROOKE RIVER AT SCARFORD BRIDGE","river_wate":"GBNI1NW363604052","catchment":"Colebrooke","x":239151,"y":344096,"f2015_sites":"Yes","f2018_sites":"Yes","f2021_sites":"Yes","GlobalID":"baab4a55-07e1-4219-bfc7-78478de3f95b"}},{"type":"Feature","id":513,"geometry":{"type":"Point","coordinates":[212642,377740]},"properties":{"OBJECTID":513,"monitoring":"F11317","monitori_1":"DERG RIVER AT LEGVIN","river_wate":"GBNI1NW010102056","catchment":"Derg","x":212642,"y":377740,"f2015_sites":"Yes","f2018_sites":"Yes","f2021_sites":"Yes","GlobalID":"820c5f64-5aa2-47a4-ae56-75f263eca815"}},{"type":"Feature","id":514,"geometry":{"type":"Point","coordinates":[212487,368677]},"properties":{"OBJECTID":514,"monitoring":"F11318","monitori_1":"TERMON RIVER AT LURGANBOY BRIDGE","river_wate":"GBNI1NW363604064","catchment":"Termon","x":212487,"y":368677,"f2015_sites":"Yes","f2018_sites":"Yes","f2021_sites":"Yes","GlobalID":"a9ca9119-fa9b-45e5-85f9-b5d881e00126"}},{"type":"Feature","id":515,"geometry":{"type":"Point","coordinates":[218096,373045]},"properties":{"OBJECTID":515,"monitoring":"F11319","monitori_1":"TERMON RIVER AT TULLYNAMALTRA","river_wate":"GBNI1NW363602088","catchment":"Termon","x":218096,"y":373045,"f2015_sites":"Yes","f2018_sites":"Yes","f2021_sites":"Yes","GlobalID":"1d250e5f-0dd7-406e-96e2-63eca635fe21"}},{"type":"Feature","id":516,"geometry":{"type":"Point","coordinates":[232068,365310]},"properties":{"OBJECTID":516,"monitoring":"F11320","monitori_1":"OWENREAGH (SOUTH) RIVER AT BLACKWATER ROAD BRIDGE","river_wate":"GBNI1NW010102046","catchment":"Drumragh","x":232068,"y":365310,"f2015_sites":"Yes","f2018_sites":"Yes","f2021_sites":"Yes","GlobalID":"3a61c13e-c89e-474b-845a-7a78d9941008"}},{"type":"Feature","id":517,"geometry":{"type":"Point","coordinates":[279780,362023]},"properties":{"OBJECTID":517,"monitoring":"F11321","monitori_1":"RHONE RIVER120M UPSTREAM OF MARK STREET ROAD BRIDGE","river_wate":"GBNI1NB030307025","catchment":"Blackwater","x":279780,"y":362023,"f2015_sites":"Yes","f2018_sites":"Yes","f2021_sites":"No","GlobalID":"ef1e8b83-a93a-4129-8ea6-5c8158b17d11"}},{"type":"Feature","id":518,"geometry":{"type":"Point","coordinates":[252327,352739]},"properties":{"OBJECTID":518,"monitoring":"F11322","monitori_1":"BLACKWATER RIVER AT FINTONA ROAD BRIDGE","river_wate":"GBNI1NB030307196","catchment":"Blackwater","x":252327,"y":352739,"f2015_sites":"Yes","f2018_sites":"Yes","f2021_sites":"Yes","GlobalID":"0314f5ad-eb7d-488c-83ef-cd432e72c1e3"}},{"type":"Feature","id":519,"geometry":{"type":"Point","coordinates":[312027,370247]},"properties":{"OBJECTID":519,"monitoring":"F11323","monitori_1":"ROOGHAN RIVER AT LODGE HILL","river_wate":"GBNI1NB030306085","catchment":"Lough Neagh & Peripherals","x":312027,"y":370247,"f2015_sites":"Yes","f2018_sites":"Yes","f2021_sites":"Yes","GlobalID":"a8ba86bb-dd56-4f20-8efd-dda96dbf063d"}},{"type":"Feature","id":520,"geometry":{"type":"Point","coordinates":[315187,331942]},"properties":{"OBJECTID":520,"monitoring":"F11324","monitori_1":"CLANRYE RIVER AT CULLION BRIDGE","river_wate":"GBNI1NB060601021","catchment":"Newry","x":315187,"y":331942,"f2015_sites":"Yes","f2018_sites":"Yes","f2021_sites":"Yes","GlobalID":"7b889e9f-322d-4375-86db-afe8f1642e72"}},{"type":"Feature","id":521,"geometry":{"type":"Point","coordinates":[283868,333356]},"properties":{"OBJECTID":521,"monitoring":"F11325","monitori_1":"CLAY RIVER ABOVE KEADY","river_wate":"GBNI1NB030307049","catchment":"Blackwater","x":283868,"y":333356,"f2015_sites":"Yes","f2018_sites":"Yes","f2021_sites":"Yes","GlobalID":"831c373f-6558-497d-8f64-d06a34ab91a0"}},{"type":"Feature","id":522,"geometry":{"type":"Point","coordinates":[286381,346749]},"properties":{"OBJECTID":522,"monitoring":"F11326","monitori_1":"CALLAN RIVER AT MOY ROAD","river_wate":"GBNI1NB030308225","catchment":"Blackwater","x":286381,"y":346749,"f2015_sites":"Yes","f2018_sites":"Yes","f2021_sites":"Yes","GlobalID":"db61b7cc-2458-4f59-bc0a-dd269f10fcd1"}},{"type":"Feature","id":523,"geometry":{"type":"Point","coordinates":[301113,342646]},"properties":{"OBJECTID":523,"monitoring":"F11327","monitori_1":"CUSHER RIVER AT CUSHER BRIDGE","river_wate":"GBNI1NB030308218","catchment":"Upper Bann","x":301113,"y":342646,"f2015_sites":"Yes","f2018_sites":"Yes","f2021_sites":"Yes","GlobalID":"8611edcc-6b3a-46b4-b498-1c5a2e402521"}},{"type":"Feature","id":524,"geometry":{"type":"Point","coordinates":[321851,329009]},"properties":{"OBJECTID":524,"monitoring":"F11328","monitori_1":"UPPER BANN AT LEITRIM ROAD LANE","river_wate":"GBNI1NB030308219","catchment":"Upper Bann","x":321851,"y":329009,"f2015_sites":"Yes","f2018_sites":"Yes","f2021_sites":"Yes","GlobalID":"1d997680-2e4a-4c44-87da-a3efda0820fc"}},{"type":"Feature","id":525,"geometry":{"type":"Point","coordinates":[223697,339109]},"properties":{"OBJECTID":525,"monitoring":"F11329","monitori_1":"ERNE RIVER AT BELLANALECK JETTY","river_wate":"GBNI1NW363602035","catchment":"Upper Erne","x":223697,"y":339109,"f2015_sites":"Yes","f2018_sites":"No","f2021_sites":"No","GlobalID":"8d42afcb-175f-454a-a093-e39cf76df254"}},{"type":"Feature","id":526,"geometry":{"type":"Point","coordinates":[235194,347747]},"properties":{"OBJECTID":526,"monitoring":"F11330","monitori_1":"TEMPO RIVER AT TEMPO","river_wate":"GBNI1NW363602043","catchment":"Colebrooke","x":235194,"y":347747,"f2015_sites":"Yes","f2018_sites":"Yes","f2021_sites":"Yes","GlobalID":"8f061785-8204-4b58-94eb-2bc3f3454fe6"}},{"type":"Feature","id":527,"geometry":{"type":"Point","coordinates":[321705,361517]},"properties":{"OBJECTID":527,"monitoring":"F11331","monitori_1":"HILLSBOROUGH PARK LAKE STREAM AT GOWDYS","river_wate":"GBNI1NE050503001","catchment":"Lagan","x":321705,"y":361517,"f2015_sites":"Yes","f2018_sites":"Yes","f2021_sites":"Yes","GlobalID":"dea466d9-29a4-4d65-8574-07e05d6f8b50"}},{"type":"Feature","id":528,"geometry":{"type":"Point","coordinates":[278547,413153]},"properties":{"OBJECTID":528,"monitoring":"F11332","monitori_1":"BROCKAGH WATER AT NEW BROCKAGH BRIDGE","river_wate":"GBNI1NB030301216","catchment":"Lower Bann","x":278547,"y":413153,"f2015_sites":"Yes","f2018_sites":"Yes","f2021_sites":"Yes","GlobalID":"d38d6f93-7f1d-4434-97d2-5ac677190320"}},{"type":"Feature","id":529,"geometry":{"type":"Point","coordinates":[278574,413108]},"properties":{"OBJECTID":529,"monitoring":"F11333","monitori_1":"GLENULLIN WATER AT NEW BROCKAGH BRIDGE","river_wate":"GBNI1NB030301216","catchment":"Lower Bann","x":278574,"y":413108,"f2015_sites":"Yes","f2018_sites":"Yes","f2021_sites":"Yes","GlobalID":"c675dc4f-4121-4fb1-b8e0-a9a4ba173727"}},{"type":"Feature","id":530,"geometry":{"type":"Point","coordinates":[344514,342101]},"properties":{"OBJECTID":530,"monitoring":"F11334","monitori_1":"BALLYDUGGAN RIVER BALLYDONETY BRIDGE","river_wate":"GBNI1NE050505115","catchment":"Quoile","x":344514,"y":342101,"f2015_sites":"Yes","f2018_sites":"Yes","f2021_sites":"Yes","GlobalID":"b1cdc8df-b3d7-4004-8526-e330892bdf58"}},{"type":"Feature","id":531,"geometry":{"type":"Point","coordinates":[247170,372251]},"properties":{"OBJECTID":531,"monitoring":"F11335","monitori_1":"CAMOWEN RIVER AT CRANNY BRIDGE PICNIC AREA","river_wate":"GBNI1NW010108257","catchment":"Camowen","x":247170,"y":372251,"f2015_sites":"Yes","f2018_sites":"Yes","f2021_sites":"Yes","GlobalID":"747e2c15-188a-45e5-a297-f3751ccff3f8"}},{"type":"Feature","id":532,"geometry":{"type":"Point","coordinates":[234939,365777]},"properties":{"OBJECTID":532,"monitoring":"F11420","monitori_1":"OWENREAGH (SOUTH) RIVER AT CAMDERRY ROAD BRIDGE","river_wate":"GBNI1NW010102053","catchment":"Drumragh","x":234939,"y":365777,"f2015_sites":"Yes","f2018_sites":"No","f2021_sites":"No","GlobalID":"f90ce186-c155-408c-92f9-5ccbab507795"}},{"type":"Feature","id":533,"geometry":{"type":"Point","coordinates":[222806,341925]},"properties":{"OBJECTID":533,"monitoring":"F11421","monitori_1":"SILLEES RIVER AT RIVERSIDE FARM","river_wate":"GBNI1NW363601044","catchment":"Sillees","x":222806,"y":341925,"f2015_sites":"Yes","f2018_sites":"Yes","f2021_sites":"Yes","GlobalID":"a75746aa-c355-4769-a5b7-24b64c668ddd"}},{"type":"Feature","id":534,"geometry":{"type":"Point","coordinates":[339878,402411]},"properties":{"OBJECTID":534,"monitoring":"F11437","monitori_1":"LARNE RIVER AT LARNE AND INVER PRIMARY SCHOOL","river_wate":"GBNI1NE040405047","catchment":"Belfast Lough (North)","x":339878,"y":402411,"f2015_sites":"Yes","f2018_sites":"Yes","f2021_sites":"Yes","GlobalID":"fe2754b5-8344-453c-8bcc-55ce86493c5a"}},{"type":"Feature","id":535,"geometry":{"type":"Point","coordinates":[353890,341230]},"properties":{"OBJECTID":535,"monitoring":"F11438","monitori_1":"KILLOUGH RIVER NEAR BALLYBRANNAGH","river_wate":"GBNI1NE050505068","catchment":"SE Down Streams","x":353890,"y":341230,"f2015_sites":"Yes","f2018_sites":"Yes","f2021_sites":"Yes","GlobalID":"1d661cf4-a65b-4286-a8f7-87502e0e3274"}},{"type":"Feature","id":536,"geometry":{"type":"Point","coordinates":[292802,358212]},"properties":{"OBJECTID":536,"monitoring":"F11449","monitori_1":"DERRYCAW STREAM AT CLONMACASH","river_wate":"GBNI1NB030308238","catchment":"Lough Neagh Peripherals","x":292802,"y":358212,"f2015_sites":"No","f2018_sites":"Yes","f2021_sites":"Yes","GlobalID":"57d99a73-9c0e-4615-905f-68b1166ffcbf"}},{"type":"Feature","id":537,"geometry":{"type":"Point","coordinates":[285861,364929]},"properties":{"OBJECTID":537,"monitoring":"F11450","monitori_1":"TORRENT RIVER AT THE MOOR BRIDGE","river_wate":"GBNI1NB030308222","catchment":"Blackwater","x":285861,"y":364929,"f2015_sites":"No","f2018_sites":"Yes","f2021_sites":"Yes","GlobalID":"1bfbedaa-05d8-40b5-8853-820fce86a535"}},{"type":"Feature","id":538,"geometry":{"type":"Point","coordinates":[286425,377200]},"properties":{"OBJECTID":538,"monitoring":"F11451","monitori_1":"BALLINDERRY RIVER AT ARDTREA BRIDGE","river_wate":"GBNI1NB030304063","catchment":"Ballinderry","x":286425,"y":377200,"f2015_sites":"No","f2018_sites":"Yes","f2021_sites":"Yes","GlobalID":"9576f72a-bfcd-4ef8-b0fe-da61b43204cc"}},{"type":"Feature","id":539,"geometry":{"type":"Point","coordinates":[304917,418144]},"properties":{"OBJECTID":539,"monitoring":"F11452","monitori_1":"MAIN RIVER AT KILLAGAN ROAD BRIDGE","river_wate":"GBNI1NB030308244","catchment":"Main","x":304917,"y":418144,"f2015_sites":"No","f2018_sites":"Yes","f2021_sites":"Yes","GlobalID":"f8c908d2-8dac-48d7-abd0-d301732aa6d3"}},{"type":"Feature","id":540,"geometry":{"type":"Point","coordinates":[311660,423811]},"properties":{"OBJECTID":540,"monitoring":"F11453","monitori_1":"BUSH RIVER AT ALTNAHINCH WTW","river_wate":"GBNI1NE040405128","catchment":"Bush","x":311660,"y":423811,"f2015_sites":"No","f2018_sites":"Yes","f2021_sites":"Yes","GlobalID":"7d415733-b273-4dd8-bfb9-1f062e34702a"}},{"type":"Feature","id":541,"geometry":{"type":"Point","coordinates":[310501,425047]},"properties":{"OBJECTID":541,"monitoring":"F11455","monitori_1":"BUSH RIVER AT FORD ABOVE LEWIN BURN CONFLUENCE","river_wate":"GBNI1NE040405128","catchment":"Bush","x":310501,"y":425047,"f2015_sites":"No","f2018_sites":"Yes","f2021_sites":"Yes","GlobalID":"1eb52c17-b34d-4d98-a6ba-5a268c1653ad"}},{"type":"Feature","id":542,"geometry":{"type":"Point","coordinates":[289136,420956]},"properties":{"OBJECTID":542,"monitoring":"F11456","monitori_1":"AGIVEY RIVER AT CULLYCAPPLE BRIDGE","river_wate":"GBNI1NB030308237","catchment":"Lower Bann","x":289136,"y":420956,"f2015_sites":"No","f2018_sites":"Yes","f2021_sites":"Yes","GlobalID":"fb572c12-e3ee-42fd-bafd-9dc380122f49"}},{"type":"Feature","id":543,"geometry":{"type":"Point","coordinates":[284394,399340]},"properties":{"OBJECTID":543,"monitoring":"F11466","monitori_1":"BLACK BURN AT BACK BURN BRIDGE","river_wate":"GBNI1NB030303009","catchment":"Moyola","x":284394,"y":399340,"f2015_sites":"No","f2018_sites":"Yes","f2021_sites":"Yes","GlobalID":"fe00da27-7525-41e7-aea5-cca7a5a3278b"}},{"type":"Feature","id":544,"geometry":{"type":"Point","coordinates":[213000,381100]},"properties":{"OBJECTID":544,"monitoring":"F11467","monitori_1":"GLENDERGAN RIVER AT MULLYFA","river_wate":"GBNI1NW010102067","catchment":"Derg","x":213000,"y":381100,"f2015_sites":"No","f2018_sites":"Yes","f2021_sites":"Yes","GlobalID":"a46a8c1f-0abe-4003-8423-4772c411a361"}},{"type":"Feature","id":545,"geometry":{"type":"Point","coordinates":[307957,340010]},"properties":{"OBJECTID":545,"monitoring":"F11468","monitori_1":"LOUGHBRICKLAND STREAM AT FOURSTOWN RD BR","river_wate":"GBNI1NB060601025","catchment":"Newry","x":307957,"y":340010,"f2015_sites":"No","f2018_sites":"Yes","f2021_sites":"Yes","GlobalID":"acf11e95-7691-4ffd-bdb4-25fce3fba0d4"}},{"type":"Feature","id":546,"geometry":{"type":"Point","coordinates":[303133,336194]},"properties":{"OBJECTID":546,"monitoring":"F11469","monitori_1":"LOUGHGILLY R AT BALLYDOGHERTY ROAD BRIDGE","river_wate":"GBNI1NB030308118","catchment":"Upper Bann","x":303133,"y":336194,"f2015_sites":"No","f2018_sites":"Yes","f2021_sites":"Yes","GlobalID":"6a7b7c26-29da-4804-a765-55a0c81727eb"}},{"type":"Feature","id":547,"geometry":{"type":"Point","coordinates":[300308,351463]},"properties":{"OBJECTID":547,"monitoring":"F11470","monitori_1":"ANNAGH R AT NIE SUBSTATION MAHON RD","river_wate":"GBNI1NB030308091","catchment":"Upper Bann","x":300308,"y":351463,"f2015_sites":"No","f2018_sites":"Yes","f2021_sites":"Yes","GlobalID":"eaf1187b-e645-4e03-ac1a-8b7985ea0eaa"}},{"type":"Feature","id":548,"geometry":{"type":"Point","coordinates":[299446,336851]},"properties":{"OBJECTID":548,"monitoring":"F11471","monitori_1":"CUSHER RIVER AT GLENANNE RD BRIDGE","river_wate":"GBNI1NB030308216","catchment":"Upper Bann","x":299446,"y":336851,"f2015_sites":"No","f2018_sites":"Yes","f2021_sites":"Yes","GlobalID":"6550f371-27b9-4054-a0a7-b5d0c46c8a03"}},{"type":"Feature","id":549,"geometry":{"type":"Point","coordinates":[310984,402097]},"properties":{"OBJECTID":549,"monitoring":"F11472","monitori_1":"DEERFIN BURN AT FOOTBRIDGE IN MEMORIAL PARK","river_wate":"GBNI1NB030302017","catchment":"Main","x":310984,"y":402097,"f2015_sites":"No","f2018_sites":"Yes","f2021_sites":"Yes","GlobalID":"16701d5e-321d-4de6-a028-20c2f908eb17"}},{"type":"Feature","id":550,"geometry":{"type":"Point","coordinates":[281765,359283]},"properties":{"OBJECTID":550,"monitoring":"F11475","monitori_1":"RIVER RHONE AT LANEWAY OF SYERLA ROAD","river_wate":"GBNI1NB030307025","catchment":"Blackwater","x":281765,"y":359283,"f2015_sites":"No","f2018_sites":"Yes","f2021_sites":"Yes","GlobalID":"996e13e4-607f-4105-8d92-f5a5f17868f4"}},{"type":"Feature","id":551,"geometry":{"type":"Point","coordinates":[280511,361303]},"properties":{"OBJECTID":551,"monitoring":"F11476","monitori_1":"RIVER RHONE ABOVE DUNGANNON PARK LAKE","river_wate":"GBNI1NB030307025","catchment":"Blackwater","x":280511,"y":361303,"f2015_sites":"No","f2018_sites":"Yes","f2021_sites":"Yes","GlobalID":"327303cd-556d-42d7-831f-d66bbd389141"}},{"type":"Feature","id":552,"geometry":{"type":"Point","coordinates":[266798,352371]},"properties":{"OBJECTID":552,"monitoring":"F11477","monitori_1":"BLACKWATER R TRIB AT DUNGANNON ST BR AUGHNACLOY","river_wate":"GBNI1NB030307041","catchment":"Blackwater","x":266798,"y":352371,"f2015_sites":"No","f2018_sites":"Yes","f2021_sites":"Yes","GlobalID":"d7184fd7-4413-4e0d-be6e-4c576605d641"}},{"type":"Feature","id":553,"geometry":{"type":"Point","coordinates":[275948,337744]},"properties":{"OBJECTID":553,"monitoring":"F11478","monitori_1":"COR R TRIB AT RATHTRILLICK RD BR","river_wate":"GBNI1NB030307096","catchment":"Blackwater","x":275948,"y":337744,"f2015_sites":"No","f2018_sites":"Yes","f2021_sites":"Yes","GlobalID":"b2864c4b-ca86-47e4-b69a-6c1ca8fce908"}},{"type":"Feature","id":554,"geometry":{"type":"Point","coordinates":[313508,388814]},"properties":{"OBJECTID":554,"monitoring":"F11480","monitori_1":"HOLYWELL BURN NEAR TESCO, KILBEGS BUSINESS PARK","river_wate":"GBNI1NB030305162","catchment":"Six Mile Water","x":313508,"y":388814,"f2015_sites":"No","f2018_sites":"Yes","f2021_sites":"Yes","GlobalID":"f55cf22d-59c0-44e4-8b3b-28dd62b68363"}},{"type":"Feature","id":555,"geometry":{"type":"Point","coordinates":[212016,349683]},"properties":{"OBJECTID":555,"monitoring":"F11481","monitori_1":"SILLEES RIVER AT DRUMANURE BRIDGE","river_wate":"GBNI1NW363601056","catchment":"Sillees","x":212016,"y":349683,"f2015_sites":"No","f2018_sites":"Yes","f2021_sites":"Yes","GlobalID":"c6d31fa0-7f8a-45e0-ba8a-068c66c97850"}},{"type":"Feature","id":556,"geometry":{"type":"Point","coordinates":[212285,350516]},"properties":{"OBJECTID":556,"monitoring":"F11482","monitori_1":"SILLEES RIVER AT STRATORE BRIDGE","river_wate":"GBNI1NW363601056","catchment":"Sillees","x":212285,"y":350516,"f2015_sites":"No","f2018_sites":"Yes","f2021_sites":"Yes","GlobalID":"05947cdf-1c40-4f06-aade-9cedf33edb58"}},{"type":"Feature","id":557,"geometry":{"type":"Point","coordinates":[213174,338641]},"properties":{"OBJECTID":557,"monitoring":"F11483","monitori_1":"DRUMHARRIFF BURN AT GREENWOODHILL","river_wate":"GBNI1NW363602093","catchment":"Arney","x":213174,"y":338641,"f2015_sites":"No","f2018_sites":"Yes","f2021_sites":"Yes","GlobalID":"920c9d46-37c1-4285-ace7-ee44ba2fa25d"}},{"type":"Feature","id":558,"geometry":{"type":"Point","coordinates":[299970,391549]},"properties":{"OBJECTID":558,"monitoring":"F11484","monitori_1":"IVY BURN AT ROUGHERY ROAD BRIDGE (ROCK COTTAGE)","river_wate":"GBNI1NB030301163","catchment":"Lower Bann","x":299970,"y":391549,"f2015_sites":"No","f2018_sites":"Yes","f2021_sites":"Yes","GlobalID":"85efb51c-fe7f-44ef-ba03-50b56565d1cd"}},{"type":"Feature","id":559,"geometry":{"type":"Point","coordinates":[240761,325865]},"properties":{"OBJECTID":559,"monitoring":"F11486","monitori_1":"NEWTOWNBUTLER RIVER AT DRUMCRU ROAD OPPOSITE BUNGALOWS","river_wate":"GBNI1NW363602028","catchment":"Upper Erne","x":240761,"y":325865,"f2015_sites":"No","f2018_sites":"Yes","f2021_sites":"Yes","GlobalID":"641be2a2-de58-431f-a4ce-2b4b6bb7253e"}},{"type":"Feature","id":560,"geometry":{"type":"Point","coordinates":[283049,426048]},"properties":{"OBJECTID":560,"monitoring":"F11489","monitori_1":"SHINNY WATER AT DERRYDORRAGH BRIDGE, KILLEAGUE RD","river_wate":"GBNI1NB030301076","catchment":"Lower Bann","x":283049,"y":426048,"f2015_sites":"No","f2018_sites":"Yes","f2021_sites":"Yes","GlobalID":"dd807020-afb8-4a22-bc41-63aff1a3f747"}},{"type":"Feature","id":561,"geometry":{"type":"Point","coordinates":[218853,359984]},"properties":{"OBJECTID":561,"monitoring":"F11491","monitori_1":"HOLLOW R AT CASTLE ARCHDALE","river_wate":"GBNI1NW363601005","catchment":"Lower Erne","x":218853,"y":359984,"f2015_sites":"No","f2018_sites":"Yes","f2021_sites":"Yes","GlobalID":"2f7176ec-8013-4bcc-848a-2f2d9e32671c"}},{"type":"Feature","id":562,"geometry":{"type":"Point","coordinates":[226823,343070]},"properties":{"OBJECTID":562,"monitoring":"F11492","monitori_1":"TAMLAGHT TRIBUTARY AT BONNYBROOK","river_wate":"GBNI1NW363602038","catchment":"Upper Erne","x":226823,"y":343070,"f2015_sites":"No","f2018_sites":"Yes","f2021_sites":"Yes","GlobalID":"10812e95-0362-42bf-811a-278aa0691ca9"}},{"type":"Feature","id":563,"geometry":{"type":"Point","coordinates":[227449,341596]},"properties":{"OBJECTID":563,"monitoring":"F11493","monitori_1":"TAMLAGHT TRIBUTARY (TRIB) BELOW CONFLUENCE WITH TANHOUSE WATER","river_wate":"GBNI1NW363602038","catchment":"Upper Erne","x":227449,"y":341596,"f2015_sites":"No","f2018_sites":"Yes","f2021_sites":"Yes","GlobalID":"7571e49d-5c62-44f7-b895-f4c9e77869ae"}},{"type":"Feature","id":564,"geometry":{"type":"Point","coordinates":[279355,433540]},"properties":{"OBJECTID":564,"monitoring":"F11494","monitori_1":"BANN BROOK AT QUILLEY ROAD BRIDGE","river_wate":"GBNI1NB030301071","catchment":"Lower Bann","x":279355,"y":433540,"f2015_sites":"No","f2018_sites":"Yes","f2021_sites":"Yes","GlobalID":"8f51fcb8-6b59-4535-9322-16f02b96f6eb"}},{"type":"Feature","id":565,"geometry":{"type":"Point","coordinates":[224875,348046]},"properties":{"OBJECTID":565,"monitoring":"F11495","monitori_1":"ST ANGELO STREAM AT THE OAKS SANCTUARY","river_wate":"GBNI1NW363601032","catchment":"Lower Erne","x":224875,"y":348046,"f2015_sites":"No","f2018_sites":"Yes","f2021_sites":"Yes","GlobalID":"31077f1e-6810-4ef4-a34a-8e55a41e71ab"}},{"type":"Feature","id":566,"geometry":{"type":"Point","coordinates":[232254,338825]},"properties":{"OBJECTID":566,"monitoring":"F11496","monitori_1":"BALLINA TRIBUTARY AT BALLINA BRIDGE","river_wate":"GBNI1NW363602017","catchment":"Upper Erne","x":232254,"y":338825,"f2015_sites":"No","f2018_sites":"Yes","f2021_sites":"Yes","GlobalID":"98787ed4-cff3-45ae-a710-f4ea4b7f8a6e"}},{"type":"Feature","id":567,"geometry":{"type":"Point","coordinates":[293024,357581]},"properties":{"OBJECTID":567,"monitoring":"F11497","monitori_1":"DERRYCAW STREAM AT MAGOWANS BRIDGE, EGLISH ROAD","river_wate":"GBNI1NB030308238","catchment":"Lough Neagh Peripherals","x":293024,"y":357581,"f2015_sites":"No","f2018_sites":"Yes","f2021_sites":"Yes","GlobalID":"32ff2108-9094-42c3-8139-2d1414cae036"}},{"type":"Feature","id":568,"geometry":{"type":"Point","coordinates":[286188,335083]},"properties":{"OBJECTID":568,"monitoring":"F11498","monitori_1":"CLAY RIVER AT LANEWAY OFF TASSAGH ROAD","river_wate":"GBNI1NB030307049","catchment":"Blackwater","x":286188,"y":335083,"f2015_sites":"No","f2018_sites":"Yes","f2021_sites":"Yes","GlobalID":"902ce97c-d1d7-46d5-ad35-a82d61fcff81"}},{"type":"Feature","id":569,"geometry":{"type":"Point","coordinates":[285474,334400]},"properties":{"OBJECTID":569,"monitoring":"F11499","monitori_1":"CLAY RIVER AT KEADY GLEN, ANNVALE RD","river_wate":"GBNI1NB030307049","catchment":"Blackwater","x":285474,"y":334400,"f2015_sites":"No","f2018_sites":"Yes","f2021_sites":"Yes","GlobalID":"a3938283-ce02-4613-9323-bf79487955c6"}},{"type":"Feature","id":570,"geometry":{"type":"Point","coordinates":[214117,339190]},"properties":{"OBJECTID":570,"monitoring":"F11500","monitori_1":"DRUMHARRIF BURN AT LANEWAY OPP ST. JOSEPH'S","river_wate":"GBNI1NW363602093","catchment":"Arney","x":214117,"y":339190,"f2015_sites":"No","f2018_sites":"Yes","f2021_sites":"Yes","GlobalID":"30a317bf-af8d-4814-be08-0c4a6fd96617"}},{"type":"Feature","id":571,"geometry":{"type":"Point","coordinates":[288107,346279]},"properties":{"OBJECTID":571,"monitoring":"F11501","monitori_1":"KILLEEN WATER AT LISANALLY SCHOOL","river_wate":"GBNI1NB030307109","catchment":"Blackwater","x":288107,"y":346279,"f2015_sites":"No","f2018_sites":"Yes","f2021_sites":"Yes","GlobalID":"a91738f7-93d7-45fc-ad5f-b365ffc94460"}},{"type":"Feature","id":572,"geometry":{"type":"Point","coordinates":[289817,423674]},"properties":{"OBJECTID":572,"monitoring":"F11504","monitori_1":"MACOSQUIN RIVER AT REE BRIDGE, RHEE LANE","river_wate":"GBNI1NB030301073","catchment":"Lower Bann","x":289817,"y":423674,"f2015_sites":"No","f2018_sites":"No","f2021_sites":"Yes","GlobalID":"19f90f2f-1174-4a0d-852a-6da363d36589"}},{"type":"Feature","id":573,"geometry":{"type":"Point","coordinates":[216817,366500]},"properties":{"OBJECTID":573,"monitoring":"F11505","monitori_1":"BANNAGH RIVER AT DRUMCURREN BRIDGE","river_wate":"GBNI1NW363601058","catchment":"Bannagh","x":216817,"y":366500,"f2015_sites":"No","f2018_sites":"No","f2021_sites":"Yes","GlobalID":"c4f47aa9-374c-47a0-9009-c67e528d6713"}}]}