{
"type": "FeatureCollection",
"name": "critical_risk",
"crs": { "type": "name", "properties": { "name": "urn:ogc:def:crs:OGC:1.3:CRS84" } },
"features": [
{ "type": "Feature", "properties": { "risk_level": "Low", "ruleid": 1 }, "geometry": { "type": "MultiPolygon", "coordinates": [ [ [ [ -7.594302436352746, 54.179377229899188 ], [ -7.594055069349396, 54.178456109951554 ], [ -7.5982470698875, 54.178054866962206 ], [ -7.594302436352746, 54.179377229899188 ] ] ], [ [ [ -7.588433452211651, 54.193682728835519 ], [ -7.591597836590203, 54.195433791752329 ], [ -7.590276759895484, 54.196081164502374 ], [ -7.586443408559815, 54.195969256118531 ], [ -7.588433452211651, 54.193682728835519 ] ] ], [ [ [ -7.687943489993134, 54.216674657435775 ], [ -7.69041473937776, 54.217089699417237 ], [ -7.688598826543277, 54.219785351650096 ], [ -7.687943489993134, 54.216674657435775 ] ] ], [ [ [ -7.645039342712805, 54.231002188965959 ], [ -7.646270609923461, 54.231432709531504 ], [ -7.645825750298331, 54.233586602463177 ], [ -7.645039342712805, 54.231002188965959 ] ] ], [ [ [ -7.653199659589032, 54.236004128649832 ], [ -7.655985922591338, 54.236979003005686 ], [ -7.653811378914182, 54.238709515247805 ], [ -7.653199659589032, 54.236004128649832 ] ] ], [ [ [ -7.68833807038414, 54.246546530525166 ], [ -7.689648666944953, 54.247245881010741 ], [ -7.68654795765282, 54.248910860617904 ], [ -7.68833807038414, 54.246546530525166 ] ] ], [ [ [ -7.828865176214379, 54.25532003133209 ], [ -7.825075314652663, 54.25478917269222 ], [ -7.826454375638875, 54.253859620935451 ], [ -7.828865176214379, 54.25532003133209 ] ] ], [ [ [ -7.739222222631447, 54.256433701449389 ], [ -7.74140980906062, 54.258544179425172 ], [ -7.738509597082023, 54.25841997803856 ], [ -7.739222222631447, 54.256433701449389 ] ] ], [ [ [ -7.727642362345818, 54.259873336204826 ], [ -7.723021378455053, 54.261103421186789 ], [ -7.727003638610698, 54.258569232209666 ], [ -7.727642362345818, 54.259873336204826 ] ] ], [ [ [ -7.725799827399581, 54.264184429129259 ], [ -7.730190818702998, 54.265689890229822 ], [ -7.730110910570066, 54.267334761153442 ], [ -7.725592238494605, 54.267227962906119 ], [ -7.725799827399581, 54.264184429129259 ] ] ], [ [ [ -7.799265462090879, 54.267051262289989 ], [ -7.801754403054647, 54.264986494808404 ], [ -7.803447945231257, 54.265475126598162 ], [ -7.799265462090879, 54.267051262289989 ] ] ], [ [ [ -7.826539876784406, 54.267235452279515 ], [ -7.829898626533768, 54.26764651626619 ], [ -7.8288319578387, 54.26909745614693 ], [ -7.826539876784406, 54.267235452279515 ] ] ], [ [ [ -7.8288319578387, 54.26909745614693 ], [ -7.831776379014998, 54.268488863666704 ], [ -7.831776777939113, 54.270217373929462 ], [ -7.827666851088455, 54.270899190067297 ], [ -7.8288319578387, 54.26909745614693 ] ] ], [ [ [ -7.864287042912878, 54.268925061107289 ], [ -7.863831175716975, 54.271695307149962 ], [ -7.859930224842862, 54.26911166513996 ], [ -7.864287042912878, 54.268925061107289 ] ] ], [ [ [ -7.683400474132767, 54.275752738718282 ], [ -7.681838875998396, 54.274023157050799 ], [ -7.685091764710489, 54.273871291932068 ], [ -7.683400474132767, 54.275752738718282 ] ] ], [ [ [ -7.829595586160811, 54.275068551545466 ], [ -7.829725608765731, 54.274372614132659 ], [ -7.835925188997365, 54.275826474610113 ], [ -7.829595586160811, 54.275068551545466 ] ] ], [ [ [ -7.864573051009726, 54.278047701908797 ], [ -7.862655651173752, 54.280395114264927 ], [ -7.861662995943628, 54.277443167279287 ], [ -7.864573051009726, 54.278047701908797 ] ] ], [ [ [ -7.694211269651015, 54.282314843977254 ], [ -7.693576433795235, 54.284203390463659 ], [ -7.690874140362829, 54.282392267977436 ], [ -7.694211269651015, 54.282314843977254 ] ] ], [ [ [ -7.804020024973132, 54.285862590516068 ], [ -7.803763607183025, 54.284951534840239 ], [ -7.807612542988808, 54.28427891348705 ], [ -7.807986937272249, 54.28635009968994 ], [ -7.804020024973132, 54.285862590516068 ] ] ], [ [ [ -7.846999137590462, 54.296767237775207 ], [ -7.850905601177462, 54.297917570651968 ], [ -7.850430873339536, 54.298461640682675 ], [ -7.846999137590462, 54.296767237775207 ] ] ], [ [ [ -7.85567877557367, 54.302797268168256 ], [ -7.862500554023327, 54.302456717609701 ], [ -7.860071959677358, 54.304532618976509 ], [ -7.855587104442256, 54.302866593427773 ], [ -7.854641478047938, 54.303581712726306 ], [ -7.851843635142692, 54.30060827625968 ], [ -7.856664948552532, 54.302051485972335 ], [ -7.85567877557367, 54.302797268168256 ] ] ], [ [ [ -7.829732427585876, 54.307567657922341 ], [ -7.834005082738596, 54.308450099895381 ], [ -7.834076999517395, 54.309094051117107 ], [ -7.829732427585876, 54.307567657922341 ] ] ], [ [ [ -7.829025554743395, 54.310100593677809 ], [ -7.835435352742623, 54.310109527184025 ], [ -7.835120887980438, 54.311905806540729 ], [ -7.829025554743395, 54.310100593677809 ] ] ], [ [ [ -7.956028324539967, 54.328750242128912 ], [ -7.955974693684775, 54.328406907652251 ], [ -7.960783636442585, 54.328003159888844 ], [ -7.956028324539967, 54.328750242128912 ] ] ], [ [ [ -7.964751747850176, 54.347818789520424 ], [ -7.963938958309339, 54.34905275231209 ], [ -7.961471485069658, 54.347764965606721 ], [ -7.963809201198183, 54.345991359685698 ], [ -7.964751747850176, 54.347818789520424 ] ] ], [ [ [ -7.695475986105344, 54.367026361634828 ], [ -7.69436905427438, 54.368253621197319 ], [ -7.690957146813645, 54.366966218817225 ], [ -7.695475986105344, 54.367026361634828 ] ] ], [ [ [ -8.052855082057475, 54.370458816495493 ], [ -8.053623761957509, 54.372930481009966 ], [ -8.053134253877733, 54.373220879140767 ], [ -8.050892900368812, 54.372145432393509 ], [ -8.052855082057475, 54.370458816495493 ] ] ], [ [ [ -8.020847015517473, 54.384383866194042 ], [ -8.025383740964575, 54.385834616618503 ], [ -8.024179762266286, 54.387490954068873 ], [ -8.020847015517473, 54.384383866194042 ] ] ], [ [ [ -8.065983748457709, 54.404408371533648 ], [ -8.069872315396942, 54.406328230389015 ], [ -8.068668490248271, 54.407322157144485 ], [ -8.065983748457709, 54.404408371533648 ] ] ], [ [ [ -7.739853052301599, 54.407213003875285 ], [ -7.737413279167537, 54.408423740670258 ], [ -7.734869638656803, 54.406553920890559 ], [ -7.739853052301599, 54.407213003875285 ] ] ], [ [ [ -7.753867376013036, 54.410538830517282 ], [ -7.75072585525152, 54.411494600874462 ], [ -7.749555738931691, 54.409676725623832 ], [ -7.753867376013036, 54.410538830517282 ] ] ], [ [ [ -7.841988615149647, 54.410346925695052 ], [ -7.847142560807399, 54.411821285822406 ], [ -7.843779252193648, 54.412670361746912 ], [ -7.841988615149647, 54.410346925695052 ] ] ], [ [ [ -7.744411633319747, 54.418168141875874 ], [ -7.744549787560269, 54.42045934609289 ], [ -7.741649435225081, 54.41900437081722 ], [ -7.744411633319747, 54.418168141875874 ] ] ], [ [ [ -8.092974103533406, 54.430626522860535 ], [ -8.095350425562561, 54.431538384772004 ], [ -8.094246648133911, 54.433254573003069 ], [ -8.092974103533406, 54.430626522860535 ] ] ], [ [ [ -8.097874928067624, 54.440083486959637 ], [ -8.095571142480198, 54.440983658593559 ], [ -8.091370499116415, 54.440556315153053 ], [ -8.09183121898374, 54.438128148368435 ], [ -8.097874928067624, 54.440083486959637 ] ] ], [ [ [ -7.777176813344191, 54.443231820952946 ], [ -7.78303111017861, 54.442712644223313 ], [ -7.782742959902738, 54.443499419150172 ], [ -7.778998372514527, 54.443255932389299 ], [ -7.77911410121087, 54.443981083508554 ], [ -7.777176813344191, 54.443231820952946 ] ] ], [ [ [ -7.692122312071622, 54.445254862099929 ], [ -7.692533299482673, 54.444331441139568 ], [ -7.69531463992536, 54.445992595886395 ], [ -7.692122312071622, 54.445254862099929 ] ] ], [ [ [ -8.064664142081192, 54.450391380825813 ], [ -8.068800095341523, 54.450046764918653 ], [ -8.068431798362003, 54.451367145000781 ], [ -8.064664142081192, 54.450391380825813 ] ] ], [ [ [ -8.009293181292998, 54.455110106301341 ], [ -8.011233195776407, 54.454454596306888 ], [ -8.012401071864849, 54.456690002889189 ], [ -8.009293181292998, 54.455110106301341 ] ] ], [ [ [ -8.00910702437003, 54.455090320657462 ], [ -8.010135008089913, 54.457086533177119 ], [ -8.008225924012443, 54.457729895767578 ], [ -8.00910702437003, 54.455090320657462 ] ] ], [ [ [ -8.143194191959607, 54.455201836241848 ], [ -8.145284189032802, 54.457377431664817 ], [ -8.142811144476562, 54.457810251585876 ], [ -8.143194191959607, 54.455201836241848 ] ] ], [ [ [ -8.011511242454469, 54.464030326173074 ], [ -8.013731605082842, 54.465025640214726 ], [ -8.008625913758683, 54.465691781112035 ], [ -8.011511242454469, 54.464030326173074 ] ] ], [ [ [ -8.051642855755404, 54.469217912474043 ], [ -8.051342863904614, 54.467517922493222 ], [ -8.054870416356692, 54.46793905153951 ], [ -8.051642855755404, 54.469217912474043 ] ] ], [ [ [ -7.923987920291362, 54.470078715589622 ], [ -7.921604179513159, 54.47080696209192 ], [ -7.923278664355024, 54.468381014075781 ], [ -7.923987920291362, 54.470078715589622 ] ] ], [ [ [ -8.094334320166213, 54.47276156483121 ], [ -8.092544747550319, 54.473331154165919 ], [ -8.091991783216757, 54.470249439541668 ], [ -8.094334320166213, 54.47276156483121 ] ] ], [ [ [ -8.034908750478904, 54.478246476770856 ], [ -8.036108606395068, 54.479407936393351 ], [ -8.033139200944273, 54.480264711277364 ], [ -8.034908750478904, 54.478246476770856 ] ] ], [ [ [ -8.03681390334533, 54.481260902682621 ], [ -8.038724595939023, 54.479621854180472 ], [ -8.040735320912201, 54.481686048546123 ], [ -8.03681390334533, 54.481260902682621 ] ] ], [ [ [ -8.046440541907289, 54.483952601829614 ], [ -8.048408153976389, 54.483955291940227 ], [ -8.049097560513889, 54.486209093608885 ], [ -8.046440541907289, 54.483952601829614 ] ] ], [ [ [ -8.026969185633897, 54.485589217986984 ], [ -8.023599837515871, 54.48665413021655 ], [ -8.026446585579627, 54.484273898083295 ], [ -8.026969185633897, 54.485589217986984 ] ] ], [ [ [ -8.030371932624643, 54.486652639573755 ], [ -8.02759566494665, 54.488225932516627 ], [ -8.02673073856158, 54.486636230436815 ], [ -8.030371932624643, 54.486652639573755 ] ] ], [ [ [ -7.996796973130256, 54.492262389336069 ], [ -7.998220414807772, 54.493777261891587 ], [ -7.996734777977514, 54.495801399432082 ], [ -7.996796973130256, 54.492262389336069 ] ] ], [ [ [ -7.750430367633473, 54.50147073834173 ], [ -7.750233118298818, 54.500371899890411 ], [ -7.756036660763135, 54.500820910495534 ], [ -7.750430367633473, 54.50147073834173 ] ] ], [ [ [ -7.73029694750002, 54.505601973471521 ], [ -7.734574558612713, 54.506388193948233 ], [ -7.732351302465363, 54.507870631476074 ], [ -7.73029694750002, 54.505601973471521 ] ] ], [ [ [ -7.740899508468266, 54.508077643499597 ], [ -7.73832871780455, 54.510061705973897 ], [ -7.737052132060952, 54.506671835262125 ], [ -7.740899508468266, 54.508077643499597 ] ] ], [ [ [ -7.73832871780455, 54.510061705973897 ], [ -7.736524270172946, 54.510393712796521 ], [ -7.732758252835511, 54.510358330575087 ], [ -7.733981985884319, 54.508641431289135 ], [ -7.73832871780455, 54.510061705973897 ] ] ], [ [ [ -7.842019814104993, 54.513263735107884 ], [ -7.845416011351585, 54.512931597707954 ], [ -7.841361730024878, 54.515341334571957 ], [ -7.842019814104993, 54.513263735107884 ] ] ], [ [ [ -7.909140203268969, 54.516093183786182 ], [ -7.911082787740054, 54.51586351384811 ], [ -7.913024655224697, 54.517980026637765 ], [ -7.909140203268969, 54.516093183786182 ] ] ], [ [ [ -7.797814930224127, 54.524755376891115 ], [ -7.799980500595217, 54.524056291188529 ], [ -7.795953599682224, 54.526369227613671 ], [ -7.797814930224127, 54.524755376891115 ] ] ], [ [ [ -7.807608087848123, 54.524590107937662 ], [ -7.807703059161007, 54.525196440630403 ], [ -7.800938050787275, 54.526918669812339 ], [ -7.807608087848123, 54.524590107937662 ] ] ], [ [ [ -7.86666482783159, 54.529482735744175 ], [ -7.861454432801818, 54.530615583015084 ], [ -7.861509671331433, 54.529696212368961 ], [ -7.86666482783159, 54.529482735744175 ] ] ], [ [ [ -7.76094716882247, 54.537750632762169 ], [ -7.763525008114256, 54.53851065529944 ], [ -7.76383616388648, 54.538152503953043 ], [ -7.766324482312378, 54.538574588221266 ], [ -7.764834483838393, 54.540121014296055 ], [ -7.762127416582334, 54.540119332796543 ], [ -7.762239850327965, 54.539989917561563 ], [ -7.76094716882247, 54.537750632762169 ] ] ], [ [ [ -7.812906745962938, 54.542748222684743 ], [ -7.810813566342556, 54.544685772523792 ], [ -7.80764582916215, 54.542120413255887 ], [ -7.812906745962938, 54.542748222684743 ] ] ], [ [ [ -7.753352069563756, 54.546614817019631 ], [ -7.749404316676235, 54.547602590117734 ], [ -7.750585844320197, 54.543906771225153 ], [ -7.753352069563756, 54.546614817019631 ] ] ], [ [ [ -7.759118571999457, 54.544740104508328 ], [ -7.762188694306246, 54.544937628900279 ], [ -7.761940159518681, 54.545908840726092 ], [ -7.758816867364906, 54.546884908948741 ], [ -7.759118571999457, 54.544740104508328 ] ] ], [ [ [ -7.766875138793781, 54.545044546650281 ], [ -7.767098875246734, 54.546588895513977 ], [ -7.76417670522647, 54.547016171758798 ], [ -7.766875138793781, 54.545044546650281 ] ] ], [ [ [ -7.815770224778723, 54.553796049586261 ], [ -7.817448046330722, 54.554970244329859 ], [ -7.813515659053308, 54.556013964867191 ], [ -7.815770224778723, 54.553796049586261 ] ] ], [ [ [ -7.817155598461399, 54.556539721292189 ], [ -7.819413881420105, 54.557257866610684 ], [ -7.816833059644543, 54.557715605493478 ], [ -7.817155598461399, 54.556539721292189 ] ] ], [ [ [ -7.753312772923493, 54.559396296712229 ], [ -7.750933643645064, 54.56032350283585 ], [ -7.751490193614391, 54.558197662310675 ], [ -7.753312772923493, 54.559396296712229 ] ] ], [ [ [ -7.752397330184905, 54.562945254504058 ], [ -7.75421944647435, 54.564345702819232 ], [ -7.75201575696041, 54.565960239460537 ], [ -7.749649252340778, 54.563882512181706 ], [ -7.752397330184905, 54.562945254504058 ] ] ], [ [ [ -7.723893955800956, 54.565924613388518 ], [ -7.723179877103338, 54.565403444253668 ], [ -7.726571662912497, 54.565031825510552 ], [ -7.726785410438653, 54.567434027183076 ], [ -7.723893955800956, 54.565924613388518 ] ] ], [ [ [ -7.704507802373546, 54.570148405188071 ], [ -7.709522525701905, 54.570777601616356 ], [ -7.707623107490383, 54.572361437665094 ], [ -7.704507802373546, 54.570148405188071 ] ] ], [ [ [ -7.794670477706271, 54.575511433983877 ], [ -7.791413996360769, 54.578328543457644 ], [ -7.791665969448644, 54.575644217679056 ], [ -7.792031207101844, 54.575628076067503 ], [ -7.791076702421425, 54.57397183799241 ], [ -7.793777719483513, 54.575128578210894 ], [ -7.793081017557555, 54.57558167988563 ], [ -7.794670477706271, 54.575511433983877 ] ] ], [ [ [ -7.772507309962132, 54.582022830873939 ], [ -7.773867808510451, 54.583794715211745 ], [ -7.771350017833802, 54.584541202531689 ], [ -7.772507309962132, 54.582022830873939 ] ] ], [ [ [ -7.476696660294935, 54.137657828253332 ], [ -7.479901591289372, 54.136422103861001 ], [ -7.480254350340531, 54.137503695999513 ], [ -7.476696660294935, 54.137657828253332 ] ] ], [ [ [ -7.495446602475218, 54.13581018876927 ], [ -7.497623994163633, 54.135949267584309 ], [ -7.496451274411794, 54.138604887428642 ], [ -7.493085049165678, 54.139166031851587 ], [ -7.495446602475218, 54.13581018876927 ] ] ], [ [ [ -7.580740852711928, 54.176802353730245 ], [ -7.576947381230884, 54.175992048496987 ], [ -7.582454868175883, 54.176046492638179 ], [ -7.580740852711928, 54.176802353730245 ] ] ], [ [ [ -7.582457651282447, 54.191303085443948 ], [ -7.584640767773885, 54.19204819631193 ], [ -7.582201951196224, 54.193514329730192 ], [ -7.582457651282447, 54.191303085443948 ] ] ], [ [ [ -7.58555343556778, 54.198943740029613 ], [ -7.590257839274199, 54.199970457233036 ], [ -7.587856027812252, 54.201832104845231 ], [ -7.58555343556778, 54.198943740029613 ] ] ], [ [ [ -7.351689124311704, 54.247728454576418 ], [ -7.34978561489927, 54.247454216244634 ], [ -7.354560684509746, 54.247668988707161 ], [ -7.351689124311704, 54.247728454576418 ] ] ], [ [ [ -7.492409949666525, 54.255071052953859 ], [ -7.49010786084663, 54.256860509016782 ], [ -7.489499285993811, 54.2542698063871 ], [ -7.492409949666525, 54.255071052953859 ] ] ], [ [ [ -7.407554843411241, 54.263145856913241 ], [ -7.405657887594157, 54.264015666113721 ], [ -7.405064664371624, 54.261178244623132 ], [ -7.407554843411241, 54.263145856913241 ] ] ], [ [ [ -7.395658026358374, 54.265850784972727 ], [ -7.396854586603388, 54.267126311316147 ], [ -7.393284668355736, 54.267549286362737 ], [ -7.390897815991111, 54.267103549750388 ], [ -7.395658026358374, 54.265850784972727 ] ] ], [ [ [ -7.410580659949682, 54.26832062465936 ], [ -7.411377536782738, 54.269583309414529 ], [ -7.40707351775957, 54.269234997504668 ], [ -7.410580659949682, 54.26832062465936 ] ] ], [ [ [ -7.38942573304109, 54.268215949452497 ], [ -7.390714874448057, 54.269199032563492 ], [ -7.387790196837709, 54.270737424039751 ], [ -7.386826745330148, 54.268345556210008 ], [ -7.38942573304109, 54.268215949452497 ] ] ], [ [ [ -7.383342031970993, 54.275584202349172 ], [ -7.381808826989936, 54.276285244908543 ], [ -7.379191005201861, 54.274405865610561 ], [ -7.383342031970993, 54.275584202349172 ] ] ], [ [ [ -7.372459587176653, 54.276420115682406 ], [ -7.369627168027971, 54.278122247447648 ], [ -7.368578354105471, 54.27571050167834 ], [ -7.370698609702939, 54.276066657770336 ], [ -7.372459587176653, 54.276420115682406 ] ] ], [ [ [ -7.414861593016439, 54.715779401677757 ], [ -7.417178913848359, 54.718340357522564 ], [ -7.411546111435974, 54.718006951140133 ], [ -7.414861593016439, 54.715779401677757 ] ] ], [ [ [ -7.391514540944526, 54.719667436528766 ], [ -7.391382218894533, 54.719554915360582 ], [ -7.392569473883004, 54.717792809501809 ], [ -7.397042360706829, 54.719617300193619 ], [ -7.391514540944526, 54.719667436528766 ] ] ], [ [ [ -7.394294655762748, 54.720498711486762 ], [ -7.391031153589152, 54.720302691862798 ], [ -7.397042360706829, 54.719617300193619 ], [ -7.394294655762748, 54.720498711486762 ] ] ], [ [ [ -7.464686973214855, 54.725601608787997 ], [ -7.461142579184567, 54.726871330850813 ], [ -7.463166127744816, 54.725192387533092 ], [ -7.464686973214855, 54.725601608787997 ] ] ], [ [ [ -7.452276630595772, 54.724727235559492 ], [ -7.450705273005799, 54.726157410987554 ], [ -7.450947235691398, 54.728205197182355 ], [ -7.4476955966057, 54.726682713288028 ], [ -7.452276630595772, 54.724727235559492 ] ] ], [ [ [ -7.451794180206265, 54.730472875895103 ], [ -7.452821171547089, 54.731792498046708 ], [ -7.448008088708934, 54.732898844444527 ], [ -7.451794180206265, 54.730472875895103 ] ] ], [ [ [ -7.404614895266674, 54.732868381827203 ], [ -7.408562972208832, 54.734066876379927 ], [ -7.405867612635248, 54.735605556854232 ], [ -7.404614895266674, 54.732868381827203 ] ] ], [ [ [ -7.406907204184974, 54.736443922283229 ], [ -7.406359972738549, 54.735795971668736 ], [ -7.409588845857013, 54.734261547060214 ], [ -7.406907204184974, 54.736443922283229 ] ] ], [ [ [ -7.457135316508682, 54.737858936745745 ], [ -7.45711515455113, 54.736950984209948 ], [ -7.46132847676725, 54.736620570388233 ], [ -7.460646892164323, 54.739224172804001 ], [ -7.457135316508682, 54.737858936745745 ] ] ], [ [ [ -7.47215044543996, 54.740236078500367 ], [ -7.475893803552362, 54.741806504448242 ], [ -7.473565541113052, 54.744048105311499 ], [ -7.473005978439592, 54.742333150988081 ], [ -7.47215044543996, 54.740236078500367 ] ] ], [ [ [ -7.395500704225721, 54.822319850854754 ], [ -7.397030946996205, 54.820669063898258 ], [ -7.399387321991222, 54.821156749417753 ], [ -7.395500704225721, 54.822319850854754 ] ] ], [ [ [ -7.410687438281501, 54.836915410601613 ], [ -7.405676394172083, 54.837401725677182 ], [ -7.408418524694504, 54.834899015622952 ], [ -7.410687438281501, 54.836915410601613 ] ] ], [ [ [ -7.42733415774731, 54.837350244450754 ], [ -7.425736368019322, 54.837668252506639 ], [ -7.419618737369488, 54.83659252091347 ], [ -7.42733415774731, 54.837350244450754 ] ] ], [ [ [ -7.397472672816134, 54.894465250802938 ], [ -7.395647146815424, 54.891828382423085 ], [ -7.395776365410712, 54.891146188691906 ], [ -7.401778193143628, 54.891157409718367 ], [ -7.397472672816134, 54.894465250802938 ] ] ], [ [ [ -7.356516566599037, 54.893703754611643 ], [ -7.351132494141484, 54.893651047495204 ], [ -7.351876289536547, 54.892341888568296 ], [ -7.356516566599037, 54.893703754611643 ] ] ], [ [ [ -7.430120228703684, 54.895600275176001 ], [ -7.430117309360749, 54.89577238038833 ], [ -7.430311494354967, 54.893854589964107 ], [ -7.432377078608276, 54.893806431851367 ], [ -7.430081545879315, 54.897880759466034 ], [ -7.430073748755771, 54.898340426463932 ], [ -7.426789929199562, 54.897646380809711 ], [ -7.42670294892528, 54.895675248525343 ], [ -7.424744750961585, 54.898128078594077 ], [ -7.425329961178607, 54.894607079503317 ], [ -7.430120228703684, 54.895600275176001 ] ] ], [ [ [ -7.438733566815379, 54.898107224232959 ], [ -7.435016540925464, 54.898206027220262 ], [ -7.434908221246709, 54.894397346898948 ], [ -7.438646543121624, 54.894210051660345 ], [ -7.438733566815379, 54.898107224232959 ] ] ], [ [ [ -7.421934642328784, 54.898486071405699 ], [ -7.421905148454895, 54.89852210823512 ], [ -7.421869892915694, 54.898437540763886 ], [ -7.421844875994386, 54.898418790211728 ], [ -7.421862358008679, 54.898419466780432 ], [ -7.42033855619994, 54.894764322977579 ], [ -7.424546384018246, 54.895294937880593 ], [ -7.421985261158104, 54.898424223235992 ], [ -7.425286722638907, 54.898551992580359 ], [ -7.429830344146591, 54.898421152295178 ], [ -7.431259312110289, 54.901770113160929 ], [ -7.428954427889216, 54.901588416947291 ], [ -7.425549785509896, 54.901195674635424 ], [ -7.421934642328784, 54.898486071405699 ] ] ], [ [ [ -7.392402151097016, 54.902122163998847 ], [ -7.394650552797787, 54.899786639670005 ], [ -7.396554469857337, 54.902119163434214 ], [ -7.392402151097016, 54.902122163998847 ] ] ], [ [ [ -7.434931199636892, 54.900102044280295 ], [ -7.438980316589751, 54.900189374788212 ], [ -7.438841141881808, 54.902232265139709 ], [ -7.434931199636892, 54.900102044280295 ] ] ], [ [ [ -7.400417364803225, 54.903629821595842 ], [ -7.393996016034855, 54.902608770312533 ], [ -7.397818858016564, 54.902081971569686 ], [ -7.400417364803225, 54.903629821595842 ] ] ], [ [ [ -7.394085037042064, 54.902708780100113 ], [ -7.397713080987872, 54.905340758087711 ], [ -7.397595696019451, 54.905468014867701 ], [ -7.393277060403591, 54.905042795202348 ], [ -7.394085037042064, 54.902708780100113 ] ] ], [ [ [ -7.414191845372261, 54.908191449317833 ], [ -7.414514641956895, 54.906594641442197 ], [ -7.419750149995516, 54.908120318153614 ], [ -7.414191845372261, 54.908191449317833 ] ] ], [ [ [ -7.375664239977355, 54.909262907636119 ], [ -7.369960544821721, 54.911833489736175 ], [ -7.369693004292815, 54.909709170792325 ], [ -7.369226113020049, 54.908187410266187 ], [ -7.371595667155067, 54.905227472257053 ], [ -7.375664239977355, 54.909262907636119 ] ] ], [ [ [ -7.410905515694019, 54.906940588477475 ], [ -7.413611412500885, 54.908098209421887 ], [ -7.412519308735845, 54.909132996711477 ], [ -7.409824261530343, 54.908852638362987 ], [ -7.410905515694019, 54.906940588477475 ] ] ], [ [ [ -7.431972081389285, 54.909038197796008 ], [ -7.427285758149118, 54.907914144112929 ], [ -7.43162717005995, 54.907967245374799 ], [ -7.431972081389285, 54.909038197796008 ] ] ], [ [ [ -7.418907859911313, 54.915287897922433 ], [ -7.416155581666512, 54.912819447609657 ], [ -7.418216830104571, 54.913732351747143 ], [ -7.418907859911313, 54.915287897922433 ] ] ], [ [ [ -7.39150558868094, 54.91431343149624 ], [ -7.395835411830804, 54.913198145410149 ], [ -7.395197094428834, 54.915072768551703 ], [ -7.39150558868094, 54.91431343149624 ] ] ], [ [ [ -7.435934130790845, 54.92008517684134 ], [ -7.441067009167063, 54.919430631179843 ], [ -7.440518601137802, 54.921301816583821 ], [ -7.435934130790845, 54.92008517684134 ] ] ], [ [ [ -7.413455178940461, 54.923148571176661 ], [ -7.41488940656326, 54.922191727851597 ], [ -7.418735384403001, 54.923327381415262 ], [ -7.417221978497376, 54.924704951445129 ], [ -7.413455178940461, 54.923148571176661 ] ] ], [ [ [ -7.392948018401827, 54.924548814641049 ], [ -7.390605129807268, 54.925375699876739 ], [ -7.390486264550187, 54.922132728892251 ], [ -7.392948018401827, 54.924548814641049 ] ] ], [ [ [ -7.400881555022059, 54.925735751621495 ], [ -7.402555726850629, 54.923718387454251 ], [ -7.404789844395514, 54.925301189330526 ], [ -7.402876549883222, 54.927183921361625 ], [ -7.404552275395428, 54.928230540961103 ], [ -7.400265204000148, 54.927600594022266 ], [ -7.403256096344741, 54.929074356130847 ], [ -7.398771662087888, 54.930122023044952 ], [ -7.399334636734616, 54.927142057031489 ], [ -7.399862490272431, 54.927402156845616 ], [ -7.401707454638881, 54.926494324493682 ], [ -7.400881555022059, 54.925735751621495 ] ] ], [ [ [ -7.403128628336476, 54.929620932090415 ], [ -7.404846667034978, 54.928187383145108 ], [ -7.407097617998654, 54.92935363872693 ], [ -7.404781217663503, 54.931619576628066 ], [ -7.403128628336476, 54.929620932090415 ] ] ], [ [ [ -7.410574183413125, 54.929711470374656 ], [ -7.414760921621744, 54.929524038764278 ], [ -7.413127917770959, 54.930678998876374 ], [ -7.410574183413125, 54.929711470374656 ] ] ], [ [ [ -7.398952505870622, 54.931388977745328 ], [ -7.396986659859053, 54.93038069150299 ], [ -7.402107729782029, 54.929869542633305 ], [ -7.398952505870622, 54.931388977745328 ] ] ], [ [ [ -7.373189090104223, 54.929753568101354 ], [ -7.375191470361472, 54.932175847729219 ], [ -7.37194154740297, 54.93185287190461 ], [ -7.373189090104223, 54.929753568101354 ] ] ], [ [ [ -7.405729909677275, 54.932694929757083 ], [ -7.407215913710976, 54.929400647975228 ], [ -7.408512545089594, 54.930110507858053 ], [ -7.411195380024025, 54.931467039641326 ], [ -7.407875642822722, 54.934809320429466 ], [ -7.405729909677275, 54.932694929757083 ] ] ], [ [ [ -7.432417449927591, 54.934738944132789 ], [ -7.432295368690801, 54.932903306132367 ], [ -7.434547120258868, 54.931835055575199 ], [ -7.432417449927591, 54.934738944132789 ] ] ], [ [ [ -7.421827259084286, 54.933252575899331 ], [ -7.422586139272954, 54.932437725061185 ], [ -7.42671274917705, 54.934645175526619 ], [ -7.421827259084286, 54.933252575899331 ] ] ], [ [ [ -7.410998173289603, 54.935111511405587 ], [ -7.407875642822722, 54.934809320429466 ], [ -7.41392761956398, 54.932373865822626 ], [ -7.410998173289603, 54.935111511405587 ] ] ], [ [ [ -7.407660407214761, 54.93516118085838 ], [ -7.40404091823153, 54.934678357945465 ], [ -7.405729909677275, 54.932694929757083 ], [ -7.407512776985497, 54.93476776581479 ], [ -7.407660407214761, 54.93516118085838 ] ] ], [ [ [ -7.376537445255474, 54.933990517026643 ], [ -7.375389931402244, 54.936257986661332 ], [ -7.372439263989893, 54.932851869017377 ], [ -7.376537445255474, 54.933990517026643 ] ] ], [ [ [ -7.403671444955156, 54.933750428466119 ], [ -7.40404091823153, 54.934678357945465 ], [ -7.400638127754934, 54.935592521449742 ], [ -7.403671444955156, 54.933750428466119 ] ] ], [ [ [ -7.402605250595602, 54.937106140807373 ], [ -7.400638127754934, 54.935592521449742 ], [ -7.405135623068874, 54.935079618617664 ], [ -7.402605250595602, 54.937106140807373 ] ] ], [ [ [ -7.377319187836676, 54.941806617219484 ], [ -7.380300296604632, 54.942853095228521 ], [ -7.378096157180598, 54.944501035689257 ], [ -7.37524336876006, 54.943320725024762 ], [ -7.377319187836676, 54.941806617219484 ] ] ], [ [ [ -7.370195368033266, 54.951437826265341 ], [ -7.37391405868153, 54.951100674823905 ], [ -7.375183532156231, 54.953382064954916 ], [ -7.370195368033266, 54.951437826265341 ] ] ], [ [ [ -7.350104819227463, 54.962277996680143 ], [ -7.347862694764985, 54.962127269459529 ], [ -7.348016302737872, 54.960723970767297 ], [ -7.350689976736548, 54.962159546296526 ], [ -7.351687971361458, 54.961957527448035 ], [ -7.351997695398485, 54.962212067203374 ], [ -7.345070126413682, 54.963297143296117 ], [ -7.350104819227463, 54.962277996680143 ] ] ], [ [ [ -7.374807525211946, 54.968253343690684 ], [ -7.377128191043986, 54.969552353697871 ], [ -7.372868829620812, 54.971543142390722 ], [ -7.374807525211946, 54.968253343690684 ] ] ], [ [ [ -7.395570242289916, 54.980069949655608 ], [ -7.395354850018545, 54.979367891245836 ], [ -7.398328651032573, 54.978926773678793 ], [ -7.399576838879811, 54.982108271399149 ], [ -7.395570242289916, 54.980069949655608 ] ] ], [ [ [ -7.403828948065696, 54.984980726232948 ], [ -7.399580234120699, 54.982280986927165 ], [ -7.404234467617528, 54.984037294246001 ], [ -7.403828948065696, 54.984980726232948 ] ] ], [ [ [ -7.348107690108289, 54.992241829797308 ], [ -7.349944620122526, 54.990854609211418 ], [ -7.35203483734484, 54.993001502541439 ], [ -7.349038722204176, 54.992623671645653 ], [ -7.348107690108289, 54.992241829797308 ] ] ], [ [ [ -7.344012442225673, 55.004504977614857 ], [ -7.348129462446688, 55.005687417755134 ], [ -7.344996456402515, 55.007183045583517 ], [ -7.344012442225673, 55.004504977614857 ] ] ], [ [ [ -7.263016628900719, 54.25995915998292 ], [ -7.268166316691563, 54.260745406687739 ], [ -7.267827019745839, 54.261453148411263 ], [ -7.263016628900719, 54.25995915998292 ] ] ], [ [ [ -7.285150143877392, 54.341100930613806 ], [ -7.288882215197052, 54.34094336166492 ], [ -7.286896816356083, 54.342729990986953 ], [ -7.285150143877392, 54.341100930613806 ] ] ], [ [ [ -7.111076345938086, 54.396010379118614 ], [ -7.107298201853939, 54.396996664332264 ], [ -7.108094437714853, 54.394770097597046 ], [ -7.111076345938086, 54.396010379118614 ] ] ], [ [ [ -7.16882768321357, 54.457767128702891 ], [ -7.168924158166432, 54.456101177463395 ], [ -7.172774471150171, 54.456506581126249 ], [ -7.16882768321357, 54.457767128702891 ] ] ], [ [ [ -7.035791122666253, 54.481155285878813 ], [ -7.035155996917225, 54.479594404271872 ], [ -7.036769011892757, 54.478568714089192 ], [ -7.039391335599817, 54.479505966684584 ], [ -7.035791122666253, 54.481155285878813 ] ] ], [ [ [ -7.008052372957636, 54.555578038972421 ], [ -7.010001810646283, 54.555781488269751 ], [ -7.00956948091345, 54.557699527129628 ], [ -7.008052372957636, 54.555578038972421 ] ] ], [ [ [ -7.005117766077833, 54.567005938364311 ], [ -7.003702669397745, 54.568317748442311 ], [ -7.002691776989465, 54.565781727014567 ], [ -7.005117766077833, 54.567005938364311 ] ] ], [ [ [ -7.108934136532901, 54.571646343915774 ], [ -7.107056031399559, 54.569684866073942 ], [ -7.110482438649668, 54.570235579002542 ], [ -7.108934136532901, 54.571646343915774 ] ] ], [ [ [ -7.058024640102737, 54.697303715887259 ], [ -7.060243322567549, 54.697541042744156 ], [ -7.057018593932741, 54.700558422508003 ], [ -7.058024640102737, 54.697303715887259 ] ] ], [ [ [ -7.201138833666183, 54.702844774612238 ], [ -7.203554173115265, 54.704690293319906 ], [ -7.200828999601753, 54.705282018511518 ], [ -7.201138833666183, 54.702844774612238 ] ] ], [ [ [ -7.105824989630823, 54.721228776853252 ], [ -7.110255548592833, 54.721800383314047 ], [ -7.109630740743781, 54.722873788408748 ], [ -7.104143386387427, 54.722728276397639 ], [ -7.105824989630823, 54.721228776853252 ] ] ], [ [ [ -7.083922305568451, 54.734222550580085 ], [ -7.08657305028752, 54.735629568219956 ], [ -7.080832523647095, 54.736852398075122 ], [ -7.083922305568451, 54.734222550580085 ] ] ], [ [ [ -7.050559314780852, 54.776397405770034 ], [ -7.04767466646937, 54.770553257658833 ], [ -7.049086763035854, 54.771218311601636 ], [ -7.052678824679943, 54.775182834945738 ], [ -7.050559314780852, 54.776397405770034 ] ] ], [ [ [ -7.008225701357246, 54.782526303183985 ], [ -7.008299143047273, 54.781915917413968 ], [ -7.01301192140126, 54.787936046153114 ], [ -7.010392524003225, 54.788439576769989 ], [ -7.008225701357246, 54.782526303183985 ] ] ], [ [ [ -7.01651529671295, 54.799592579173193 ], [ -7.011719313287497, 54.798156820004387 ], [ -7.012778833307331, 54.796325694122224 ], [ -7.016263697306794, 54.796382713873662 ], [ -7.01651529671295, 54.799592579173193 ] ] ], [ [ [ -7.245443129990185, 54.815832393067929 ], [ -7.2501917428733, 54.814500127132547 ], [ -7.249607278613307, 54.816696228682034 ], [ -7.245443129990185, 54.815832393067929 ] ] ], [ [ [ -7.162405420565706, 54.827325258126578 ], [ -7.166460335931407, 54.827302987258975 ], [ -7.168649478479381, 54.826958681554274 ], [ -7.165258656620844, 54.829304889653429 ], [ -7.162405420565706, 54.827325258126578 ] ] ], [ [ [ -7.221691963241268, 54.843260515213345 ], [ -7.22635905978474, 54.844248495658093 ], [ -7.22450618900939, 54.84396556338703 ], [ -7.221691963241268, 54.843260515213345 ] ] ], [ [ [ -7.220785787809938, 54.846688211751811 ], [ -7.227736331827461, 54.845995372267964 ], [ -7.22500865646523, 54.847896492624031 ], [ -7.220785787809938, 54.846688211751811 ] ] ], [ [ [ -7.099468936242188, 54.85316872759509 ], [ -7.100796095478601, 54.854165578561108 ], [ -7.096251611396891, 54.85548727851824 ], [ -7.099468936242188, 54.85316872759509 ] ] ], [ [ [ -7.211472125992477, 54.854965549651126 ], [ -7.212292092567542, 54.856067402402864 ], [ -7.207540058579756, 54.85634265604579 ], [ -7.211472125992477, 54.854965549651126 ] ] ], [ [ [ -7.221351176787598, 54.85743366735143 ], [ -7.222718348672969, 54.859591228797292 ], [ -7.218355412586009, 54.861524657508539 ], [ -7.221351176787598, 54.85743366735143 ] ] ], [ [ [ -7.219895869271753, 54.861033737426865 ], [ -7.222882522516541, 54.859513061544206 ], [ -7.223873040553198, 54.861806287193012 ], [ -7.219895869271753, 54.861033737426865 ] ] ], [ [ [ -7.215183633964113, 54.860032571760556 ], [ -7.21666221902696, 54.861889017319129 ], [ -7.212633252733863, 54.862368390301583 ], [ -7.215183633964113, 54.860032571760556 ] ] ], [ [ [ -7.173437752192005, 54.865554376303514 ], [ -7.172745969694716, 54.865784723261655 ], [ -7.169051468307645, 54.864837684153066 ], [ -7.170965644706389, 54.863126828727616 ], [ -7.173437752192005, 54.865554376303514 ] ] ], [ [ [ -7.197902075716003, 54.870873695832024 ], [ -7.195006869360777, 54.873493716728539 ], [ -7.194691853332189, 54.872881080416676 ], [ -7.197902075716003, 54.870873695832024 ] ] ], [ [ [ -7.133648409762533, 54.872541722800477 ], [ -7.134493540825684, 54.873121236628315 ], [ -7.12935299715221, 54.87568782495849 ], [ -7.133648409762533, 54.872541722800477 ] ] ], [ [ [ -7.224594299480937, 54.87846841661645 ], [ -7.225356755471968, 54.879615018235945 ], [ -7.222007832097251, 54.880491903757104 ], [ -7.224594299480937, 54.87846841661645 ] ] ], [ [ [ -7.20954066891853, 54.883065718715564 ], [ -7.213054800758026, 54.882769782753918 ], [ -7.212940644449711, 54.885463933086022 ], [ -7.209051583075976, 54.886157301702298 ], [ -7.20954066891853, 54.883065718715564 ] ] ], [ [ [ -7.33218813758605, 54.890299095893134 ], [ -7.335731340867445, 54.888533274604768 ], [ -7.337032406389919, 54.890081613016051 ], [ -7.332366470092456, 54.890457702638493 ], [ -7.33218813758605, 54.890299095893134 ] ] ], [ [ [ -7.32901185560661, 54.891863845296079 ], [ -7.332761854856024, 54.890728056904528 ], [ -7.334943720842218, 54.893578059764955 ], [ -7.329191113481203, 54.891821175267872 ], [ -7.32901185560661, 54.891863845296079 ] ] ], [ [ [ -7.158811011840834, 54.894993573639276 ], [ -7.158299193881249, 54.893424871213163 ], [ -7.161795565877106, 54.89261372495826 ], [ -7.158811011840834, 54.894993573639276 ] ] ], [ [ [ -7.140122342062023, 54.899485936479884 ], [ -7.13776858562702, 54.902411870689903 ], [ -7.136774409806694, 54.901687025391567 ], [ -7.140122342062023, 54.899485936479884 ] ] ], [ [ [ -7.14996373322726, 54.901463614149947 ], [ -7.150387135854228, 54.902708666057926 ], [ -7.145888568809766, 54.902736987736823 ], [ -7.14996373322726, 54.901463614149947 ] ] ], [ [ [ -7.139954388558, 54.903689725276962 ], [ -7.13945531797212, 54.902417800514499 ], [ -7.143723315340512, 54.901703978527017 ], [ -7.139954388558, 54.903689725276962 ] ] ], [ [ [ -7.15122154896552, 54.903933455037041 ], [ -7.145842571592392, 54.904022696110125 ], [ -7.150387135854228, 54.902708666057926 ], [ -7.15122154896552, 54.903933455037041 ] ] ], [ [ [ -7.155020416498884, 54.925802527011896 ], [ -7.158071746964082, 54.926176304694785 ], [ -7.157484023500731, 54.928030464519345 ], [ -7.155020416498884, 54.925802527011896 ] ] ], [ [ [ -7.344113445383214, 54.957042777856557 ], [ -7.342513047343706, 54.95481655542325 ], [ -7.345556039002287, 54.954637583903825 ], [ -7.347666711459775, 54.954678721096116 ], [ -7.344113445383214, 54.957042777856557 ] ] ], [ [ [ -7.1259531637724, 54.960776118038829 ], [ -7.127407084331324, 54.960577576248809 ], [ -7.127694880973542, 54.964431981912732 ], [ -7.1259531637724, 54.960776118038829 ] ] ], [ [ [ -7.276040956699697, 54.970551009554384 ], [ -7.28260553234031, 54.968768657327026 ], [ -7.280299724207196, 54.970471603615906 ], [ -7.276040956699697, 54.970551009554384 ] ] ], [ [ [ -7.168410372633496, 54.968795836811886 ], [ -7.170983442938248, 54.970881942511326 ], [ -7.167998198469759, 54.971220863329499 ], [ -7.168410372633496, 54.968795836811886 ] ] ], [ [ [ -7.285068497310241, 54.969450418786479 ], [ -7.282042525385992, 54.972614406034161 ], [ -7.278251205064062, 54.971501538655723 ], [ -7.285068497310241, 54.969450418786479 ] ] ], [ [ [ -7.175048196158438, 54.980979148202536 ], [ -7.17451616361011, 54.980829296277562 ], [ -7.178302442992924, 54.979511254837476 ], [ -7.175048196158438, 54.980979148202536 ] ] ], [ [ [ -7.110530420562473, 54.983363354033685 ], [ -7.109660267230007, 54.983653021813147 ], [ -7.106693015764402, 54.982059918569426 ], [ -7.109744157919879, 54.980816879606216 ], [ -7.111155608348427, 54.983155233520954 ], [ -7.110791990766803, 54.983276279195913 ], [ -7.113098383635373, 54.985160479767103 ], [ -7.109796240015697, 54.98583614376706 ], [ -7.110530420562473, 54.983363354033685 ] ] ], [ [ [ -7.145737804703392, 54.982176140247319 ], [ -7.142258059001209, 54.984314736616383 ], [ -7.140210732432613, 54.983458248745784 ], [ -7.142312319496864, 54.982113542000029 ], [ -7.145737804703392, 54.982176140247319 ] ] ], [ [ [ -7.099284240632008, 54.987444192438147 ], [ -7.095490748980695, 54.988911678506987 ], [ -7.096351037814538, 54.988209511983541 ], [ -7.099284240632008, 54.987444192438147 ] ] ], [ [ [ -7.228669986997022, 54.987969684292864 ], [ -7.234023882954259, 54.989620433417358 ], [ -7.22610891864883, 54.989749971857421 ], [ -7.228669986997022, 54.987969684292864 ] ] ], [ [ [ -7.056191689254614, 54.988929226690544 ], [ -7.054963620799302, 54.990771246212212 ], [ -7.051211326679891, 54.990888558029781 ], [ -7.052492402168195, 54.988205947091515 ], [ -7.056191689254614, 54.988929226690544 ] ] ], [ [ [ -7.092179433718242, 55.000853130593704 ], [ -7.090181606601687, 54.997837423356607 ], [ -7.093901853650591, 54.999448248739093 ], [ -7.092179433718242, 55.000853130593704 ] ] ], [ [ [ -7.235742790400698, 55.008059332582896 ], [ -7.234093185758515, 55.006230864832233 ], [ -7.238262096670839, 55.006082223792454 ], [ -7.235742790400698, 55.008059332582896 ] ] ], [ [ [ -7.216044365984396, 55.009988962293647 ], [ -7.221723015804854, 55.010648909546902 ], [ -7.217913776449612, 55.011517803401986 ], [ -7.216044365984396, 55.009988962293647 ] ] ], [ [ [ -7.213870229489334, 55.013627139999628 ], [ -7.21287593645285, 55.012220563819533 ], [ -7.218166404469279, 55.013771113069133 ], [ -7.213870229489334, 55.013627139999628 ] ] ], [ [ [ -7.24314431226879, 55.014935595029634 ], [ -7.245661798523762, 55.013301508078705 ], [ -7.249901655902259, 55.014459089899226 ], [ -7.246021685998399, 55.016278182304795 ], [ -7.24314431226879, 55.014935595029634 ] ] ], [ [ [ -7.130306474566065, 55.018607929601195 ], [ -7.127163553069077, 55.018543762547132 ], [ -7.128808736055685, 55.01596221971046 ], [ -7.130306474566065, 55.018607929601195 ] ] ], [ [ [ -7.194444329256489, 55.025834001497628 ], [ -7.198445161304885, 55.023923476686718 ], [ -7.197660070826331, 55.026934019099052 ], [ -7.194444329256489, 55.025834001497628 ] ] ], [ [ [ -7.068698086116061, 55.027654689450692 ], [ -7.06979989100155, 55.024765968091678 ], [ -7.071031539201646, 55.024955036790409 ], [ -7.068698086116061, 55.027654689450692 ] ] ], [ [ [ -7.187149963398605, 55.026327356533706 ], [ -7.19174182078065, 55.027734866872628 ], [ -7.188453447305557, 55.028700747981006 ], [ -7.187149963398605, 55.026327356533706 ] ] ], [ [ [ -7.08183261150878, 55.029265523792297 ], [ -7.077200747458314, 55.02931376511863 ], [ -7.079803128590515, 55.02740885273456 ], [ -7.08183261150878, 55.029265523792297 ] ] ], [ [ [ -7.151421862497509, 55.031111682490696 ], [ -7.14987335775867, 55.028984873122667 ], [ -7.152750039635658, 55.027759853245314 ], [ -7.154528472074851, 55.029515553836525 ], [ -7.151421862497509, 55.031111682490696 ] ] ], [ [ [ -7.255772913655394, 55.028848046459203 ], [ -7.25900705898249, 55.029595083783157 ], [ -7.256253435568021, 55.031473113905371 ], [ -7.255772913655394, 55.028848046459203 ] ] ], [ [ [ -7.179406120072697, 55.033998483631123 ], [ -7.178528553590514, 55.031753514767324 ], [ -7.181791094425286, 55.030714247782321 ], [ -7.179406120072697, 55.033998483631123 ] ] ], [ [ [ -7.133486577010258, 55.03431812171344 ], [ -7.134743002128826, 55.032368819755696 ], [ -7.136827802402894, 55.034422483543587 ], [ -7.133486577010258, 55.03431812171344 ] ] ], [ [ [ -7.136216872200524, 55.042077567402572 ], [ -7.136091504037678, 55.040236784796967 ], [ -7.139089563569021, 55.042728685322857 ], [ -7.136216872200524, 55.042077567402572 ] ] ], [ [ [ -7.321058896594337, 55.041477554983182 ], [ -7.326909676270987, 55.043172462168684 ], [ -7.324029926063663, 55.044050305804241 ], [ -7.321058896594337, 55.041477554983182 ] ] ], [ [ [ -7.034647072956879, 55.043079403771522 ], [ -7.034626116103616, 55.043950435992258 ], [ -7.030220983085057, 55.044979929346205 ], [ -7.029850604040993, 55.042817854368522 ], [ -7.034647072956879, 55.043079403771522 ] ] ], [ [ [ -7.222841385445565, 55.043527160643094 ], [ -7.224863269188556, 55.044197839221049 ], [ -7.221170645589129, 55.047556822029541 ], [ -7.218217137834563, 55.047284048788505 ], [ -7.222841385445565, 55.043527160643094 ] ] ], [ [ [ -7.229233088494394, 55.046146327211737 ], [ -7.226243727836866, 55.047256187551028 ], [ -7.226900155842263, 55.044737621029853 ], [ -7.229233088494394, 55.046146327211737 ] ] ], [ [ [ -7.22452301838501, 55.047971846120653 ], [ -7.222560675909929, 55.049193227084878 ], [ -7.221768099523297, 55.047093560874039 ], [ -7.22452301838501, 55.047971846120653 ] ] ], [ [ [ -7.216026118278385, 55.047314408026729 ], [ -7.220107709215333, 55.048324972581973 ], [ -7.219424523238031, 55.049393002476847 ], [ -7.216026118278385, 55.047314408026729 ] ] ], [ [ [ -7.014606455277352, 55.086492978511821 ], [ -7.009197330760898, 55.085427930605086 ], [ -7.009378839739899, 55.084737870441174 ], [ -7.015495697036821, 55.084595192417083 ], [ -7.014606455277352, 55.086492978511821 ] ] ], [ [ [ -7.008552172869259, 55.098840140605169 ], [ -7.007677220491964, 55.0980119411931 ], [ -7.015750764661103, 55.09914144675809 ], [ -7.008552172869259, 55.098840140605169 ] ] ], [ [ [ -7.010978242790189, 55.102093684513356 ], [ -7.007083991974463, 55.101480163334905 ], [ -7.009761570079572, 55.100612025792884 ], [ -7.010978242790189, 55.102093684513356 ] ] ], [ [ [ -7.016874209916703, 55.102623449837623 ], [ -7.013148974924067, 55.103009576352896 ], [ -7.012121610698303, 55.101204683150165 ], [ -7.015112890217428, 55.101134436375077 ], [ -7.016874209916703, 55.102623449837623 ] ] ], [ [ [ -7.007817319961148, 55.103208378063123 ], [ -7.007603225354528, 55.104281409981418 ], [ -7.0009984552728, 55.104071240642888 ], [ -7.007817319961148, 55.103208378063123 ] ] ], [ [ [ -7.003218100535142, 55.104413121968456 ], [ -7.009640130241836, 55.105521460141404 ], [ -7.00652529591304, 55.10636919214798 ], [ -6.99970799368676, 55.105594762663209 ], [ -7.003218100535142, 55.104413121968456 ] ] ], [ [ [ -6.465824060751582, 54.125267873188243 ], [ -6.466595111281833, 54.12649187916201 ], [ -6.463023734405984, 54.12692443547153 ], [ -6.465824060751582, 54.125267873188243 ] ] ], [ [ [ -6.727214670615981, 54.188561568668142 ], [ -6.731501271150437, 54.188218229827264 ], [ -6.730251489268408, 54.19002308363028 ], [ -6.727214670615981, 54.188561568668142 ] ] ], [ [ [ -6.518717186260078, 54.260153154073173 ], [ -6.523519511944177, 54.262648329392313 ], [ -6.518588525622856, 54.263275873791457 ], [ -6.518717186260078, 54.260153154073173 ] ] ], [ [ [ -6.823481570967713, 54.287800608032903 ], [ -6.820963666976843, 54.285887307883364 ], [ -6.822998222189772, 54.285616227347077 ], [ -6.826867568742454, 54.286445009121586 ], [ -6.823481570967713, 54.287800608032903 ] ] ], [ [ [ -6.492176016356304, 54.306292018741807 ], [ -6.491001940273641, 54.305723141951198 ], [ -6.491921890681461, 54.304325966344784 ], [ -6.495344610178912, 54.305094999681003 ], [ -6.492176016356304, 54.306292018741807 ] ] ], [ [ [ -6.495864806971005, 54.313777317084003 ], [ -6.500185788914914, 54.312932683504194 ], [ -6.501275549616392, 54.315495576019039 ], [ -6.496661574919696, 54.31485048583523 ], [ -6.495864806971005, 54.313777317084003 ] ] ], [ [ [ -6.477599982308837, 54.347768226307736 ], [ -6.473649333041261, 54.347007377647472 ], [ -6.475523612459445, 54.345338229515917 ], [ -6.477599982308837, 54.347768226307736 ] ] ], [ [ [ -6.54870540317977, 54.34925208696734 ], [ -6.553033982677795, 54.348617632024101 ], [ -6.553118230803544, 54.349545400988269 ], [ -6.54870540317977, 54.34925208696734 ] ] ], [ [ [ -6.491601355980469, 54.354693372988173 ], [ -6.497083796101878, 54.356199304767998 ], [ -6.491872485557387, 54.356806872342077 ], [ -6.491601355980469, 54.354693372988173 ] ] ], [ [ [ -6.456344069784087, 54.379910244535743 ], [ -6.453219935617327, 54.376334569810766 ], [ -6.454155077476996, 54.375945053132121 ], [ -6.456344069784087, 54.379910244535743 ] ] ], [ [ [ -6.690513299507467, 54.409387234329067 ], [ -6.684706525968413, 54.410501196740313 ], [ -6.688779257662378, 54.408850181426516 ], [ -6.690513299507467, 54.409387234329067 ] ] ], [ [ [ -6.738528864429358, 54.413268402404398 ], [ -6.735253975546054, 54.412491159399146 ], [ -6.73857030080331, 54.410815552408501 ], [ -6.738528864429358, 54.413268402404398 ] ] ], [ [ [ -6.668767517569102, 54.437980067416049 ], [ -6.666115663259154, 54.438093844404641 ], [ -6.668303921988928, 54.434406539553649 ], [ -6.668767517569102, 54.437980067416049 ] ] ], [ [ [ -6.47285251011975, 54.437114331994586 ], [ -6.476527144133765, 54.436376729880216 ], [ -6.474504595616573, 54.438547160164738 ], [ -6.477684287392208, 54.439331582935658 ], [ -6.473144971454975, 54.440221320736654 ], [ -6.47285251011975, 54.437114331994586 ] ] ], [ [ [ -6.462063843724146, 54.459771413228289 ], [ -6.463882496060263, 54.46145016262799 ], [ -6.462055450928538, 54.462378100657794 ], [ -6.462063843724146, 54.459771413228289 ] ] ], [ [ [ -6.632658390233007, 54.47013462269561 ], [ -6.635594859077294, 54.470550635829163 ], [ -6.632462762326356, 54.472295777328895 ], [ -6.632658390233007, 54.47013462269561 ] ] ], [ [ [ -6.492647394828833, 54.512982416263696 ], [ -6.492022779456784, 54.514155389505902 ], [ -6.488875330965198, 54.512590589512286 ], [ -6.492647394828833, 54.512982416263696 ] ] ], [ [ [ -6.632282919798243, 54.551071610041362 ], [ -6.630505110781254, 54.550230136620065 ], [ -6.634305017847883, 54.548759387815792 ], [ -6.632282919798243, 54.551071610041362 ] ] ], [ [ [ -6.976087351269747, 54.557918317661503 ], [ -6.976035249264288, 54.561139258712302 ], [ -6.974003727767495, 54.56042865297897 ], [ -6.976087351269747, 54.557918317661503 ] ] ], [ [ [ -6.696330630890111, 54.582588468756093 ], [ -6.696801003387746, 54.58240430496528 ], [ -6.698969824517837, 54.583088826305051 ], [ -6.695658689130827, 54.584624778108193 ], [ -6.696330630890111, 54.582588468756093 ] ] ], [ [ [ -6.695526142064377, 54.5835646621019 ], [ -6.695631231743384, 54.585207718076241 ], [ -6.692825818677113, 54.585775300980643 ], [ -6.691211870643694, 54.583408465488752 ], [ -6.695526142064377, 54.5835646621019 ] ] ], [ [ [ -6.618974968153759, 54.592321737533084 ], [ -6.613644280998083, 54.591646004683838 ], [ -6.614067970742059, 54.590811855279362 ], [ -6.620297188485352, 54.589821309047544 ], [ -6.618974968153759, 54.592321737533084 ] ] ], [ [ [ -6.630262197886021, 54.59617558510174 ], [ -6.626783579154721, 54.59487501182344 ], [ -6.627582283267154, 54.592693177480868 ], [ -6.631405552729772, 54.59354104972077 ], [ -6.630262197886021, 54.59617558510174 ] ] ], [ [ [ -6.672354312646074, 54.59409659744577 ], [ -6.67487777489233, 54.594984908333231 ], [ -6.674477477530796, 54.596005766738742 ], [ -6.671587164351378, 54.597223058104134 ], [ -6.672354312646074, 54.59409659744577 ] ] ], [ [ [ -6.628335646535394, 54.60427118295646 ], [ -6.631162658187054, 54.603447290631607 ], [ -6.63465832640321, 54.605440258176195 ], [ -6.62870264626901, 54.605254295467972 ], [ -6.628335646535394, 54.60427118295646 ] ] ], [ [ [ -6.646465986648469, 54.612395216097461 ], [ -6.643456123814826, 54.613474932916347 ], [ -6.643433536345173, 54.611131755721637 ], [ -6.646550938837863, 54.612077015396778 ], [ -6.646465986648469, 54.612395216097461 ] ] ], [ [ [ -6.593916220551444, 54.615018729834105 ], [ -6.589897245352978, 54.614366781915862 ], [ -6.591006838805838, 54.613727647258685 ], [ -6.593916220551444, 54.615018729834105 ] ] ], [ [ [ -6.61521844616234, 54.63917499420198 ], [ -6.614155600011348, 54.641276208071808 ], [ -6.611559267351175, 54.640312716644949 ], [ -6.61521844616234, 54.63917499420198 ] ] ], [ [ [ -6.770517400234962, 54.678738608842721 ], [ -6.76989953863621, 54.677302862713347 ], [ -6.77148939538701, 54.675922000779174 ], [ -6.77368515218066, 54.678078016880981 ], [ -6.770517400234962, 54.678738608842721 ] ] ], [ [ [ -6.714530228158333, 54.687303400491018 ], [ -6.713854664012594, 54.688643715753649 ], [ -6.709515129509857, 54.689323206516832 ], [ -6.710964712705721, 54.687258408150598 ], [ -6.714530228158333, 54.687303400491018 ] ] ], [ [ [ -6.584110530769071, 54.723339190384699 ], [ -6.587295202784856, 54.721578699700181 ], [ -6.585537977646005, 54.724178517683768 ], [ -6.584110530769071, 54.723339190384699 ] ] ], [ [ [ -6.962076451137285, 54.726096074906863 ], [ -6.957903105765256, 54.725596293580686 ], [ -6.960384839263352, 54.724442353996871 ], [ -6.962076451137285, 54.726096074906863 ] ] ], [ [ [ -6.656023308703984, 54.735581746946124 ], [ -6.655472912196804, 54.733232992412077 ], [ -6.657642678285219, 54.733561044069567 ], [ -6.656023308703984, 54.735581746946124 ] ] ], [ [ [ -6.641365932253443, 54.740012854632447 ], [ -6.638247778993016, 54.739805073221319 ], [ -6.641047723324606, 54.737708339262944 ], [ -6.641365932253443, 54.740012854632447 ] ] ], [ [ [ -6.734358281537769, 54.810634030938971 ], [ -6.734752086723876, 54.809752563872578 ], [ -6.737850916669862, 54.811256907823129 ], [ -6.734358281537769, 54.810634030938971 ] ] ], [ [ [ -6.459998831956162, 54.864548207073227 ], [ -6.46491666167851, 54.863922619920515 ], [ -6.460152092983094, 54.865373498670749 ], [ -6.459998831956162, 54.864548207073227 ] ] ], [ [ [ -6.46394173125689, 54.866626752215616 ], [ -6.45915539920685, 54.866919381591657 ], [ -6.461064783683096, 54.865369334988813 ], [ -6.46394173125689, 54.866626752215616 ] ] ], [ [ [ -6.927912772749324, 54.887508977320756 ], [ -6.920000282323205, 54.885255533500242 ], [ -6.92181531780037, 54.884845112977509 ], [ -6.927912772749324, 54.887508977320756 ] ] ], [ [ [ -6.931812096442995, 54.886093423409477 ], [ -6.933215518507089, 54.889494301362696 ], [ -6.928353133559341, 54.887576687796091 ], [ -6.931812096442995, 54.886093423409477 ] ] ], [ [ [ -6.524452776685783, 54.891678980151255 ], [ -6.520240283167192, 54.89170141214548 ], [ -6.520855405249762, 54.890522762665398 ], [ -6.524452776685783, 54.891678980151255 ] ] ], [ [ [ -6.938109765808454, 54.896538348661089 ], [ -6.93645184936222, 54.894258249385118 ], [ -6.939511832868757, 54.893794432496989 ], [ -6.938109765808454, 54.896538348661089 ] ] ], [ [ [ -6.915261867837647, 54.894131874585632 ], [ -6.916133499283232, 54.895815323639752 ], [ -6.912214236469195, 54.896594191645974 ], [ -6.911014959141347, 54.894861226668823 ], [ -6.915261867837647, 54.894131874585632 ] ] ], [ [ [ -6.685317575701868, 54.895091992208044 ], [ -6.684274446371467, 54.897427537780239 ], [ -6.682185510854066, 54.897366594076757 ], [ -6.682131544943513, 54.894375196659212 ], [ -6.685317575701868, 54.895091992208044 ] ] ], [ [ [ -6.98990841110319, 54.938441047938248 ], [ -6.984115555563541, 54.938098627951675 ], [ -6.98929146841564, 54.938122381215443 ], [ -6.98990841110319, 54.938441047938248 ] ] ], [ [ [ -6.853079440442226, 54.954928432157011 ], [ -6.853435851223428, 54.951303179600529 ], [ -6.85388129683204, 54.953516374341788 ], [ -6.853079440442226, 54.954928432157011 ] ] ], [ [ [ -6.481426513445077, 54.964153198750807 ], [ -6.479797916583443, 54.962562188423959 ], [ -6.484046643119033, 54.961485430050729 ], [ -6.481426513445077, 54.964153198750807 ] ] ], [ [ [ -6.831064797644421, 54.970055558166663 ], [ -6.832565466890928, 54.971858328326071 ], [ -6.830390743398683, 54.972048526615637 ], [ -6.827422989531811, 54.970643143251863 ], [ -6.831064797644421, 54.970055558166663 ] ] ], [ [ [ -6.888634051784989, 54.984530790468504 ], [ -6.894216244425899, 54.985293291580135 ], [ -6.892315795318601, 54.985493034222671 ], [ -6.888634051784989, 54.984530790468504 ] ] ], [ [ [ -6.850796568155011, 54.996780055765207 ], [ -6.846014702777097, 54.998130911010996 ], [ -6.85018539798795, 54.995988142647953 ], [ -6.850796568155011, 54.996780055765207 ] ] ], [ [ [ -6.551071549405405, 54.998029555484266 ], [ -6.550764593521437, 54.996328897927448 ], [ -6.554967886800537, 54.996704494582296 ], [ -6.551071549405405, 54.998029555484266 ] ] ], [ [ [ -6.860640021894346, 54.997084570453445 ], [ -6.865763455930198, 54.997478805492854 ], [ -6.864697435270545, 54.998364035054813 ], [ -6.860640021894346, 54.997084570453445 ] ] ], [ [ [ -6.63195393926942, 55.001046923085134 ], [ -6.630718465155158, 54.998434910481301 ], [ -6.631540681744577, 54.998213363813768 ], [ -6.634617194277562, 54.999507770110696 ], [ -6.63195393926942, 55.001046923085134 ] ] ], [ [ [ -6.988141309220169, 55.013831585612465 ], [ -6.98536335991496, 55.012413198916732 ], [ -6.990825470309169, 55.01129083435859 ], [ -6.988141309220169, 55.013831585612465 ] ] ], [ [ [ -6.64745857446274, 55.015811115118893 ], [ -6.652256527265801, 55.014128796214933 ], [ -6.649132249372886, 55.01653925739857 ], [ -6.64745857446274, 55.015811115118893 ] ] ], [ [ [ -6.696914884575343, 55.072156314751659 ], [ -6.691996150373098, 55.072854388510748 ], [ -6.693307292523202, 55.070692521267191 ], [ -6.696914884575343, 55.072156314751659 ] ] ], [ [ [ -6.674929774317748, 55.09560554660036 ], [ -6.672796483509745, 55.096938723729373 ], [ -6.671648038805753, 55.094627560600991 ], [ -6.674929774317748, 55.09560554660036 ] ] ], [ [ [ -6.773959636365719, 55.107385277937226 ], [ -6.775405979107609, 55.104684879492225 ], [ -6.77572684006406, 55.104781385557395 ], [ -6.776720992828594, 55.106044637935256 ], [ -6.777039788103781, 55.106825071691482 ], [ -6.773959636365719, 55.107385277937226 ] ] ], [ [ [ -6.974736619663016, 55.110240331160533 ], [ -6.977620194681864, 55.108805755509316 ], [ -6.977772518461123, 55.111940501497301 ], [ -6.974736619663016, 55.110240331160533 ] ] ], [ [ [ -6.991593065127855, 55.112893757238126 ], [ -6.991407467523435, 55.113311398494787 ], [ -6.991577256832562, 55.113320868198109 ], [ -6.990399919253182, 55.115656615318919 ], [ -6.981469945833795, 55.115678063168232 ], [ -6.982574483194112, 55.112818754161104 ], [ -6.987679186443326, 55.110014425742996 ], [ -6.991593065127855, 55.112893757238126 ] ] ], [ [ [ -6.979045376708576, 55.113328192555066 ], [ -6.97509436477099, 55.112756039108959 ], [ -6.97508606902776, 55.111878917307585 ], [ -6.979045376708576, 55.113328192555066 ] ] ], [ [ [ -6.978563039949351, 55.115666242176296 ], [ -6.984707051790242, 55.115800711912648 ], [ -6.984187655510406, 55.117419352884149 ], [ -6.978563039949351, 55.115666242176296 ] ] ], [ [ [ -6.982028116483707, 55.119281823733807 ], [ -6.987219048650141, 55.117430985563836 ], [ -6.985811668472368, 55.118415103436583 ], [ -6.982028116483707, 55.119281823733807 ] ] ], [ [ [ -6.979938654011729, 55.118444382350233 ], [ -6.98263664494301, 55.120005533512902 ], [ -6.981374401655033, 55.121264066328393 ], [ -6.982904387539987, 55.121804333149569 ], [ -6.978214851722113, 55.122124183261015 ], [ -6.979009667857176, 55.120429034303292 ], [ -6.980845331427866, 55.121077241670321 ], [ -6.979938654011729, 55.118444382350233 ] ] ], [ [ [ -6.935172078375961, 55.136679466851504 ], [ -6.936210946263683, 55.133837126960032 ], [ -6.939218494956857, 55.13400926651525 ], [ -6.939386329422725, 55.136892863080938 ], [ -6.935172078375961, 55.136679466851504 ] ] ], [ [ [ -6.764664560823494, 55.141098200675557 ], [ -6.766065208150009, 55.14189901860999 ], [ -6.763892588181742, 55.144237093985708 ], [ -6.764664560823494, 55.141098200675557 ] ] ], [ [ [ -6.682025743257665, 55.145330843535049 ], [ -6.686005962678135, 55.144240727628151 ], [ -6.688113643148719, 55.146149048810308 ], [ -6.684887759034936, 55.146978726933689 ], [ -6.682025743257665, 55.145330843535049 ] ] ], [ [ [ -6.743904684337581, 55.147055964460016 ], [ -6.746002264672746, 55.1451077407932 ], [ -6.748574464679612, 55.146751131461194 ], [ -6.744207843840087, 55.147749578437654 ], [ -6.743904684337581, 55.147055964460016 ] ] ], [ [ [ -6.807917335956191, 55.165913392597936 ], [ -6.810634755484275, 55.16528274801334 ], [ -6.811107055341652, 55.167480721475421 ], [ -6.807917335956191, 55.165913392597936 ] ] ], [ [ [ -6.697316619018512, 55.172440271917552 ], [ -6.70121345531037, 55.173249936617466 ], [ -6.700666886738623, 55.174102324717417 ], [ -6.697316619018512, 55.172440271917552 ] ] ], [ [ [ -6.695102547034229, 55.177146700008507 ], [ -6.696490323206763, 55.177763713339786 ], [ -6.692882266634693, 55.180687971841188 ], [ -6.695102547034229, 55.177146700008507 ] ] ], [ [ [ -6.703250611250432, 55.190114542551385 ], [ -6.69798415872206, 55.190662524390909 ], [ -6.695444655450802, 55.188868458720833 ], [ -6.703250611250432, 55.190114542551385 ] ] ], [ [ [ -6.511889883285409, 55.207321433359844 ], [ -6.517790159974687, 55.20720356498132 ], [ -6.511481516985295, 55.21032983392535 ], [ -6.511889883285409, 55.207321433359844 ] ] ], [ [ [ -6.517085588280812, 55.217457384683634 ], [ -6.515161255664907, 55.216891172200867 ], [ -6.517791121636155, 55.214415761451647 ], [ -6.517085588280812, 55.217457384683634 ] ] ], [ [ [ -6.507912557722372, 55.218603160818958 ], [ -6.506598361061438, 55.217455805466088 ], [ -6.511898402610448, 55.216855209520659 ], [ -6.507912557722372, 55.218603160818958 ] ] ], [ [ [ -6.35868803744349, 54.169656211120511 ], [ -6.354771284011685, 54.168044792141814 ], [ -6.358654498454265, 54.167371866305693 ], [ -6.35868803744349, 54.169656211120511 ] ] ], [ [ [ -6.346215805348094, 54.212454155680113 ], [ -6.342430812182547, 54.212329758779475 ], [ -6.342378692589241, 54.210575473673089 ], [ -6.345236705023583, 54.209737077159694 ], [ -6.346215805348094, 54.212454155680113 ] ] ], [ [ [ -6.401426358297112, 54.22060658915705 ], [ -6.399798034219033, 54.222918010234203 ], [ -6.397279252740866, 54.219520720610404 ], [ -6.401426358297112, 54.22060658915705 ] ] ], [ [ [ -6.38491201165114, 54.251606660917915 ], [ -6.379191523956186, 54.250454935848069 ], [ -6.380796177823265, 54.249534516561667 ], [ -6.38491201165114, 54.251606660917915 ] ] ], [ [ [ -6.218292379614951, 54.260719945254806 ], [ -6.219647815816647, 54.261676500751342 ], [ -6.217378491310365, 54.261746487840796 ], [ -6.216170411680249, 54.258282281967041 ], [ -6.218292379614951, 54.260719945254806 ] ] ], [ [ [ -6.233025118267762, 54.266926887397815 ], [ -6.2373181053191, 54.266863712109455 ], [ -6.233357789908799, 54.267992879885391 ], [ -6.233025118267762, 54.266926887397815 ] ] ], [ [ [ -6.229790319720461, 54.281735697485011 ], [ -6.232677783748061, 54.280441911314703 ], [ -6.234979296881628, 54.282675234589519 ], [ -6.229790319720461, 54.281735697485011 ] ] ], [ [ [ -6.433790786499527, 54.280842903367891 ], [ -6.431500319526815, 54.282466297671533 ], [ -6.429932325891314, 54.280920964954326 ], [ -6.433790786499527, 54.280842903367891 ] ] ], [ [ [ -6.201312784182577, 54.283214355687107 ], [ -6.207540460340775, 54.288767273940273 ], [ -6.206586994535339, 54.289086251197745 ], [ -6.201312784182577, 54.283214355687107 ] ] ], [ [ [ -6.310716898956259, 54.298335068003965 ], [ -6.309929911298858, 54.298736034052645 ], [ -6.307752380749971, 54.296265351848888 ], [ -6.310716898956259, 54.298335068003965 ] ] ], [ [ [ -6.382614157701535, 54.30103300524339 ], [ -6.382660060058601, 54.299680283573338 ], [ -6.384819407146194, 54.298806277571067 ], [ -6.385458733307074, 54.301413680042359 ], [ -6.382614157701535, 54.30103300524339 ] ] ], [ [ [ -6.399644681203548, 54.300755541555638 ], [ -6.403951049846852, 54.300527207720691 ], [ -6.404194705393763, 54.301472061394435 ], [ -6.399644681203548, 54.300755541555638 ] ] ], [ [ [ -6.371558062759306, 54.302845049652305 ], [ -6.370764278391371, 54.299188441813655 ], [ -6.372221291450042, 54.298816408876 ], [ -6.373962500554389, 54.303479630854419 ], [ -6.371558062759306, 54.302845049652305 ] ] ], [ [ [ -6.401359109051693, 54.302480142499959 ], [ -6.402755040978822, 54.303447611481552 ], [ -6.402214284102999, 54.304272239665039 ], [ -6.399516739672393, 54.304615558991976 ], [ -6.401359109051693, 54.302480142499959 ] ] ], [ [ [ -6.385142834921472, 54.315884143865816 ], [ -6.391511355507563, 54.315322963036316 ], [ -6.386391446361579, 54.31757325422857 ], [ -6.385142834921472, 54.315884143865816 ] ] ], [ [ [ -6.418867749627788, 54.327239866256598 ], [ -6.422093237240985, 54.324501283167599 ], [ -6.423422249709906, 54.327407742902139 ], [ -6.418867749627788, 54.327239866256598 ] ] ], [ [ [ -6.332471126364971, 54.33391070676938 ], [ -6.334138431885808, 54.330699246835586 ], [ -6.338300781740498, 54.332623417950821 ], [ -6.332471126364971, 54.33391070676938 ] ] ], [ [ [ -6.448611929293606, 54.362392938556191 ], [ -6.446657060664063, 54.363625651160419 ], [ -6.443158328523727, 54.360530266144117 ], [ -6.446467300457841, 54.359375471637513 ], [ -6.448611929293606, 54.362392938556191 ] ] ], [ [ [ -6.379181666051445, 54.375668275190904 ], [ -6.375690075811716, 54.375982685591914 ], [ -6.375474566754857, 54.373266576200429 ], [ -6.377172441227909, 54.371835584019522 ], [ -6.379181666051445, 54.375668275190904 ] ] ], [ [ [ -6.352475164365201, 54.374454696232419 ], [ -6.356645371966996, 54.373652573276985 ], [ -6.355475162321514, 54.376979461701794 ], [ -6.352475164365201, 54.374454696232419 ] ] ], [ [ [ -6.355612104147435, 54.376951795287283 ], [ -6.356925121786092, 54.378439547624843 ], [ -6.353356380216773, 54.380112296464723 ], [ -6.355612104147435, 54.376951795287283 ] ] ], [ [ [ -6.379652054666766, 54.393927695886411 ], [ -6.374467400899643, 54.390701873777495 ], [ -6.3778378385997, 54.390384312303176 ], [ -6.379652054666766, 54.393927695886411 ] ] ], [ [ [ -6.243098234287764, 54.396134379928164 ], [ -6.246054071531951, 54.399172574991496 ], [ -6.243729133456874, 54.399956186173931 ], [ -6.240387756766857, 54.397862635996205 ], [ -6.243098234287764, 54.396134379928164 ] ] ], [ [ [ -6.243237910293009, 54.400209793922315 ], [ -6.239835679448739, 54.400474680416572 ], [ -6.237735505648571, 54.395816897251713 ], [ -6.243237910293009, 54.400209793922315 ] ] ], [ [ [ -6.270378856959022, 54.406621646208123 ], [ -6.272254800372738, 54.40596210786768 ], [ -6.272733298142016, 54.409233919797757 ], [ -6.270378856959022, 54.406621646208123 ] ] ], [ [ [ -6.224792422010947, 54.451208085577569 ], [ -6.227673422635378, 54.452253313417273 ], [ -6.226416183305952, 54.455049696201499 ], [ -6.224792422010947, 54.451208085577569 ] ] ], [ [ [ -6.206727633243657, 54.457534910031953 ], [ -6.207535219962352, 54.458802514151039 ], [ -6.205877794435813, 54.459139544184467 ], [ -6.203436738737439, 54.458158537104389 ], [ -6.206727633243657, 54.457534910031953 ] ] ], [ [ [ -6.199842130041532, 54.459229442884627 ], [ -6.207102740536238, 54.460426206073905 ], [ -6.206778169607457, 54.46120727254641 ], [ -6.200981676483563, 54.462369464007942 ], [ -6.199842130041532, 54.459229442884627 ] ] ], [ [ [ -6.399024596396274, 54.473125161494437 ], [ -6.394890234108212, 54.474921639826064 ], [ -6.39717632486616, 54.472610582191251 ], [ -6.399024596396274, 54.473125161494437 ] ] ], [ [ [ -6.247939993675487, 54.479075340508196 ], [ -6.248576817721292, 54.47794889303421 ], [ -6.252569965035553, 54.478179311701446 ], [ -6.250528429340494, 54.480981887372764 ], [ -6.247939993675487, 54.479075340508196 ] ] ], [ [ [ -6.269093077767816, 54.488273618467268 ], [ -6.263405034799131, 54.487998047212045 ], [ -6.266490179679953, 54.485810328091006 ], [ -6.269093077767816, 54.488273618467268 ] ] ], [ [ [ -6.262008726981148, 54.488770516172792 ], [ -6.262008928397996, 54.488827522849483 ], [ -6.257531175523116, 54.48961296888087 ], [ -6.262008726981148, 54.488770516172792 ] ] ], [ [ [ -6.232378334814414, 54.495088691596713 ], [ -6.232155710284045, 54.493094924761138 ], [ -6.237464690532431, 54.493033904580813 ], [ -6.232378334814414, 54.495088691596713 ] ] ], [ [ [ -6.289504452620881, 54.496551635826954 ], [ -6.289384028974137, 54.493825569265148 ], [ -6.293865074652557, 54.497288240326661 ], [ -6.289504452620881, 54.496551635826954 ] ] ], [ [ [ -6.223092275944405, 54.499844414019122 ], [ -6.223500804273672, 54.498794093405863 ], [ -6.227214964411163, 54.50019023222211 ], [ -6.223092275944405, 54.499844414019122 ] ] ], [ [ [ -6.244335907922006, 54.500432030696828 ], [ -6.248840351540058, 54.499948611427627 ], [ -6.248993530098257, 54.502868498870455 ], [ -6.244335907922006, 54.500432030696828 ] ] ], [ [ [ -6.234188478763625, 54.503222193822502 ], [ -6.231508047633382, 54.500223662543007 ], [ -6.236511742009661, 54.501062893814016 ], [ -6.238038081218924, 54.502663935504117 ], [ -6.234188478763625, 54.503222193822502 ] ] ], [ [ [ -6.256963458732445, 54.501037107914243 ], [ -6.257222934119952, 54.503715215647588 ], [ -6.250105428825798, 54.500931787876596 ], [ -6.256963458732445, 54.501037107914243 ] ] ], [ [ [ -6.255485658511678, 54.507003134222067 ], [ -6.253908991800169, 54.506328866826806 ], [ -6.256068339110179, 54.504306558351331 ], [ -6.255485658511678, 54.507003134222067 ] ] ], [ [ [ -6.207781624535204, 54.508922435212511 ], [ -6.2025161677943, 54.50867732194088 ], [ -6.202809305505993, 54.507641726670947 ], [ -6.207781624535204, 54.508922435212511 ] ] ], [ [ [ -6.2147406883062, 54.511249278903527 ], [ -6.209845217605174, 54.511631100157452 ], [ -6.210138155689584, 54.508295588907608 ], [ -6.2147406883062, 54.511249278903527 ] ] ], [ [ [ -6.278515259908855, 54.521112036625553 ], [ -6.2749361205944, 54.520605389119247 ], [ -6.275257304097542, 54.519628070225011 ], [ -6.278515259908855, 54.521112036625553 ] ] ], [ [ [ -6.238776461207518, 54.528266363584841 ], [ -6.240413497818042, 54.525815609560034 ], [ -6.243510875017954, 54.528878375099943 ], [ -6.238776461207518, 54.528266363584841 ] ] ], [ [ [ -6.209244973669887, 54.536569221100734 ], [ -6.206096515329433, 54.535932590591599 ], [ -6.209605201515431, 54.534826424852199 ], [ -6.209244973669887, 54.536569221100734 ] ] ], [ [ [ -6.283378060711222, 54.546157702293335 ], [ -6.283571165944652, 54.546699962765011 ], [ -6.282898471033276, 54.547649436325614 ], [ -6.27916868590951, 54.545199871884442 ], [ -6.283378060711222, 54.546157702293335 ] ] ], [ [ [ -6.25556399519995, 54.550078500374653 ], [ -6.258614998132619, 54.550523894998641 ], [ -6.257948172357243, 54.552263346315456 ], [ -6.25556399519995, 54.550078500374653 ] ] ], [ [ [ -6.232027724448455, 54.596091142365403 ], [ -6.231549162658948, 54.593633702501137 ], [ -6.235199054348212, 54.593380164341355 ], [ -6.232027724448455, 54.596091142365403 ] ] ], [ [ [ -6.242394094649286, 54.614127980499489 ], [ -6.245310254011187, 54.613534698616377 ], [ -6.246997949603831, 54.614996671006608 ], [ -6.242999109165263, 54.616016820156986 ], [ -6.242394094649286, 54.614127980499489 ] ] ], [ [ [ -6.272109644007307, 54.621726123874502 ], [ -6.27152791998131, 54.619596991724386 ], [ -6.275907577265079, 54.621161984456172 ], [ -6.272109644007307, 54.621726123874502 ] ] ], [ [ [ -6.210246992905916, 54.648998651350716 ], [ -6.206670089756759, 54.648841270590474 ], [ -6.207124880547163, 54.647063103215764 ], [ -6.210246992905916, 54.648998651350716 ] ] ], [ [ [ -6.269651593034427, 54.669629801907426 ], [ -6.264961191886672, 54.667712186563769 ], [ -6.265390327682939, 54.667052502558093 ], [ -6.269651593034427, 54.669629801907426 ] ] ], [ [ [ -6.239571115899276, 54.676252478938991 ], [ -6.239888144824969, 54.674477053159777 ], [ -6.241801001295978, 54.673650421008112 ], [ -6.239571115899276, 54.676252478938991 ] ] ], [ [ [ -6.235390709951761, 54.677188185560262 ], [ -6.232301375785957, 54.678541235784749 ], [ -6.230018091029316, 54.678392765385418 ], [ -6.2319830055775, 54.676690491294117 ], [ -6.235390709951761, 54.677188185560262 ] ] ], [ [ [ -6.251183592237976, 54.6799439935251 ], [ -6.246921299068982, 54.679363754694542 ], [ -6.251854972229256, 54.678310156264892 ], [ -6.251183592237976, 54.6799439935251 ] ] ], [ [ [ -6.278717648906357, 54.734066660757371 ], [ -6.281392001323384, 54.734143485638249 ], [ -6.278423116650218, 54.73587208422547 ], [ -6.277395085465765, 54.736432480332418 ], [ -6.278717648906357, 54.734066660757371 ] ] ], [ [ [ -6.205801153947873, 54.751165951821271 ], [ -6.209159122928771, 54.753214991487368 ], [ -6.207209884719289, 54.752235084605402 ], [ -6.205157485012192, 54.753432230054528 ], [ -6.205801153947873, 54.751165951821271 ] ] ], [ [ [ -6.394436317938544, 54.807034812298859 ], [ -6.394227064044038, 54.805633533574252 ], [ -6.396951052435835, 54.804819745921556 ], [ -6.394436317938544, 54.807034812298859 ] ] ], [ [ [ -6.353626676469843, 54.816481616542958 ], [ -6.351798791248511, 54.815376955399103 ], [ -6.356639634271168, 54.814321295747071 ], [ -6.353626676469843, 54.816481616542958 ] ] ], [ [ [ -6.205063840388552, 54.846358635049718 ], [ -6.201167804464389, 54.843898150570546 ], [ -6.202338643811344, 54.843371062697187 ], [ -6.205063840388552, 54.846358635049718 ] ] ], [ [ [ -6.213750026252448, 55.009281109547857 ], [ -6.21912997254233, 55.009738238221885 ], [ -6.217374380277812, 55.01176612399442 ], [ -6.213750026252448, 55.009281109547857 ] ] ], [ [ [ -6.383127778223133, 55.130965033685676 ], [ -6.385381056889544, 55.132545283881917 ], [ -6.383532851597885, 55.133721717515158 ], [ -6.379560043820707, 55.132056760816553 ], [ -6.383127778223133, 55.130965033685676 ] ] ], [ [ [ -6.237076097201948, 55.155739452159018 ], [ -6.24139196777074, 55.157295096551103 ], [ -6.236209900596437, 55.15789188526886 ], [ -6.237076097201948, 55.155739452159018 ] ] ], [ [ [ -6.241331481625442, 55.160240309579819 ], [ -6.24126911565898, 55.160777699019512 ], [ -6.235507312540289, 55.160524904194489 ], [ -6.23614972902064, 55.15788371054871 ], [ -6.241331481625442, 55.160240309579819 ] ] ], [ [ [ -6.266614339407888, 55.163175498011498 ], [ -6.27056696705446, 55.163902271040051 ], [ -6.267792215562227, 55.165676543987786 ], [ -6.266614339407888, 55.163175498011498 ] ] ], [ [ [ -6.317446179467094, 55.170918467491049 ], [ -6.322350336152324, 55.172027563612822 ], [ -6.321500762351709, 55.172227969577492 ], [ -6.317446179467094, 55.170918467491049 ] ] ], [ [ [ -6.269068232029949, 55.17214598207272 ], [ -6.275266081642791, 55.173253952704052 ], [ -6.273671306417054, 55.173966225211068 ], [ -6.269068232029949, 55.17214598207272 ] ] ], [ [ [ -6.263301837108902, 55.179414637401457 ], [ -6.26632805910457, 55.18342646644593 ], [ -6.262303279260752, 55.183625316913393 ], [ -6.261449221922594, 55.180329643319517 ], [ -6.263301837108902, 55.179414637401457 ] ] ], [ [ [ -6.253573036816807, 55.18576960479556 ], [ -6.25013912690521, 55.185890261375057 ], [ -6.252182029993084, 55.184396959302887 ], [ -6.253573036816807, 55.18576960479556 ] ] ], [ [ [ -6.249591927226814, 55.187198273566857 ], [ -6.252582003538481, 55.188877281915232 ], [ -6.249912768731113, 55.189782060599278 ], [ -6.249591927226814, 55.187198273566857 ] ] ], [ [ [ -6.334617797357453, 55.196416485955226 ], [ -6.334583534242267, 55.19585461053952 ], [ -6.339371467165622, 55.195403300490831 ], [ -6.334617797357453, 55.196416485955226 ] ] ], [ [ [ -6.309306455234536, 55.223604161029435 ], [ -6.309916267535329, 55.223415692521051 ], [ -6.309038950041923, 55.224017207230425 ], [ -6.309306455234536, 55.223604161029435 ] ] ], [ [ [ -6.308679896327806, 55.224571596234149 ], [ -6.308961068818002, 55.225018801200768 ], [ -6.308603660726806, 55.224689305980789 ], [ -6.308679896327806, 55.224571596234149 ] ] ], [ [ [ -6.318523313069717, 55.224536519255061 ], [ -6.314292587709507, 55.226770538140485 ], [ -6.309093967693038, 55.226550961832231 ], [ -6.316557818693653, 55.223382425721304 ], [ -6.318523313069717, 55.224536519255061 ] ] ], [ [ [ -6.36148448249823, 55.233488003711024 ], [ -6.363268755698318, 55.23511169094413 ], [ -6.359589968361578, 55.23560390251636 ], [ -6.36148448249823, 55.233488003711024 ] ] ], [ [ [ -6.215262961593159, 55.294759756830501 ], [ -6.222522367367462, 55.295782828953207 ], [ -6.221006881211568, 55.296992578031599 ], [ -6.215262961593159, 55.294759756830501 ] ] ], [ [ [ -6.198270308052176, 55.296139555613088 ], [ -6.199698945853665, 55.295111028649373 ], [ -6.201435660606438, 55.298506969982675 ], [ -6.198270308052176, 55.296139555613088 ] ] ], [ [ [ -6.169917676957073, 54.457363479402041 ], [ -6.163954480941926, 54.458241457831981 ], [ -6.165003762666696, 54.455470701309586 ], [ -6.169917676957073, 54.457363479402041 ] ] ], [ [ [ -6.106770543820437, 54.456211881666832 ], [ -6.113392546671106, 54.457796639226032 ], [ -6.110737515871637, 54.457799873599789 ], [ -6.106770543820437, 54.456211881666832 ] ] ], [ [ [ -6.196303857467536, 54.459682620201534 ], [ -6.196599997144816, 54.457683153345926 ], [ -6.199764741675703, 54.458121197381686 ], [ -6.196303857467536, 54.459682620201534 ] ] ], [ [ [ -6.174275083515509, 54.460462982328231 ], [ -6.173326765001541, 54.463227641319996 ], [ -6.171061834939465, 54.46252506413331 ], [ -6.174275083515509, 54.460462982328231 ] ] ], [ [ [ -6.153637023875527, 54.464490257262206 ], [ -6.153413873693708, 54.46587025414216 ], [ -6.148339004125154, 54.463473847347096 ], [ -6.153637023875527, 54.464490257262206 ] ] ], [ [ [ -6.162692613446945, 54.469173689246141 ], [ -6.162552555112011, 54.466520259619131 ], [ -6.167496655426549, 54.467024249526879 ], [ -6.164642107242609, 54.469120922731818 ], [ -6.162692613446945, 54.469173689246141 ] ] ], [ [ [ -6.20059602817972, 54.470002948351777 ], [ -6.198344368566397, 54.46788582255337 ], [ -6.199625223659389, 54.46730181700611 ], [ -6.20059602817972, 54.470002948351777 ] ] ], [ [ [ -6.121031188687201, 54.4679580599513 ], [ -6.125525785128247, 54.46809911589515 ], [ -6.12506386909837, 54.469592077982789 ], [ -6.121031188687201, 54.4679580599513 ] ] ], [ [ [ -6.174528593047599, 54.470128911933962 ], [ -6.175998516686453, 54.46968464593494 ], [ -6.175927712334119, 54.472488955746542 ], [ -6.172923890599538, 54.472239355448799 ], [ -6.174528593047599, 54.470128911933962 ] ] ], [ [ [ -6.124951707313322, 54.47350494055582 ], [ -6.121136059227573, 54.475196944555996 ], [ -6.122525707959262, 54.47179869219098 ], [ -6.124951707313322, 54.47350494055582 ] ] ], [ [ [ -6.116286301683327, 54.475334363966205 ], [ -6.118599484719833, 54.474796674254804 ], [ -6.120026127958456, 54.477369261546727 ], [ -6.116520552597508, 54.477840493095115 ], [ -6.116286301683327, 54.475334363966205 ] ] ], [ [ [ -6.107307498698987, 54.477495804131884 ], [ -6.108022670990056, 54.480512847141092 ], [ -6.106802409138284, 54.480727759159187 ], [ -6.104108247889728, 54.478485670872026 ], [ -6.107307498698987, 54.477495804131884 ] ] ], [ [ [ -6.168946897538386, 54.495576779510934 ], [ -6.166876312325874, 54.494786500189832 ], [ -6.168475312844008, 54.493718540229906 ], [ -6.172560804958529, 54.494725051084629 ], [ -6.168946897538386, 54.495576779510934 ] ] ], [ [ [ -6.173985770859478, 54.495931521637566 ], [ -6.168532412590619, 54.496277931061691 ], [ -6.168946897538386, 54.495576779510934 ], [ -6.173985770859478, 54.495931521637566 ] ] ], [ [ [ -6.157420178113587, 54.49714993318473 ], [ -6.16071059166689, 54.495159186626395 ], [ -6.161911750832662, 54.497485980384859 ], [ -6.157494906148811, 54.498262480275265 ], [ -6.157420178113587, 54.49714993318473 ] ] ], [ [ [ -6.142392899222393, 54.502501751751026 ], [ -6.145087482067089, 54.500299511234338 ], [ -6.150734568478575, 54.501449511923539 ], [ -6.142392899222393, 54.502501751751026 ] ] ], [ [ [ -6.002859632670678, 54.50741383224954 ], [ -6.000579637597535, 54.504954086323778 ], [ -6.002764980759431, 54.504803583861424 ], [ -6.002859632670678, 54.50741383224954 ] ] ], [ [ [ -6.185560622004814, 54.526303068975061 ], [ -6.190474328646372, 54.528203957469451 ], [ -6.188753670975384, 54.528031039972696 ], [ -6.185560622004814, 54.526303068975061 ] ] ], [ [ [ -6.186403303483996, 54.528374661078999 ], [ -6.189688086440585, 54.528304135754382 ], [ -6.190218415614638, 54.530584101756268 ], [ -6.186403303483996, 54.528374661078999 ] ] ], [ [ [ -6.112433423665354, 54.534338265256061 ], [ -6.110870306198352, 54.532588086263004 ], [ -6.114640086357385, 54.531245961517996 ], [ -6.11574611464484, 54.533480708571126 ], [ -6.112433423665354, 54.534338265256061 ] ] ], [ [ [ -6.058655286289393, 54.617046625073115 ], [ -6.062223669804027, 54.618355411572509 ], [ -6.055736998224814, 54.619805015075755 ], [ -6.053119662184948, 54.618930099930672 ], [ -6.058655286289393, 54.617046625073115 ] ] ], [ [ [ -6.190187830080903, 54.688473241161084 ], [ -6.189170370783414, 54.686523905530507 ], [ -6.192315253535459, 54.685319727251375 ], [ -6.190187830080903, 54.688473241161084 ] ] ], [ [ [ -6.063795989090498, 54.69429411032305 ], [ -6.063095870214572, 54.69322655112456 ], [ -6.069240589853587, 54.694231848728776 ], [ -6.063795989090498, 54.69429411032305 ] ] ], [ [ [ -6.133939364944326, 54.694022381806661 ], [ -6.131634578572558, 54.695705588053208 ], [ -6.129542739801849, 54.694383830794429 ], [ -6.127874296421107, 54.693201545302806 ], [ -6.133939364944326, 54.694022381806661 ] ] ], [ [ [ -6.062509522405365, 54.697910881657201 ], [ -6.060285972483507, 54.695763298461856 ], [ -6.063213465473547, 54.695552542639234 ], [ -6.062509522405365, 54.697910881657201 ] ] ], [ [ [ -6.077264745092163, 54.703200788360526 ], [ -6.076029350946206, 54.701505038577189 ], [ -6.078490627139954, 54.700496780468605 ], [ -6.080310683536633, 54.702454508004315 ], [ -6.077264745092163, 54.703200788360526 ] ] ], [ [ [ -6.118790955928153, 54.707723120434942 ], [ -6.118781396059191, 54.707808470798824 ], [ -6.114005341390622, 54.707219729472136 ], [ -6.118790955928153, 54.707723120434942 ] ] ], [ [ [ -6.013034668602444, 54.732907073553527 ], [ -6.017482412714497, 54.731420500650962 ], [ -6.016899072286217, 54.733900180972924 ], [ -6.013034668602444, 54.732907073553527 ] ] ], [ [ [ -6.073945350621597, 54.73895892877028 ], [ -6.076293121899361, 54.738064534838919 ], [ -6.074820899973488, 54.740142202411221 ], [ -6.073945350621597, 54.73895892877028 ] ] ], [ [ [ -6.053986914959943, 54.761999027319959 ], [ -6.05643587085057, 54.761950917392475 ], [ -6.056351559112259, 54.762279084578473 ], [ -6.054900816782275, 54.764153265207639 ], [ -6.053986914959943, 54.761999027319959 ] ] ], [ [ [ -6.051474694305979, 54.897905978672696 ], [ -6.053816013395857, 54.899346107945718 ], [ -6.052540334958101, 54.900070095036746 ], [ -6.048922746406602, 54.899070809131537 ], [ -6.051474694305979, 54.897905978672696 ] ] ], [ [ [ -6.042514565966518, 54.943011450220446 ], [ -6.045752053557425, 54.942963179255308 ], [ -6.044594188270263, 54.945559363961799 ], [ -6.040969118726324, 54.945704465586729 ], [ -6.042514565966518, 54.943011450220446 ] ] ], [ [ [ -6.168162391061863, 54.952552103078403 ], [ -6.166452896588077, 54.954552087547754 ], [ -6.167382441715378, 54.951487364775474 ], [ -6.168347580705715, 54.95200991326665 ], [ -6.169031371167197, 54.950007942671128 ], [ -6.170525504224817, 54.952303108353469 ], [ -6.167691593102289, 54.953930483919599 ], [ -6.168162391061863, 54.952552103078403 ] ] ], [ [ [ -6.026738462100282, 54.958239209849367 ], [ -6.030547002206712, 54.960870734384649 ], [ -6.025794415710115, 54.961515892257154 ], [ -6.023613629828178, 54.960383026170661 ], [ -6.026738462100282, 54.958239209849367 ] ] ], [ [ [ -6.185155023354984, 54.970106489082241 ], [ -6.18763188633189, 54.97230700262601 ], [ -6.181506934089318, 54.97300304479468 ], [ -6.179405485142981, 54.97135155267862 ], [ -6.185155023354984, 54.970106489082241 ] ] ], [ [ [ -6.166114248172264, 54.975253462504178 ], [ -6.168736606624083, 54.973961304336669 ], [ -6.171264231841109, 54.977426402812775 ], [ -6.166114248172264, 54.975253462504178 ] ] ], [ [ [ -6.156500849281218, 54.978503967114328 ], [ -6.160058229942774, 54.981021967082391 ], [ -6.15813753783044, 54.981491521562504 ], [ -6.156500849281218, 54.978503967114328 ] ] ], [ [ [ -6.020750618387403, 55.003516868921281 ], [ -6.023954456310022, 55.002370857654107 ], [ -6.021765293521143, 55.004644828122665 ], [ -6.018452383201826, 55.00399181050193 ], [ -6.020750618387403, 55.003516868921281 ] ] ], [ [ [ -6.060887290491586, 55.138074767819091 ], [ -6.065409163336924, 55.137184916734313 ], [ -6.064128624636713, 55.139014699187307 ], [ -6.060887290491586, 55.138074767819091 ] ] ], [ [ [ -6.037374580314462, 55.14933101921558 ], [ -6.03979250505625, 55.151541842859231 ], [ -6.038012359117002, 55.152056280509548 ], [ -6.037374580314462, 55.14933101921558 ] ] ], [ [ [ -6.029624733762852, 55.162517437969093 ], [ -6.026880212191727, 55.161338866680055 ], [ -6.026216535065558, 55.157744331807486 ], [ -6.028338301270846, 55.161890256931599 ], [ -6.029624733762852, 55.162517437969093 ] ] ], [ [ [ -6.185783277973203, 55.171134780492885 ], [ -6.185516171577543, 55.173930442170146 ], [ -6.180742593356612, 55.170734436720252 ], [ -6.185783277973203, 55.171134780492885 ] ] ], [ [ [ -6.187049593906824, 55.177312977617774 ], [ -6.187866414934911, 55.179001769988105 ], [ -6.186336417783295, 55.179887952913916 ], [ -6.184363648914483, 55.179016043624706 ], [ -6.187049593906824, 55.177312977617774 ] ] ], [ [ [ -6.171659418256173, 55.184919997247057 ], [ -6.175240893022564, 55.185366820300317 ], [ -6.17360064207474, 55.186986600825072 ], [ -6.171659418256173, 55.184919997247057 ] ] ], [ [ [ -6.096135622074216, 55.198650628223945 ], [ -6.100346701704709, 55.199905201811262 ], [ -6.097433312463446, 55.200228045446067 ], [ -6.094282514768752, 55.199703731737408 ], [ -6.096135622074216, 55.198650628223945 ] ] ], [ [ [ -6.141427480049251, 55.206316555199393 ], [ -6.140930185999277, 55.202453310960607 ], [ -6.143918184725204, 55.202803301111004 ], [ -6.143989349115905, 55.202643339645213 ], [ -6.141394502366101, 55.201015228550467 ], [ -6.145189688738879, 55.199472764660868 ], [ -6.144900174192575, 55.200596010736639 ], [ -6.145114255918426, 55.200114803403466 ], [ -6.14738528674817, 55.200838091489011 ], [ -6.143238534225291, 55.204331001820876 ], [ -6.143415254343246, 55.203933774937816 ], [ -6.141427480049251, 55.206316555199393 ] ] ], [ [ [ -6.102715415713138, 55.201113725835384 ], [ -6.107275570368683, 55.201543958188893 ], [ -6.102855044631214, 55.202014291076772 ], [ -6.102715415713138, 55.201113725835384 ] ] ], [ [ [ -6.124612106411083, 55.203395049242097 ], [ -6.122476263587971, 55.203172862657141 ], [ -6.122234728998376, 55.20063915661774 ], [ -6.125133308047491, 55.200562121363816 ], [ -6.122369314487312, 55.201238298699629 ], [ -6.124612106411083, 55.203395049242097 ] ] ], [ [ [ -6.127685639021021, 55.201754423602971 ], [ -6.130505652225343, 55.202824284416458 ], [ -6.130351113652964, 55.203382839167048 ], [ -6.124914821599691, 55.203563484697185 ], [ -6.127685639021021, 55.201754423602971 ] ] ], [ [ [ -6.152392053170983, 55.205177346291144 ], [ -6.152149438901493, 55.205964019381 ], [ -6.151636249130345, 55.207614818148109 ], [ -6.141427480049251, 55.206316555199393 ], [ -6.142861874273214, 55.204612145871586 ], [ -6.150603294806844, 55.202670511507115 ], [ -6.153106415090806, 55.202861038598606 ], [ -6.152393184806281, 55.205173676980856 ], [ -6.156511435539174, 55.203405092554384 ], [ -6.156435609591123, 55.205045430413001 ], [ -6.152392053170983, 55.205177346291144 ] ] ], [ [ [ -6.113624351424507, 55.203947636423663 ], [ -6.114942079320293, 55.204218253424472 ], [ -6.11154903823532, 55.206697691225997 ], [ -6.113624351424507, 55.203947636423663 ] ] ], [ [ [ -6.119562961761745, 55.204922037949238 ], [ -6.124836037627801, 55.204027000377046 ], [ -6.12161865046872, 55.207021514928677 ], [ -6.119562961761745, 55.204922037949238 ] ] ], [ [ [ -6.124777722471538, 55.20416918624008 ], [ -6.129623251284777, 55.204365485699775 ], [ -6.126601764138883, 55.207536081408875 ], [ -6.124777722471538, 55.20416918624008 ] ] ], [ [ [ -6.130170912992463, 55.204233031751087 ], [ -6.134542014022088, 55.205016077952457 ], [ -6.130456371417073, 55.2084307261891 ], [ -6.130170912992463, 55.204233031751087 ] ] ], [ [ [ -6.107444183250519, 55.208800345403461 ], [ -6.104593540760101, 55.20509586193954 ], [ -6.112841352801156, 55.204587756943162 ], [ -6.109820588644602, 55.206571889933201 ], [ -6.106745755796633, 55.205328497354209 ], [ -6.107444183250519, 55.208800345403461 ] ] ], [ [ [ -6.135633074645277, 55.206472799228095 ], [ -6.140301506324913, 55.207425447647097 ], [ -6.131654078257358, 55.208816265735173 ], [ -6.135633074645277, 55.206472799228095 ] ] ], [ [ [ -6.126517105845459, 55.20835964951015 ], [ -6.122200209129635, 55.21120023269436 ], [ -6.11986076677935, 55.21112133973957 ], [ -6.120408905426655, 55.207783165794829 ], [ -6.126517105845459, 55.20835964951015 ] ] ], [ [ [ -6.164868194830764, 55.209627155188016 ], [ -6.17063522972633, 55.20995731932657 ], [ -6.167634038852422, 55.211449787869796 ], [ -6.164868194830764, 55.209627155188016 ] ] ], [ [ [ -6.124595800448724, 55.209918149703938 ], [ -6.127739712018343, 55.208934502566748 ], [ -6.127941976299644, 55.210386274938074 ], [ -6.123406318969423, 55.212336517825626 ], [ -6.124595800448724, 55.209918149703938 ] ] ], [ [ [ -6.175325356160101, 55.211057520242903 ], [ -6.178114233885669, 55.211427140602048 ], [ -6.173972077610492, 55.213161941834485 ], [ -6.175325356160101, 55.211057520242903 ] ] ], [ [ [ -6.132174901966222, 55.214997746033049 ], [ -6.133816403346851, 55.216866282458078 ], [ -6.130583445536574, 55.216862151159994 ], [ -6.132174901966222, 55.214997746033049 ] ] ], [ [ [ -6.142038388847472, 55.217351177169647 ], [ -6.136061923792854, 55.219169105138583 ], [ -6.136115473464599, 55.216317493714577 ], [ -6.142038388847472, 55.217351177169647 ] ] ], [ [ [ -6.162554796770107, 55.220590908924869 ], [ -6.165433382701503, 55.221167814853459 ], [ -6.162968452639873, 55.222878852798573 ], [ -6.162785607898138, 55.222815915472133 ], [ -6.16325956947838, 55.223511000281597 ], [ -6.159024698283233, 55.223821648675298 ], [ -6.161649384346648, 55.222424813863782 ], [ -6.160317465730923, 55.221966351695741 ], [ -6.162554796770107, 55.220590908924869 ] ] ], [ [ [ -6.153937266758785, 55.225078276282197 ], [ -6.150251223152384, 55.223225666376123 ], [ -6.155918183342672, 55.223027522328486 ], [ -6.153937266758785, 55.225078276282197 ] ] ], [ [ [ -6.192780249474795, 55.263149059699614 ], [ -6.197273019617923, 55.266807879330493 ], [ -6.188629091274622, 55.264858258778908 ], [ -6.192780249474795, 55.263149059699614 ] ] ], [ [ [ -6.18944584612383, 55.265832313373046 ], [ -6.185601986797292, 55.268315939629105 ], [ -6.185777584310833, 55.265148906183512 ], [ -6.18944584612383, 55.265832313373046 ] ] ], [ [ [ -6.184140238140147, 55.287983530238868 ], [ -6.188861403585149, 55.288429032952472 ], [ -6.18880703514956, 55.288527362724331 ], [ -6.184140238140147, 55.287983530238868 ] ] ], [ [ [ -6.178891661156475, 55.29503828729041 ], [ -6.177797469581474, 55.294432017492717 ], [ -6.182165148844729, 55.293165499351772 ], [ -6.178891661156475, 55.29503828729041 ] ] ], [ [ [ -6.18327264763765, 55.293056758453702 ], [ -6.186231244223491, 55.294906799486419 ], [ -6.184569428996073, 55.295250885926244 ], [ -6.18327264763765, 55.293056758453702 ] ] ], [ [ [ -5.892151332115442, 54.113671730690015 ], [ -5.897186847462766, 54.113138337792186 ], [ -5.896484085648343, 54.114522899600971 ], [ -5.892151332115442, 54.113671730690015 ] ] ], [ [ [ -5.901712245915052, 54.115378438156895 ], [ -5.905312432616255, 54.116154321558 ], [ -5.904135517732284, 54.117917988318069 ], [ -5.901712245915052, 54.115378438156895 ] ] ], [ [ [ -5.889424621926492, 54.126951958320475 ], [ -5.888400427530398, 54.128012273226545 ], [ -5.886586895193583, 54.126637754778066 ], [ -5.886885698907005, 54.123663154470648 ], [ -5.889424621926492, 54.126951958320475 ] ] ], [ [ [ -5.886245097529992, 54.188469967041669 ], [ -5.88880250588996, 54.188762535254085 ], [ -5.888021337764645, 54.19124825998626 ], [ -5.886245097529992, 54.188469967041669 ] ] ], [ [ [ -5.664662866096019, 54.233249781020135 ], [ -5.663510624798442, 54.232616562790454 ], [ -5.663458875743705, 54.232444582831846 ], [ -5.664662866096019, 54.233249781020135 ] ] ], [ [ [ -5.66242411075414, 54.232498984857394 ], [ -5.660189724264236, 54.235001415779408 ], [ -5.659118375613728, 54.233442750785166 ], [ -5.658036682890648, 54.232277222277794 ], [ -5.66242411075414, 54.232498984857394 ] ] ], [ [ [ -5.850007874366693, 54.243004139541235 ], [ -5.846866891120865, 54.241196871610761 ], [ -5.848418461569129, 54.240207812781954 ], [ -5.852272361395356, 54.242394381917187 ], [ -5.850007874366693, 54.243004139541235 ] ] ], [ [ [ -5.844941624934362, 54.242437006977624 ], [ -5.847981493981361, 54.243950685436133 ], [ -5.845674822755405, 54.244911694765229 ], [ -5.844941624934362, 54.242437006977624 ] ] ], [ [ [ -5.67050125774679, 54.245708951356534 ], [ -5.670324601573353, 54.242962399659589 ], [ -5.672434878442771, 54.243362632195293 ], [ -5.67050125774679, 54.245708951356534 ] ] ], [ [ [ -5.777379811882684, 54.249298320423065 ], [ -5.777338814582324, 54.248324125319904 ], [ -5.782817125546145, 54.248848496834199 ], [ -5.777379811882684, 54.249298320423065 ] ] ], [ [ [ -5.755562082073826, 54.247771399261467 ], [ -5.758804007550646, 54.251051396315589 ], [ -5.756536663189666, 54.251426105074508 ], [ -5.755562082073826, 54.247771399261467 ] ] ], [ [ [ -5.803540287401958, 54.250148733704535 ], [ -5.802417928687397, 54.251410104340323 ], [ -5.800351985339258, 54.249719931007604 ], [ -5.803540287401958, 54.250148733704535 ] ] ], [ [ [ -5.765854300396135, 54.253468279625956 ], [ -5.763909138903002, 54.25332265537461 ], [ -5.763571993089641, 54.250480521577025 ], [ -5.765854300396135, 54.253468279625956 ] ] ], [ [ [ -5.776980077470281, 54.252215292834322 ], [ -5.776898602681377, 54.252617178682186 ], [ -5.773231548164324, 54.251872828073886 ], [ -5.776980077470281, 54.252215292834322 ] ] ], [ [ [ -5.658210214343214, 54.250974931393984 ], [ -5.662353428634059, 54.252297826079129 ], [ -5.662087151898885, 54.253586013622602 ], [ -5.658033199616047, 54.253507276626195 ], [ -5.658210214343214, 54.250974931393984 ] ] ], [ [ [ -5.77978919320784, 54.251858760608151 ], [ -5.782814025092274, 54.250760431994166 ], [ -5.783249924873212, 54.254394695104111 ], [ -5.77978919320784, 54.251858760608151 ] ] ], [ [ [ -5.782056237491699, 54.254210692120431 ], [ -5.782528449272745, 54.254818329570568 ], [ -5.778553149064514, 54.25542037305182 ], [ -5.782056237491699, 54.254210692120431 ] ] ], [ [ [ -5.90577564252053, 54.260998184548335 ], [ -5.898706773219622, 54.262472246521746 ], [ -5.904162610680745, 54.260623322124225 ], [ -5.90577564252053, 54.260998184548335 ] ] ], [ [ [ -5.890848642083176, 54.279980435769048 ], [ -5.886581258239994, 54.277194141579876 ], [ -5.889905513732039, 54.276395906434814 ], [ -5.888653293663837, 54.277873507529058 ], [ -5.890848642083176, 54.279980435769048 ] ] ], [ [ [ -5.719697786458775, 54.299080282655076 ], [ -5.722017889093445, 54.300671910917217 ], [ -5.721361958871648, 54.300908915379431 ], [ -5.718047255415361, 54.301144261996967 ], [ -5.719697786458775, 54.299080282655076 ] ] ], [ [ [ -5.705846442343381, 54.302445298381215 ], [ -5.709847058905353, 54.301688851634751 ], [ -5.70980402812642, 54.305648988089047 ], [ -5.711703187522508, 54.304720844735414 ], [ -5.713160161471089, 54.306643105956482 ], [ -5.710644958626783, 54.30717566247835 ], [ -5.709433866308029, 54.305829890878051 ], [ -5.709739585505672, 54.3056804820175 ], [ -5.705846442343381, 54.302445298381215 ] ] ], [ [ [ -5.81313320328623, 54.308292360032503 ], [ -5.810572962201305, 54.309295085066758 ], [ -5.808119456559665, 54.307303862149254 ], [ -5.812940974213126, 54.306277789195974 ], [ -5.81313320328623, 54.308292360032503 ] ] ], [ [ [ -5.683326076531695, 54.33391588768351 ], [ -5.686517553261672, 54.335590620850802 ], [ -5.685035597203741, 54.336339970072139 ], [ -5.681359740498141, 54.336079369960132 ], [ -5.683326076531695, 54.33391588768351 ] ] ], [ [ [ -5.682656898769011, 54.410491076365247 ], [ -5.681118510349615, 54.408967343174638 ], [ -5.683940153086169, 54.407886626653216 ], [ -5.682656898769011, 54.410491076365247 ] ] ], [ [ [ -5.705033529500359, 54.479518395416243 ], [ -5.703925430223913, 54.478566991799255 ], [ -5.70998224057769, 54.478738550050252 ], [ -5.705033529500359, 54.479518395416243 ] ] ], [ [ [ -5.657965540054852, 54.479860178450252 ], [ -5.660819074710453, 54.478331310857953 ], [ -5.662415255806153, 54.480505760324412 ], [ -5.659813833936905, 54.480433918489695 ], [ -5.657965540054852, 54.479860178450252 ] ] ], [ [ [ -5.893015303994702, 54.48245838256252 ], [ -5.896573227985769, 54.481318196861451 ], [ -5.898524784599812, 54.483468595977797 ], [ -5.894241015591553, 54.483816047334294 ], [ -5.893015303994702, 54.48245838256252 ] ] ], [ [ [ -5.70886523926187, 54.50356359449286 ], [ -5.708243966079195, 54.504914450948085 ], [ -5.70557670149387, 54.505315995825121 ], [ -5.706017502871243, 54.502780980856741 ], [ -5.70886523926187, 54.50356359449286 ] ] ], [ [ [ -5.717210327858955, 54.517527899249139 ], [ -5.719381378282436, 54.519898647534966 ], [ -5.717399319473907, 54.520695368963587 ], [ -5.717210327858955, 54.517527899249139 ] ] ], [ [ [ -5.714568683026997, 54.528039195648887 ], [ -5.719166055483863, 54.52745209268884 ], [ -5.716429862806126, 54.529770786857746 ], [ -5.714568683026997, 54.528039195648887 ] ] ], [ [ [ -5.731271240456098, 54.546177877635451 ], [ -5.731132781353139, 54.546383958385938 ], [ -5.724881490179391, 54.544546671937333 ], [ -5.730765260420618, 54.544707467190769 ], [ -5.731271240456098, 54.546177877635451 ] ] ], [ [ [ -5.7252662666703, 54.54718957313893 ], [ -5.724858945805547, 54.545087192020048 ], [ -5.728435501659741, 54.547095816124703 ], [ -5.7252662666703, 54.54718957313893 ] ] ], [ [ [ -5.706790703659951, 54.550225129685977 ], [ -5.7063557101424, 54.549217678247352 ], [ -5.710704951463569, 54.548676986782681 ], [ -5.706790703659951, 54.550225129685977 ] ] ], [ [ [ -5.715448640084865, 54.551785103998746 ], [ -5.711103918896502, 54.552430964448696 ], [ -5.711891313334059, 54.550537693264509 ], [ -5.711755729550912, 54.549184836909603 ], [ -5.715595336701885, 54.549677865807155 ], [ -5.715448640084865, 54.551785103998746 ] ] ], [ [ [ -5.703406717114712, 54.554659608086759 ], [ -5.698251050644418, 54.553428955383708 ], [ -5.699355822483264, 54.55329922170192 ], [ -5.703406717114712, 54.554659608086759 ] ] ], [ [ [ -5.802738189281507, 54.55544159299523 ], [ -5.801742157926624, 54.55464373357546 ], [ -5.804434751586426, 54.553864601260337 ], [ -5.806096409500586, 54.555770484094424 ], [ -5.802738189281507, 54.55544159299523 ] ] ], [ [ [ -5.761906546834697, 54.556366539883363 ], [ -5.765032966050048, 54.556399480525833 ], [ -5.765533230097282, 54.557361659471269 ], [ -5.761906546834697, 54.556366539883363 ] ] ], [ [ [ -5.698723773432749, 54.557051147145309 ], [ -5.705003846479284, 54.557169845935789 ], [ -5.700517100571342, 54.559974487072552 ], [ -5.698723773432749, 54.557051147145309 ] ] ], [ [ [ -5.734302135131361, 54.558539225241184 ], [ -5.73202755630651, 54.560615096861419 ], [ -5.729294040941092, 54.559631075750019 ], [ -5.732447267239933, 54.558531946018817 ], [ -5.734302135131361, 54.558539225241184 ] ] ], [ [ [ -5.70247848251431, 54.564413030775306 ], [ -5.704811700318499, 54.561718987520138 ], [ -5.704887691835915, 54.564579013186581 ], [ -5.70247848251431, 54.564413030775306 ] ] ], [ [ [ -5.733265905024415, 54.563882558778666 ], [ -5.734245883204157, 54.564716384567895 ], [ -5.731484133215708, 54.564738218267003 ], [ -5.730099110572827, 54.561836879202609 ], [ -5.733265905024415, 54.563882558778666 ] ] ], [ [ [ -5.736716180503873, 54.565195669288329 ], [ -5.730013992551583, 54.561751543143245 ], [ -5.7368755457807, 54.561542200681743 ], [ -5.73973925145194, 54.564582130095758 ], [ -5.736716180503873, 54.565195669288329 ] ] ], [ [ [ -5.715759996441308, 54.565895077467388 ], [ -5.714301501115324, 54.562976992472073 ], [ -5.716412475561002, 54.562533274701451 ], [ -5.715759996441308, 54.565895077467388 ] ] ], [ [ [ -5.715129971634966, 54.565398983125739 ], [ -5.712039699934676, 54.566191303749456 ], [ -5.7109700732306, 54.563964563772814 ], [ -5.714346568506278, 54.563277636549095 ], [ -5.715129971634966, 54.565398983125739 ] ] ], [ [ [ -5.715759996441308, 54.565895077467388 ], [ -5.719408591787847, 54.564996423028141 ], [ -5.719478515659078, 54.566454742008524 ], [ -5.715759996441308, 54.565895077467388 ] ] ], [ [ [ -5.701299305298147, 54.567118451169634 ], [ -5.703901788462007, 54.566697250234853 ], [ -5.703092496509016, 54.569083504225837 ], [ -5.701299305298147, 54.567118451169634 ] ] ], [ [ [ -5.752144811779741, 54.566983907217086 ], [ -5.753730834133384, 54.567849112644467 ], [ -5.750729837584297, 54.569051294152821 ], [ -5.752144811779741, 54.566983907217086 ] ] ], [ [ [ -5.705894455214208, 54.569031153507652 ], [ -5.703092496509016, 54.569083504225837 ], [ -5.706862485015067, 54.567374892137664 ], [ -5.705894455214208, 54.569031153507652 ] ] ], [ [ [ -5.699129229205872, 54.571737941238624 ], [ -5.700006486299771, 54.56982602944008 ], [ -5.701127457064604, 54.571495511639384 ], [ -5.699129229205872, 54.571737941238624 ] ] ], [ [ [ -5.704183846749658, 54.573476451067286 ], [ -5.702960446021335, 54.571066651353917 ], [ -5.705838782761144, 54.57335059937629 ], [ -5.704183846749658, 54.573476451067286 ] ] ], [ [ [ -5.727677254666501, 54.575457756844997 ], [ -5.725340079849642, 54.576027622805526 ], [ -5.721774143395235, 54.573776756079873 ], [ -5.727677254666501, 54.575457756844997 ] ] ], [ [ [ -5.7650292436808, 54.576489373313251 ], [ -5.766457132498735, 54.577114149167187 ], [ -5.764244577948752, 54.580521635071896 ], [ -5.762191891376354, 54.577366511415264 ], [ -5.7650292436808, 54.576489373313251 ] ] ], [ [ [ -5.76663161562658, 54.580120840633249 ], [ -5.765119544527066, 54.579759428556741 ], [ -5.766457132498735, 54.577114149167187 ], [ -5.76663161562658, 54.580120840633249 ] ] ], [ [ [ -5.73143346576209, 54.582348755472125 ], [ -5.729232943489247, 54.582127755597753 ], [ -5.729589558502858, 54.580010318061433 ], [ -5.733302119655748, 54.580533407252091 ], [ -5.73143346576209, 54.582348755472125 ] ] ], [ [ [ -5.7208815074207, 54.594011194185768 ], [ -5.719579496874402, 54.592449884790355 ], [ -5.721465491717291, 54.591913843750064 ], [ -5.724791122017147, 54.592107989572312 ], [ -5.7208815074207, 54.594011194185768 ] ] ], [ [ [ -5.743070560397802, 54.591717144281624 ], [ -5.746399714885884, 54.594175232008318 ], [ -5.743898059262967, 54.594563452486597 ], [ -5.740198595785092, 54.591677954187297 ], [ -5.743070560397802, 54.591717144281624 ] ] ], [ [ [ -5.743898059262967, 54.594563452486597 ], [ -5.740845509109151, 54.595282268605949 ], [ -5.739694327444351, 54.59361767572797 ], [ -5.743898059262967, 54.594563452486597 ] ] ], [ [ [ -5.759791313257487, 54.598283053429043 ], [ -5.763159255151122, 54.598157602928261 ], [ -5.76156970541755, 54.600542993489846 ], [ -5.759791313257487, 54.598283053429043 ] ] ], [ [ [ -5.691472724061105, 54.621488299367506 ], [ -5.690453078280508, 54.623086229439707 ], [ -5.687369570521492, 54.62284763291018 ], [ -5.689028403415614, 54.620902516599955 ], [ -5.691472724061105, 54.621488299367506 ] ] ], [ [ [ -5.795400065610732, 54.645400616307406 ], [ -5.793715423722376, 54.644271347154408 ], [ -5.797816078806636, 54.644436257726916 ], [ -5.795400065610732, 54.645400616307406 ] ] ], [ [ [ -5.95985348118374, 54.654702453073696 ], [ -5.956366031049494, 54.656260922294486 ], [ -5.958242910934383, 54.657277350687686 ], [ -5.952474785694738, 54.654937291918912 ], [ -5.95985348118374, 54.654702453073696 ] ] ], [ [ [ -5.692315426650962, 54.789559406201697 ], [ -5.694480967334892, 54.788467652617094 ], [ -5.696201520197433, 54.792174339526305 ], [ -5.692315426650962, 54.789559406201697 ] ] ], [ [ [ -5.879299916058312, 54.814461068564349 ], [ -5.882207823877881, 54.814183025716112 ], [ -5.881180594007811, 54.817044054319865 ], [ -5.879299916058312, 54.814461068564349 ] ] ], [ [ [ -5.719909253668655, 54.847686531308895 ], [ -5.721757904119873, 54.85003735535863 ], [ -5.715847760500769, 54.846399407560796 ], [ -5.719909253668655, 54.847686531308895 ] ] ], [ [ [ -5.75901981761998, 54.857262592783201 ], [ -5.76363737475685, 54.858374981023672 ], [ -5.762126604477114, 54.859418703428837 ], [ -5.751800153184209, 54.856481808075941 ], [ -5.75901981761998, 54.857262592783201 ] ] ], [ [ [ -5.895055055437557, 54.871126921246486 ], [ -5.901357454951722, 54.871337139191986 ], [ -5.899629763810607, 54.873223111884677 ], [ -5.895055055437557, 54.871126921246486 ] ] ], [ [ [ -5.85987092752747, 54.874954969686669 ], [ -5.857037405962847, 54.872770838447032 ], [ -5.859176626435338, 54.871902572693386 ], [ -5.85987092752747, 54.874954969686669 ] ] ], [ [ [ -5.872090932006932, 54.876772969147325 ], [ -5.87553891251273, 54.875099973074477 ], [ -5.874671981739695, 54.876765519743955 ], [ -5.872090932006932, 54.876772969147325 ] ] ], [ [ [ -5.847257434808173, 54.879252825165615 ], [ -5.846075574408086, 54.879871790513548 ], [ -5.845701535007598, 54.877673285836899 ], [ -5.847257434808173, 54.879252825165615 ] ] ], [ [ [ -5.845621865079556, 54.896221615284809 ], [ -5.848478879900168, 54.896840050346185 ], [ -5.845722715759291, 54.899634758914615 ], [ -5.845621865079556, 54.896221615284809 ] ] ], [ [ [ -5.889552699871518, 54.911413791266774 ], [ -5.886056467609465, 54.911184574140428 ], [ -5.889000176719783, 54.909629521143579 ], [ -5.889552699871518, 54.911413791266774 ] ] ], [ [ [ -5.891137953235639, 54.912976672462193 ], [ -5.886051256753906, 54.913481236338242 ], [ -5.886467051335582, 54.912206749178573 ], [ -5.891137953235639, 54.912976672462193 ] ] ], [ [ [ -5.968380268398629, 55.036065260942905 ], [ -5.970212139786951, 55.035278231725883 ], [ -5.967320598736614, 55.041043870358067 ], [ -5.968380268398629, 55.036065260942905 ] ] ], [ [ [ -5.660175507272061, 54.229506908532066 ], [ -5.661900954291705, 54.231340281072782 ], [ -5.658075155582994, 54.232160300952565 ], [ -5.660175507272061, 54.229506908532066 ] ] ], [ [ [ -5.652701333197069, 54.234116513138943 ], [ -5.657146751227706, 54.233282938113788 ], [ -5.659049272385081, 54.235645148007912 ], [ -5.652701333197069, 54.234116513138943 ] ] ], [ [ [ -5.658770381867851, 54.23567395168515 ], [ -5.660359464606858, 54.237347735364267 ], [ -5.65554040814199, 54.237598055233917 ], [ -5.654782034481591, 54.235673904173254 ], [ -5.658770381867851, 54.23567395168515 ] ] ], [ [ [ -5.653248297218594, 54.239791697907791 ], [ -5.652379238330224, 54.240350507842784 ], [ -5.647350834246318, 54.23764694306162 ], [ -5.653248297218594, 54.239791697907791 ] ] ], [ [ [ -5.660956926856063, 54.237976685340222 ], [ -5.659653821342727, 54.240502455456422 ], [ -5.65554040814199, 54.237598055233917 ], [ -5.660956926856063, 54.237976685340222 ] ] ], [ [ [ -5.610956576228981, 54.250930814253046 ], [ -5.608057073799593, 54.253806330283865 ], [ -5.609279997686975, 54.249134956202973 ], [ -5.618544675876566, 54.248599571699344 ], [ -5.616737957665462, 54.251655218400941 ], [ -5.610956576228981, 54.250930814253046 ] ] ], [ [ [ -5.613524124129747, 54.302022045555844 ], [ -5.610877902629266, 54.299905321639812 ], [ -5.61533523446006, 54.30144177817634 ], [ -5.613524124129747, 54.302022045555844 ] ] ], [ [ [ -5.657714766771755, 54.325918981681561 ], [ -5.65408303522464, 54.324095550907636 ], [ -5.655628124002531, 54.322937194700124 ], [ -5.657714766771755, 54.325918981681561 ] ] ], [ [ [ -5.587961319185817, 54.3578010998799 ], [ -5.586494884145737, 54.359193850317915 ], [ -5.582322243956479, 54.358484098556765 ], [ -5.584750492366457, 54.357210101388659 ], [ -5.587961319185817, 54.3578010998799 ] ] ], [ [ [ -5.583895157437321, 54.359521618280866 ], [ -5.58848178359612, 54.360934273138959 ], [ -5.583615002479041, 54.361347404509594 ], [ -5.583895157437321, 54.359521618280866 ] ] ], [ [ [ -5.575262538722882, 54.362971132536188 ], [ -5.578727191538401, 54.362962161606553 ], [ -5.577697971225721, 54.366401747202836 ], [ -5.575262538722882, 54.362971132536188 ] ] ], [ [ [ -5.571354178110838, 54.365735036033954 ], [ -5.57512543047479, 54.364552856247137 ], [ -5.575874498788616, 54.36724173454936 ], [ -5.576545999531987, 54.367403527806083 ], [ -5.572435490905768, 54.368272892514277 ], [ -5.571937424058878, 54.366407176703603 ], [ -5.571322382350426, 54.366273558652559 ], [ -5.571354178110838, 54.365735036033954 ] ] ], [ [ [ -5.576410880303244, 54.368712264549593 ], [ -5.578938663589544, 54.367670715223369 ], [ -5.579575540404898, 54.371176456060851 ], [ -5.57601881586604, 54.370142152468659 ], [ -5.576410880303244, 54.368712264549593 ] ] ], [ [ [ -5.524928407468464, 54.369284493878162 ], [ -5.524594013797204, 54.369965566819033 ], [ -5.52005856558097, 54.369364204499639 ], [ -5.524928407468464, 54.369284493878162 ] ] ], [ [ [ -5.595255716042862, 54.369727429708149 ], [ -5.603049352394613, 54.370701207510507 ], [ -5.598734044050007, 54.372177247527432 ], [ -5.595255716042862, 54.369727429708149 ] ] ], [ [ [ -5.527665726875015, 54.369615078585134 ], [ -5.528727127393974, 54.370122914128103 ], [ -5.526958896055701, 54.372422578651495 ], [ -5.527665726875015, 54.369615078585134 ] ] ], [ [ [ -5.591955465463577, 54.371284897742527 ], [ -5.594158389084495, 54.374638814863999 ], [ -5.590561158827357, 54.375995623349922 ], [ -5.590543162781142, 54.375965063600368 ], [ -5.587967218845499, 54.376875748525727 ], [ -5.584054534166614, 54.3779092543652 ], [ -5.586064911466081, 54.373810756773842 ], [ -5.588603190801867, 54.372670725659589 ], [ -5.591955465463577, 54.371284897742527 ] ] ], [ [ [ -5.598116306428595, 54.374425001867927 ], [ -5.601939128241704, 54.373535684392685 ], [ -5.602050486186275, 54.374927127911441 ], [ -5.598116306428595, 54.374425001867927 ] ] ], [ [ [ -5.581771722491141, 54.375800486121598 ], [ -5.583304020679236, 54.377117679919934 ], [ -5.578701473307543, 54.377581931161721 ], [ -5.581771722491141, 54.375800486121598 ] ] ], [ [ [ -5.612928217650834, 54.375910238660403 ], [ -5.615154485755506, 54.378249223579893 ], [ -5.611348056124314, 54.37661492909352 ], [ -5.612928217650834, 54.375910238660403 ] ] ], [ [ [ -5.5291239270781, 54.379834477231988 ], [ -5.527056767910812, 54.380975892390637 ], [ -5.527933852381064, 54.378737046500255 ], [ -5.5291239270781, 54.379834477231988 ] ] ], [ [ [ -5.507966453805077, 54.382025098521396 ], [ -5.503054601573345, 54.382922135112949 ], [ -5.503708126496011, 54.382219460130315 ], [ -5.507966453805077, 54.382025098521396 ] ] ], [ [ [ -5.553041086190083, 54.385886270545186 ], [ -5.553933680698342, 54.387701626020011 ], [ -5.551344563366177, 54.388746076810996 ], [ -5.550186200427987, 54.385256109010854 ], [ -5.553041086190083, 54.385886270545186 ] ] ], [ [ [ -5.555284007372353, 54.385974666010355 ], [ -5.559164175024219, 54.388670168810201 ], [ -5.556304561695267, 54.389995562368412 ], [ -5.555284007372353, 54.385974666010355 ] ] ], [ [ [ -5.546688923795035, 54.390217970928923 ], [ -5.543303653854011, 54.391842585553235 ], [ -5.541626218540493, 54.389745122263896 ], [ -5.544160897822164, 54.388907777132914 ], [ -5.546688923795035, 54.390217970928923 ] ] ], [ [ [ -5.462565054124228, 54.393150389215336 ], [ -5.46142229299418, 54.390840915111404 ], [ -5.471671143874592, 54.3892078646549 ], [ -5.468353257629444, 54.392990111768505 ], [ -5.462565054124228, 54.393150389215336 ] ] ], [ [ [ -5.564596882443165, 54.39149121912898 ], [ -5.563110333654394, 54.394602245136532 ], [ -5.558596349951998, 54.394002368828872 ], [ -5.564596882443165, 54.39149121912898 ] ] ], [ [ [ -5.468173971405057, 54.393390111697897 ], [ -5.462742312706994, 54.395131091371411 ], [ -5.462824919021768, 54.393793327260283 ], [ -5.468173971405057, 54.393390111697897 ] ] ], [ [ [ -5.535180610271443, 54.395374379019962 ], [ -5.537489092058979, 54.397334201461561 ], [ -5.536523907441866, 54.397965804479497 ], [ -5.533615878529721, 54.397751246721157 ], [ -5.535180610271443, 54.395374379019962 ] ] ], [ [ [ -5.561155708107004, 54.396785609802535 ], [ -5.557393798591137, 54.398688993722509 ], [ -5.55960162959501, 54.395950593044738 ], [ -5.561155708107004, 54.396785609802535 ] ] ], [ [ [ -5.56545913418116, 54.398965321276556 ], [ -5.563012273600921, 54.399816666942598 ], [ -5.563734678870671, 54.397506442961387 ], [ -5.56545913418116, 54.398965321276556 ] ] ], [ [ [ -5.532712608452433, 54.398338292156517 ], [ -5.533697290313776, 54.39812319130926 ], [ -5.532323348733898, 54.400699544145489 ], [ -5.532712608452433, 54.398338292156517 ] ] ], [ [ [ -5.557371021981376, 54.40114721319209 ], [ -5.555882266204561, 54.399874428608179 ], [ -5.556050653439142, 54.399902334706134 ], [ -5.561649226062006, 54.398141780333056 ], [ -5.557371021981376, 54.40114721319209 ] ] ], [ [ [ -5.488191937687194, 54.400732294063346 ], [ -5.491062577677246, 54.402114848072785 ], [ -5.488770297454984, 54.402884722306368 ], [ -5.485974961114952, 54.403063930781279 ], [ -5.488191937687194, 54.400732294063346 ] ] ], [ [ [ -5.469861031265067, 54.402880304680153 ], [ -5.473991047981949, 54.401577687576363 ], [ -5.474626898613821, 54.403467828589903 ], [ -5.469861031265067, 54.402880304680153 ] ] ], [ [ [ -5.490559133481945, 54.403440883828239 ], [ -5.494102261864415, 54.405178447683468 ], [ -5.491669834469293, 54.405620655489429 ], [ -5.490559133481945, 54.403440883828239 ] ] ], [ [ [ -5.547977095928275, 54.404502574264335 ], [ -5.545845920132026, 54.406375019675835 ], [ -5.544401215897942, 54.404996108258672 ], [ -5.547977095928275, 54.404502574264335 ] ] ], [ [ [ -5.496257171908094, 54.405796313396905 ], [ -5.497448953177859, 54.407034883779779 ], [ -5.495279683676449, 54.40810146592851 ], [ -5.493140990812197, 54.406986297571812 ], [ -5.496257171908094, 54.405796313396905 ] ] ], [ [ [ -5.547574421359716, 54.409145974652894 ], [ -5.551860939435557, 54.408833550019423 ], [ -5.555649010416094, 54.408686544223293 ], [ -5.547574421359716, 54.409145974652894 ] ] ], [ [ [ -5.475012530008504, 54.414092302426916 ], [ -5.471235896741767, 54.414689052187086 ], [ -5.474341079175665, 54.412036727536105 ], [ -5.475012530008504, 54.414092302426916 ] ] ], [ [ [ -5.472495099390511, 54.415308617229606 ], [ -5.474872674115554, 54.414213724886828 ], [ -5.475467528134087, 54.41669817805095 ], [ -5.472495099390511, 54.415308617229606 ] ] ], [ [ [ -5.649193537280669, 54.417238305483949 ], [ -5.652550145436282, 54.416210476260225 ], [ -5.652883900023127, 54.417138928520075 ], [ -5.649193537280669, 54.417238305483949 ] ] ], [ [ [ -5.543285561822889, 54.434193976297657 ], [ -5.547425005296715, 54.437319057749868 ], [ -5.546848013253714, 54.437518893236451 ], [ -5.54132410677458, 54.436143050176021 ], [ -5.543285561822889, 54.434193976297657 ] ] ], [ [ [ -5.543281553680809, 54.438939135002691 ], [ -5.542106922530618, 54.438502826705388 ], [ -5.541951385658582, 54.43753242565711 ], [ -5.543281553680809, 54.438939135002691 ] ] ], [ [ [ -5.484889200701032, 54.44959580236992 ], [ -5.483948163752475, 54.450139115304282 ], [ -5.480879695324503, 54.450270736252044 ], [ -5.48269636890589, 54.44839396472274 ], [ -5.484889200701032, 54.44959580236992 ] ] ], [ [ [ -5.658133704085725, 54.448848898797763 ], [ -5.660262577572582, 54.450678100485831 ], [ -5.656841532995831, 54.451173541066417 ], [ -5.658133704085725, 54.448848898797763 ] ] ], [ [ [ -5.506924293828417, 54.463646631142915 ], [ -5.508262672047507, 54.46273281767661 ], [ -5.512433531401562, 54.464614815325064 ], [ -5.506924293828417, 54.463646631142915 ] ] ], [ [ [ -5.439443897548956, 54.470527604013334 ], [ -5.440386578346768, 54.472142852113848 ], [ -5.437000986740387, 54.471766990579518 ], [ -5.439443897548956, 54.470527604013334 ] ] ], [ [ [ -5.466358630052826, 54.4916284360988 ], [ -5.467743997655021, 54.488683057714525 ], [ -5.467433660900556, 54.491307257754606 ], [ -5.466358630052826, 54.4916284360988 ] ] ], [ [ [ -5.655371576138216, 54.495282820191264 ], [ -5.652677825679479, 54.493801995817343 ], [ -5.654914476408555, 54.492482958772236 ], [ -5.655371576138216, 54.495282820191264 ] ] ], [ [ [ -5.542837500784573, 54.497344039875856 ], [ -5.54023389822947, 54.496660015114045 ], [ -5.542711310261287, 54.495528360828757 ], [ -5.544874343601026, 54.495912699107421 ], [ -5.542837500784573, 54.497344039875856 ] ] ], [ [ [ -5.534663129656623, 54.502956107455702 ], [ -5.539675133367949, 54.503438361787943 ], [ -5.537270017154587, 54.50440839062243 ], [ -5.534663129656623, 54.502956107455702 ] ] ], [ [ [ -5.514839722716657, 54.51617545399656 ], [ -5.520420176080882, 54.518140505881576 ], [ -5.51827894432011, 54.518465093380357 ], [ -5.514839722716657, 54.51617545399656 ] ] ], [ [ [ -5.512189034115068, 54.519658844248504 ], [ -5.518181058094648, 54.518751023525368 ], [ -5.517737976204876, 54.519678280231481 ], [ -5.512189034115068, 54.519658844248504 ] ] ], [ [ [ -5.514858771957322, 54.520270285377165 ], [ -5.519054639114733, 54.520543116173734 ], [ -5.514992634555706, 54.521944225109358 ], [ -5.514858771957322, 54.520270285377165 ] ] ], [ [ [ -5.476452212561994, 54.522842047335715 ], [ -5.475226000044906, 54.521443617816587 ], [ -5.481257090178292, 54.521553629076308 ], [ -5.476452212561994, 54.522842047335715 ] ] ], [ [ [ -5.509861809170524, 54.537373437208529 ], [ -5.515781779561068, 54.536956086420354 ], [ -5.515719967950764, 54.538543362576014 ], [ -5.509861809170524, 54.537373437208529 ] ] ], [ [ [ -5.522678752028737, 54.55155251067999 ], [ -5.519971562318783, 54.553572563682692 ], [ -5.518138940908974, 54.550467667310144 ], [ -5.522678752028737, 54.55155251067999 ] ] ], [ [ [ -5.489764653128999, 54.555427185231068 ], [ -5.493179366406166, 54.555307427705891 ], [ -5.490715454045656, 54.557402159353096 ], [ -5.489764653128999, 54.555427185231068 ] ] ], [ [ [ -5.517215171613005, 54.555835761246691 ], [ -5.520069757284159, 54.55665566684749 ], [ -5.519429742198429, 54.558678068255901 ], [ -5.513332602561787, 54.556550949980831 ], [ -5.517215171613005, 54.555835761246691 ] ] ], [ [ [ -5.509704718278931, 54.558719407421535 ], [ -5.505333394405387, 54.559465907611866 ], [ -5.502549228168739, 54.559867228665851 ], [ -5.503119644158216, 54.556686767536476 ], [ -5.504509675594782, 54.558431811755604 ], [ -5.506582618218332, 54.556333364312515 ], [ -5.509704718278931, 54.558719407421535 ] ] ], [ [ [ -5.560846331000092, 54.563449133684436 ], [ -5.566157088594189, 54.564680078142558 ], [ -5.562632058485261, 54.565061413236144 ], [ -5.560846331000092, 54.563449133684436 ] ] ], [ [ [ -5.561278851547219, 54.569692390106944 ], [ -5.559705352095535, 54.571088134649102 ], [ -5.557611989958763, 54.568934572272418 ], [ -5.561278851547219, 54.569692390106944 ] ] ], [ [ [ -5.510211702353219, 54.58561617556223 ], [ -5.506490399627832, 54.587097960863709 ], [ -5.506024891147907, 54.583621684861086 ], [ -5.510211702353219, 54.58561617556223 ] ] ], [ [ [ -5.641521422709748, 54.591094634638864 ], [ -5.646269195881525, 54.592513068841249 ], [ -5.645332882068788, 54.593385632518583 ], [ -5.641521422709748, 54.591094634638864 ] ] ], [ [ [ -5.558914431625958, 54.647461497399256 ], [ -5.556459778480825, 54.647052541091746 ], [ -5.561589742515782, 54.64701106107816 ], [ -5.558914431625958, 54.647461497399256 ] ] ], [ [ [ -5.552884859382929, 54.648558702496992 ], [ -5.556116093551627, 54.646637356453731 ], [ -5.554909940025189, 54.649492330735356 ], [ -5.552884859382929, 54.648558702496992 ] ] ], [ [ [ -5.589165895040016, 54.65469708331586 ], [ -5.592551326959821, 54.654425112759242 ], [ -5.593729795123759, 54.65635358870464 ], [ -5.590590600513092, 54.656809406942457 ], [ -5.589165895040016, 54.65469708331586 ] ] ] ] } },
{ "type": "Feature", "properties": { "risk_level": "Medium", "ruleid": 2 }, "geometry": { "type": "MultiPolygon", "coordinates": [ [ [ [ -7.846535919672789, 54.217233585076798 ], [ -7.846525667247858, 54.219991850855564 ], [ -7.842538084698573, 54.220462542087077 ], [ -7.845299513714305, 54.219927106050115 ], [ -7.846535919672789, 54.217233585076798 ] ] ], [ [ [ -7.74750369503284, 54.246486784469603 ], [ -7.744288364088881, 54.245676765157 ], [ -7.744123765656305, 54.243693061242489 ], [ -7.74750369503284, 54.246486784469603 ] ] ], [ [ [ -7.778042924207054, 54.251615926703742 ], [ -7.773415802017705, 54.249279618650128 ], [ -7.778252341107745, 54.250860199532141 ], [ -7.778042924207054, 54.251615926703742 ] ] ], [ [ [ -7.774094149304712, 54.257058487559448 ], [ -7.776124534187408, 54.255034221481516 ], [ -7.77672755277905, 54.257011742538737 ], [ -7.774094149304712, 54.257058487559448 ] ] ], [ [ [ -7.779491273721598, 54.257494326798415 ], [ -7.777349050702706, 54.255575511361435 ], [ -7.781968996519873, 54.256122987359596 ], [ -7.779491273721598, 54.257494326798415 ] ] ], [ [ [ -7.782165540164649, 54.264492666641267 ], [ -7.777671808937971, 54.265134604735621 ], [ -7.781397547896419, 54.262276100169323 ], [ -7.78368614566992, 54.263100278445414 ], [ -7.782165540164649, 54.264492666641267 ] ] ], [ [ [ -7.797399115011284, 54.266734391144247 ], [ -7.792540682930528, 54.264713253400387 ], [ -7.799595460173028, 54.264357767726501 ], [ -7.797399115011284, 54.266734391144247 ] ] ], [ [ [ -7.751032970426718, 54.266182893630742 ], [ -7.751249668385943, 54.26879638537492 ], [ -7.747633636429705, 54.266789605041645 ], [ -7.751032970426718, 54.266182893630742 ] ] ], [ [ [ -7.788934395500102, 54.27032519556986 ], [ -7.787587279669012, 54.268107511371078 ], [ -7.789805152207951, 54.268738739887205 ], [ -7.788934395500102, 54.27032519556986 ] ] ], [ [ [ -7.776753106199087, 54.270944984913257 ], [ -7.771110455986594, 54.270969929054132 ], [ -7.776595995863355, 54.268964272430182 ], [ -7.776753106199087, 54.270944984913257 ] ] ], [ [ [ -7.840264119899847, 54.280636488501642 ], [ -7.836904769248396, 54.279171928482093 ], [ -7.840169033490149, 54.278926778803054 ], [ -7.840264119899847, 54.280636488501642 ] ] ], [ [ [ -7.843824819142875, 54.280482379023233 ], [ -7.840450990640679, 54.280824231220485 ], [ -7.841672631836941, 54.278955674501063 ], [ -7.844132567900547, 54.279757894652626 ], [ -7.843824819142875, 54.280482379023233 ] ] ], [ [ [ -7.835217002002353, 54.281219293536886 ], [ -7.833951090311401, 54.279573028175413 ], [ -7.836904769248396, 54.279171928482093 ], [ -7.835217002002353, 54.281219293536886 ] ] ], [ [ [ -7.802345626844469, 54.283258277981886 ], [ -7.801415769579087, 54.28039188734266 ], [ -7.80316004316765, 54.280713777879811 ], [ -7.802345626844469, 54.283258277981886 ] ] ], [ [ [ -7.760517130202826, 54.287044307995046 ], [ -7.758417745647577, 54.287073906484224 ], [ -7.75725097143269, 54.284105853583966 ], [ -7.760517130202826, 54.287044307995046 ] ] ], [ [ [ -7.865267891549808, 54.288518524855242 ], [ -7.859794700366293, 54.28798678787183 ], [ -7.862862418753955, 54.286006508171852 ], [ -7.865267891549808, 54.288518524855242 ] ] ], [ [ [ -7.818605822290365, 54.289243711373295 ], [ -7.815871478873525, 54.287455088090518 ], [ -7.818126408101729, 54.2860908551256 ], [ -7.821320852273816, 54.287632546454894 ], [ -7.818605822290365, 54.289243711373295 ] ] ], [ [ [ -7.899582003281749, 54.305985494641945 ], [ -7.896534792420561, 54.303885161379789 ], [ -7.900103872043775, 54.303602715840562 ], [ -7.899582003281749, 54.305985494641945 ] ] ], [ [ [ -7.931188012608939, 54.309436676453998 ], [ -7.933659107498101, 54.307119773502819 ], [ -7.934992789568037, 54.308531223596219 ], [ -7.931188012608939, 54.309436676453998 ] ] ], [ [ [ -7.842015925740887, 54.310482852798849 ], [ -7.837822124000378, 54.31058864323635 ], [ -7.838538187906762, 54.309286553728519 ], [ -7.842467638577248, 54.3088716011695 ], [ -7.842015925740887, 54.310482852798849 ] ] ], [ [ [ -7.886570216088145, 54.311576482796369 ], [ -7.883997581095646, 54.311423841764686 ], [ -7.885159137345231, 54.309015561286238 ], [ -7.887658572356973, 54.310226215379302 ], [ -7.886570216088145, 54.311576482796369 ] ] ], [ [ [ -7.864735812459849, 54.3114991371692 ], [ -7.861849115007399, 54.309730366813625 ], [ -7.865241279784543, 54.30942723013753 ], [ -7.864735812459849, 54.3114991371692 ] ] ], [ [ [ -7.810673947348604, 54.309199056784706 ], [ -7.815367858477492, 54.311424748336904 ], [ -7.814240881613165, 54.312640780020089 ], [ -7.81044304699888, 54.312482149602019 ], [ -7.810488845755653, 54.311830952799653 ], [ -7.807385995912181, 54.310797077574748 ], [ -7.810368962131754, 54.308996965193352 ], [ -7.810614648807497, 54.310042202386768 ], [ -7.810673947348604, 54.309199056784706 ] ] ], [ [ [ -7.793934625408423, 54.313998414525898 ], [ -7.793934986924858, 54.31159624016508 ], [ -7.797403392866185, 54.311837498773919 ], [ -7.793934625408423, 54.313998414525898 ] ] ], [ [ [ -7.88974568133018, 54.315307218468909 ], [ -7.883905987254161, 54.313212484087423 ], [ -7.893111680710923, 54.313878220261465 ], [ -7.88974568133018, 54.315307218468909 ] ] ], [ [ [ -7.872789636167936, 54.317704535060017 ], [ -7.873661814856504, 54.315147110393276 ], [ -7.875628772677097, 54.317382093339205 ], [ -7.872789636167936, 54.317704535060017 ] ] ], [ [ [ -7.950983720672864, 54.324592584634175 ], [ -7.947193099341091, 54.323243570607161 ], [ -7.947522075973438, 54.322559243705662 ], [ -7.953441212927014, 54.324407121608829 ], [ -7.950983720672864, 54.324592584634175 ] ] ], [ [ [ -7.754485979486898, 54.333205297404859 ], [ -7.756124053496713, 54.335735357895977 ], [ -7.751406517588542, 54.334041289083878 ], [ -7.754485979486898, 54.333205297404859 ] ] ], [ [ [ -7.827968812872914, 54.365052908824218 ], [ -7.827208745985837, 54.366694103936169 ], [ -7.822772909365557, 54.365306288059621 ], [ -7.827968812872914, 54.365052908824218 ] ] ], [ [ [ -7.828437302838094, 54.367222308959434 ], [ -7.829682212472151, 54.364818537566002 ], [ -7.831928253842515, 54.366406330198544 ], [ -7.828437302838094, 54.367222308959434 ] ] ], [ [ [ -7.823889827000656, 54.368306321526276 ], [ -7.823958216695726, 54.366092625951417 ], [ -7.826940425275911, 54.367876922012222 ], [ -7.823889827000656, 54.368306321526276 ] ] ], [ [ [ -7.829327633452195, 54.375104186653878 ], [ -7.825762378816679, 54.373234199593135 ], [ -7.832287783840648, 54.373286751876975 ], [ -7.832888548606152, 54.374259731330852 ], [ -7.829327633452195, 54.375104186653878 ] ] ], [ [ [ -7.822852645703517, 54.378854047060209 ], [ -7.819815496400016, 54.377679746470754 ], [ -7.821553688618573, 54.376373162302386 ], [ -7.82427592597161, 54.378230775396553 ], [ -7.822852645703517, 54.378854047060209 ] ] ], [ [ [ -7.793609403066459, 54.379466492110225 ], [ -7.789952768832762, 54.379467369847468 ], [ -7.790729431007091, 54.376786258400116 ], [ -7.793274618581226, 54.37759330832889 ], [ -7.793609403066459, 54.379466492110225 ] ] ], [ [ [ -8.029704687534045, 54.379935026004802 ], [ -8.031748924947117, 54.376759094791858 ], [ -8.034057990630725, 54.377312280996868 ], [ -8.029704687534045, 54.379935026004802 ] ] ], [ [ [ -7.834108357182108, 54.385396624487235 ], [ -7.830956015541424, 54.383597303180146 ], [ -7.834386858145807, 54.384632874624451 ], [ -7.834108357182108, 54.385396624487235 ] ] ], [ [ [ -7.822419949901078, 54.394127584891329 ], [ -7.817272208032285, 54.394191903501742 ], [ -7.819181305642723, 54.393109730487772 ], [ -7.824659130182571, 54.393107932619742 ], [ -7.822419949901078, 54.394127584891329 ] ] ], [ [ [ -7.854381177188319, 54.399651936805896 ], [ -7.853244102296369, 54.399800271798583 ], [ -7.849092780591919, 54.399324872217036 ], [ -7.854381177188319, 54.399651936805896 ] ] ], [ [ [ -7.805552542810401, 54.402504047768915 ], [ -7.800919287052555, 54.402335634342066 ], [ -7.805536692350675, 54.400374026885501 ], [ -7.806117358768567, 54.400316668838471 ], [ -7.805552542810401, 54.402504047768915 ] ] ], [ [ [ -7.799265232299446, 54.401652382255278 ], [ -7.798291422585474, 54.402316904208185 ], [ -7.793664021980485, 54.401064438198503 ], [ -7.799265232299446, 54.401652382255278 ] ] ], [ [ [ -7.74590087114018, 54.404770342336342 ], [ -7.748157695633555, 54.402062233314652 ], [ -7.749330926389318, 54.40384966028715 ], [ -7.74590087114018, 54.404770342336342 ] ] ], [ [ [ -7.747277128777138, 54.406135166053325 ], [ -7.749330926389318, 54.40384966028715 ], [ -7.750538669150219, 54.405067647925478 ], [ -7.747277128777138, 54.406135166053325 ] ] ], [ [ [ -7.751155760813451, 54.40674649508172 ], [ -7.747770013163881, 54.407230961882846 ], [ -7.748759499883833, 54.407556749905559 ], [ -7.744251082368359, 54.408366385763919 ], [ -7.745288992852664, 54.406414087148491 ], [ -7.747220199806849, 54.407049936101664 ], [ -7.750199295741656, 54.405714038461319 ], [ -7.751155760813451, 54.40674649508172 ] ] ], [ [ [ -7.738862361274004, 54.410103174892328 ], [ -7.739853052301599, 54.407213003875285 ], [ -7.741536335405021, 54.408570883464336 ], [ -7.738862361274004, 54.410103174892328 ] ] ], [ [ [ -7.868301125846392, 54.410509001323639 ], [ -7.865067442893653, 54.410987864713377 ], [ -7.866216727477364, 54.407335681567069 ], [ -7.867997358819633, 54.408428832773716 ], [ -7.868301125846392, 54.410509001323639 ] ] ], [ [ [ -8.085992203163844, 54.411148546418012 ], [ -8.082473378425744, 54.409927181199436 ], [ -8.083943549204385, 54.408267659049635 ], [ -8.087068682493054, 54.410564451138534 ], [ -8.085992203163844, 54.411148546418012 ] ] ], [ [ [ -7.832876353194398, 54.410553913681412 ], [ -7.832335917896148, 54.412610581365506 ], [ -7.829437356185756, 54.411996811072733 ], [ -7.832876353194398, 54.410553913681412 ] ] ], [ [ [ -8.068824816074816, 54.414231345895885 ], [ -8.065126282595497, 54.412975711270391 ], [ -8.070027376909083, 54.413056829204862 ], [ -8.068824816074816, 54.414231345895885 ] ] ], [ [ [ -7.747525049316309, 54.415423449759011 ], [ -7.742355196292176, 54.415063864248054 ], [ -7.739687372670385, 54.412314195979036 ], [ -7.747525049316309, 54.415423449759011 ] ] ], [ [ [ -7.739299051415164, 54.415782008194512 ], [ -7.735779810948041, 54.413702559488264 ], [ -7.738362077472972, 54.412278336006501 ], [ -7.741495684806456, 54.414689944974548 ], [ -7.739299051415164, 54.415782008194512 ] ] ], [ [ [ -7.865992134899553, 54.415781412213796 ], [ -7.859396718457807, 54.414461736197637 ], [ -7.864282953919252, 54.414976325564233 ], [ -7.862107917847484, 54.413494232574571 ], [ -7.868874606063111, 54.41468612094441 ], [ -7.864504265870547, 54.414999632827609 ], [ -7.870287534803023, 54.415608692444216 ], [ -7.865992134899553, 54.415781412213796 ] ] ], [ [ [ -8.073143649915979, 54.417724621622668 ], [ -8.070827497330312, 54.415172030310984 ], [ -8.074162630278513, 54.415683241754941 ], [ -8.073143649915979, 54.417724621622668 ] ] ], [ [ [ -7.871604991985008, 54.416093275504686 ], [ -7.874439123226673, 54.417010808908728 ], [ -7.871739515369258, 54.418284780801706 ], [ -7.867656285404196, 54.418669523900853 ], [ -7.871604991985008, 54.416093275504686 ] ] ], [ [ [ -7.876607203023707, 54.419712901132733 ], [ -7.875357486531623, 54.417547611824034 ], [ -7.879384306342189, 54.419343786355611 ], [ -7.876607203023707, 54.419712901132733 ] ] ], [ [ [ -7.870762560232775, 54.420417711899809 ], [ -7.868580361217989, 54.418720441891317 ], [ -7.871661347269092, 54.418594474227277 ], [ -7.870762560232775, 54.420417711899809 ] ] ], [ [ [ -7.984398462797468, 54.422932089171113 ], [ -7.98961356390899, 54.42161662953108 ], [ -7.987223846871643, 54.423502235850165 ], [ -7.979194953133558, 54.423232258782441 ], [ -7.984398462797468, 54.422932089171113 ] ] ], [ [ [ -7.850656015426746, 54.421782110048184 ], [ -7.845769640025498, 54.424352596941887 ], [ -7.848456126879128, 54.420897250349938 ], [ -7.850656015426746, 54.421782110048184 ] ] ], [ [ [ -7.766019305838875, 54.423725472525845 ], [ -7.762921334403751, 54.422102412141612 ], [ -7.768338521391388, 54.422603611586133 ], [ -7.766019305838875, 54.423725472525845 ] ] ], [ [ [ -8.041215643059308, 54.423707875875706 ], [ -8.043733995829239, 54.422660899277425 ], [ -8.045284101710795, 54.424963151185274 ], [ -8.041215643059308, 54.423707875875706 ] ] ], [ [ [ -7.769884851027037, 54.424998747308223 ], [ -7.771839333917034, 54.423707076253841 ], [ -7.773372863486601, 54.426317234372654 ], [ -7.769884851027037, 54.424998747308223 ] ] ], [ [ [ -7.755142352852664, 54.429675716803516 ], [ -7.751607926028539, 54.428548568014683 ], [ -7.753922821672141, 54.425498079538137 ], [ -7.756247155745235, 54.426619872638149 ], [ -7.755142352852664, 54.429675716803516 ] ] ], [ [ [ -7.866721915125502, 54.428876527937391 ], [ -7.862222052706543, 54.428709150158539 ], [ -7.867029310764399, 54.428209151800097 ], [ -7.866721915125502, 54.428876527937391 ] ] ], [ [ [ -7.850765071426569, 54.431585846120157 ], [ -7.84828659620215, 54.429165102720717 ], [ -7.85227982539778, 54.42989059261641 ], [ -7.850765071426569, 54.431585846120157 ] ] ], [ [ [ -8.108436737638408, 54.431215369834312 ], [ -8.1056946855681, 54.430344490791079 ], [ -8.111779467086617, 54.429917948001815 ], [ -8.108436737638408, 54.431215369834312 ] ] ], [ [ [ -7.798312432269269, 54.435027411251717 ], [ -7.795360817723436, 54.432450475560181 ], [ -7.799238876535147, 54.433858610848944 ], [ -7.798312432269269, 54.435027411251717 ] ] ], [ [ [ -7.767292852950701, 54.434655988910677 ], [ -7.761273435639149, 54.435035237302095 ], [ -7.761278666648657, 54.43413690997744 ], [ -7.767292852950701, 54.434655988910677 ] ] ], [ [ [ -7.79234620339464, 54.436874921998943 ], [ -7.78952076186291, 54.435939062646767 ], [ -7.79231421701277, 54.433877819939589 ], [ -7.79393119635519, 54.434452821761489 ], [ -7.79234620339464, 54.436874921998943 ] ] ], [ [ [ -7.822309518176974, 54.438083042496601 ], [ -7.819479044418297, 54.436111259878182 ], [ -7.824195559516156, 54.437479045013099 ], [ -7.822309518176974, 54.438083042496601 ] ] ], [ [ [ -7.854204593775762, 54.439433658355611 ], [ -7.851650349424761, 54.436316337932681 ], [ -7.854859800776246, 54.43584124053406 ], [ -7.854204593775762, 54.439433658355611 ] ] ], [ [ [ -7.811987779283305, 54.438101394348003 ], [ -7.80255263041559, 54.439535357847497 ], [ -7.803710673400307, 54.436638951995185 ], [ -7.812316282346317, 54.437176018747792 ], [ -7.811987779283305, 54.438101394348003 ] ] ], [ [ [ -8.158565848289451, 54.440082684598195 ], [ -8.14776915183524, 54.438185214809657 ], [ -8.155671001825386, 54.438532128978444 ], [ -8.158565848289451, 54.440082684598195 ] ] ], [ [ [ -7.842617762348171, 54.440558842953202 ], [ -7.839839435503089, 54.44161497051325 ], [ -7.841818078724038, 54.439769104466187 ], [ -7.842617762348171, 54.440558842953202 ] ] ], [ [ [ -7.777176813344191, 54.443231820952946 ], [ -7.775602014234893, 54.440430907689979 ], [ -7.780248914740302, 54.441029827630047 ], [ -7.777176813344191, 54.443231820952946 ] ] ], [ [ [ -7.803981023826521, 54.44599502326993 ], [ -7.80244918798657, 54.44383441706136 ], [ -7.807822306771678, 54.445554481102683 ], [ -7.803981023826521, 54.44599502326993 ] ] ], [ [ [ -8.04246327228107, 54.446410647758327 ], [ -8.042159568166232, 54.443748235069307 ], [ -8.044942292901162, 54.446272291407425 ], [ -8.04246327228107, 54.446410647758327 ] ] ], [ [ [ -8.044092672494733, 54.458151241864492 ], [ -8.046101043711651, 54.45637705688592 ], [ -8.04864620686938, 54.45754353024433 ], [ -8.044092672494733, 54.458151241864492 ] ] ], [ [ [ -8.108471204026003, 54.459166832706238 ], [ -8.105858914918466, 54.456874178130953 ], [ -8.108554847764038, 54.456866847905701 ], [ -8.108471204026003, 54.459166832706238 ] ] ], [ [ [ -8.053789665787528, 54.459694676421215 ], [ -8.050140873887308, 54.459620747167072 ], [ -8.05202427472833, 54.457035431501176 ], [ -8.054651537787786, 54.459139824234548 ], [ -8.053789665787528, 54.459694676421215 ] ] ], [ [ [ -7.855330526238452, 54.460118486248177 ], [ -7.851803262897658, 54.457638831307868 ], [ -7.859513880699449, 54.4572574573682 ], [ -7.855330526238452, 54.460118486248177 ] ] ], [ [ [ -7.860974265873826, 54.463039750251568 ], [ -7.856718954542525, 54.462855101119573 ], [ -7.860952585603751, 54.462359529093256 ], [ -7.860827877906068, 54.462274112791434 ], [ -7.864744028168413, 54.460927452663682 ], [ -7.865868684856525, 54.461765599283432 ], [ -7.866645420996998, 54.459650716639942 ], [ -7.871050880629019, 54.46137414936134 ], [ -7.86996913202753, 54.461677444296747 ], [ -7.867469419915809, 54.462166440334521 ], [ -7.868064104587456, 54.463586233242822 ], [ -7.862143910833846, 54.464320120223974 ], [ -7.867397148559223, 54.46218057812537 ], [ -7.865586162876096, 54.462534844850467 ], [ -7.865846166815176, 54.461826910985479 ], [ -7.862652905423648, 54.463524132671324 ], [ -7.860974265873826, 54.463039750251568 ] ] ], [ [ [ -7.989813895377759, 54.462395397822903 ], [ -7.987498054657266, 54.461336139785224 ], [ -7.989346993140577, 54.460630988896099 ], [ -7.989813895377759, 54.462395397822903 ] ] ], [ [ [ -7.847066287897614, 54.464340762099546 ], [ -7.84255558990907, 54.462853733007606 ], [ -7.84236875355929, 54.462546447094134 ], [ -7.847066287897614, 54.464340762099546 ] ] ], [ [ [ -8.026854979723186, 54.465786932680324 ], [ -8.025588904806066, 54.462002491828137 ], [ -8.028376805950392, 54.461365710503955 ], [ -8.026854979723186, 54.465786932680324 ] ] ], [ [ [ -7.998332097448411, 54.462871543177215 ], [ -7.9987676197644, 54.464387501831823 ], [ -7.995462413575268, 54.463099245001473 ], [ -7.998332097448411, 54.462871543177215 ] ] ], [ [ [ -7.845009957652823, 54.46457650868777 ], [ -7.838405269068893, 54.464089611539272 ], [ -7.84255558990907, 54.462853733007606 ], [ -7.845009957652823, 54.46457650868777 ] ] ], [ [ [ -8.047494261706543, 54.4649043460699 ], [ -8.045126940180404, 54.465152779899633 ], [ -8.04639859862724, 54.462614356020204 ], [ -8.04944833790208, 54.464074695748963 ], [ -8.047494261706543, 54.4649043460699 ] ] ], [ [ [ -7.968355246437384, 54.465602890063217 ], [ -7.972009859087932, 54.463546998463336 ], [ -7.972680748610288, 54.464907527724293 ], [ -7.968355246437384, 54.465602890063217 ] ] ], [ [ [ -7.860038396084234, 54.466625138951969 ], [ -7.858617560317828, 54.464502556442383 ], [ -7.861631240004556, 54.465251969454862 ], [ -7.862997766325264, 54.466354215274066 ], [ -7.860038396084234, 54.466625138951969 ] ] ], [ [ [ -7.988410903663929, 54.467069287688211 ], [ -7.990290020498754, 54.464557047027064 ], [ -7.99363721453092, 54.465191303716978 ], [ -7.988410903663929, 54.467069287688211 ] ] ], [ [ [ -7.933016526604352, 54.469697993350657 ], [ -7.92714094904792, 54.469727557683115 ], [ -7.929826307332657, 54.467403916699816 ], [ -7.934836048297028, 54.469415158101484 ], [ -7.933016526604352, 54.469697993350657 ] ] ], [ [ [ -8.013705328331861, 54.469536716293547 ], [ -8.016496042870008, 54.468121233405043 ], [ -8.01711691606099, 54.469394804921208 ], [ -8.013705328331861, 54.469536716293547 ] ] ], [ [ [ -8.008882413420404, 54.479217421577282 ], [ -8.012646427148665, 54.480464202427463 ], [ -8.010620923653518, 54.481733605737098 ], [ -8.008882413420404, 54.479217421577282 ] ] ], [ [ [ -8.023724754626894, 54.487187161916118 ], [ -8.020792181557006, 54.485986231982793 ], [ -8.023511423534298, 54.484528293692058 ], [ -8.023724754626894, 54.487187161916118 ] ] ], [ [ [ -7.758911012741314, 54.502255061415738 ], [ -7.756036660763135, 54.500820910495534 ], [ -7.760425752717978, 54.501069605280335 ], [ -7.758911012741314, 54.502255061415738 ] ] ], [ [ [ -7.750452028472681, 54.50421952220271 ], [ -7.75041965851839, 54.501411081604239 ], [ -7.754670984404274, 54.504062372820833 ], [ -7.750452028472681, 54.50421952220271 ] ] ], [ [ [ -7.742161839962498, 54.507177355915744 ], [ -7.739369765017335, 54.50450679585412 ], [ -7.744227902915519, 54.50568719632922 ], [ -7.742161839962498, 54.507177355915744 ] ] ], [ [ [ -7.746615589855857, 54.508734825759376 ], [ -7.749097449654385, 54.5065409089393 ], [ -7.749639372212877, 54.508112888021586 ], [ -7.746615589855857, 54.508734825759376 ] ] ], [ [ [ -7.863210927145188, 54.508404142173895 ], [ -7.862608975477449, 54.508431884902791 ], [ -7.862908933295826, 54.509828202899904 ], [ -7.859331564409872, 54.510271782612186 ], [ -7.862572238748127, 54.508433578023983 ], [ -7.858799000907496, 54.508607478886944 ], [ -7.861811977580909, 54.507238472619591 ], [ -7.863210927145188, 54.508404142173895 ] ] ], [ [ [ -7.866937387725968, 54.510758818434816 ], [ -7.87054318408875, 54.508766175348924 ], [ -7.870845309816549, 54.510174931409004 ], [ -7.866937387725968, 54.510758818434816 ] ] ], [ [ [ -7.97902660376852, 54.512907964739995 ], [ -7.976183097788574, 54.51193997987771 ], [ -7.980293228632791, 54.511584724725026 ], [ -7.97902660376852, 54.512907964739995 ] ] ], [ [ [ -7.889018788476771, 54.520615875458518 ], [ -7.889137980491356, 54.517158052105323 ], [ -7.891110612359612, 54.519306034173788 ], [ -7.889018788476771, 54.520615875458518 ] ] ], [ [ [ -7.82933080340611, 54.522288744420855 ], [ -7.828724102165479, 54.519661716916815 ], [ -7.830879555482831, 54.521212936585378 ], [ -7.82933080340611, 54.522288744420855 ] ] ], [ [ [ -7.824742155995547, 54.534167316695694 ], [ -7.825902732999871, 54.530981130357425 ], [ -7.827147522480344, 54.533412817175481 ], [ -7.824742155995547, 54.534167316695694 ] ] ], [ [ [ -7.879222531035168, 54.534706483922434 ], [ -7.881497239555757, 54.532399446671363 ], [ -7.885109411817768, 54.533292026989734 ], [ -7.879222531035168, 54.534706483922434 ] ] ], [ [ [ -7.823276777164812, 54.534653184522504 ], [ -7.819457474005569, 54.534118349541401 ], [ -7.818064060867375, 54.532979010898977 ], [ -7.823276777164812, 54.534653184522504 ] ] ], [ [ [ -7.81290293081913, 54.535020579114807 ], [ -7.810212517996074, 54.533603165029042 ], [ -7.812865433225332, 54.532864548536303 ], [ -7.815635736546874, 54.533564476867632 ], [ -7.81290293081913, 54.535020579114807 ] ] ], [ [ [ -7.76485827391294, 54.535661542281431 ], [ -7.768596195677892, 54.533836305009032 ], [ -7.769076719682406, 54.535101524870839 ], [ -7.76485827391294, 54.535661542281431 ] ] ], [ [ [ -7.826763187398099, 54.536822105810465 ], [ -7.823131063169014, 54.534794977788209 ], [ -7.826500074833581, 54.533615912430989 ], [ -7.829019966603605, 54.535990648320151 ], [ -7.826763187398099, 54.536822105810465 ] ] ], [ [ [ -7.771305515144329, 54.538163590913719 ], [ -7.773117417509027, 54.535827867187074 ], [ -7.7747099607084, 54.53771238865933 ], [ -7.771305515144329, 54.538163590913719 ] ] ], [ [ [ -7.741197562480374, 54.539379817900567 ], [ -7.73660976515474, 54.539369902176801 ], [ -7.74014961306397, 54.537041929309147 ], [ -7.741197562480374, 54.539379817900567 ] ] ], [ [ [ -7.821254813797679, 54.537685258207169 ], [ -7.819498586131935, 54.539158344123479 ], [ -7.81790610732784, 54.538782466743022 ], [ -7.821254813797679, 54.537685258207169 ] ] ], [ [ [ -7.754735476784261, 54.540224258347173 ], [ -7.749645428680777, 54.541127681110851 ], [ -7.749459245404956, 54.538298537656289 ], [ -7.754735476784261, 54.540224258347173 ] ] ], [ [ [ -7.820718353323789, 54.53963034823191 ], [ -7.816224674626629, 54.541205915405257 ], [ -7.814329570154086, 54.540066640079232 ], [ -7.818302250396789, 54.538875972447478 ], [ -7.820718353323789, 54.53963034823191 ] ] ], [ [ [ -7.813689453463375, 54.539976421978238 ], [ -7.812906745962938, 54.542748222684743 ], [ -7.809672244148287, 54.542227691303175 ], [ -7.80764582916215, 54.542120413255887 ], [ -7.813689453463375, 54.539976421978238 ] ] ], [ [ [ -7.748900803903172, 54.54475740462523 ], [ -7.745922950901413, 54.544003093837603 ], [ -7.744310821882271, 54.542302500216643 ], [ -7.748900803903172, 54.54475740462523 ] ] ], [ [ [ -7.774419297365552, 54.545463591980671 ], [ -7.772246927528839, 54.54406750227205 ], [ -7.776545211418537, 54.542942201661567 ], [ -7.7767882279705, 54.54419012256389 ], [ -7.774419297365552, 54.545463591980671 ] ] ], [ [ [ -7.743377092961137, 54.545230702224906 ], [ -7.738863435523367, 54.543807826263034 ], [ -7.741790543077752, 54.543333704378902 ], [ -7.743377092961137, 54.545230702224906 ] ] ], [ [ [ -7.736584156978787, 54.546546360665495 ], [ -7.739395252767058, 54.544420319465431 ], [ -7.740116687344109, 54.545331489825273 ], [ -7.736584156978787, 54.546546360665495 ] ] ], [ [ [ -7.813972364481952, 54.546950036332504 ], [ -7.808833763403103, 54.546284780592387 ], [ -7.81212323205773, 54.545057808585923 ], [ -7.813533652924834, 54.545365903503381 ], [ -7.813972364481952, 54.546950036332504 ] ] ], [ [ [ -7.74288167984482, 54.548411706928967 ], [ -7.742062448381912, 54.545559760471697 ], [ -7.744135011811181, 54.548171815705743 ], [ -7.74288167984482, 54.548411706928967 ] ] ], [ [ [ -7.782476101005536, 54.546871674882425 ], [ -7.788830329299993, 54.547822558972548 ], [ -7.783576175907345, 54.549827408892163 ], [ -7.782476101005536, 54.546871674882425 ] ] ], [ [ [ -7.808668420265257, 54.550521337021124 ], [ -7.806577074505395, 54.550000118767031 ], [ -7.809931864233984, 54.548539459936151 ], [ -7.811631729121344, 54.549273379165399 ], [ -7.808668420265257, 54.550521337021124 ] ] ], [ [ [ -7.782573001956474, 54.552371894828333 ], [ -7.781527715224706, 54.549710281205734 ], [ -7.784228181895331, 54.551363511258593 ], [ -7.782573001956474, 54.552371894828333 ] ] ], [ [ [ -7.777795537427457, 54.555735716765433 ], [ -7.775348920991589, 54.555293485453824 ], [ -7.777409255507931, 54.553536800001645 ], [ -7.779835983185912, 54.555060539139028 ], [ -7.777795537427457, 54.555735716765433 ] ] ], [ [ [ -7.766852052369727, 54.568618346563596 ], [ -7.771654171216115, 54.566767949783042 ], [ -7.773772383921657, 54.567652456553617 ], [ -7.766852052369727, 54.568618346563596 ] ] ], [ [ [ -7.762323959746184, 54.569894352064942 ], [ -7.759514863394136, 54.56916479852908 ], [ -7.762696679988747, 54.568044446193902 ], [ -7.762323959746184, 54.569894352064942 ] ] ], [ [ [ -7.768099668455212, 54.570270340367919 ], [ -7.76574847762115, 54.568827805375001 ], [ -7.770823648409272, 54.568451717244884 ], [ -7.768099668455212, 54.570270340367919 ] ] ], [ [ [ -7.769440575024779, 54.571956191086819 ], [ -7.767578017817386, 54.573210266455696 ], [ -7.767652646181225, 54.570720014643143 ], [ -7.769440575024779, 54.571956191086819 ] ] ], [ [ [ -7.744564423008676, 54.599888424485222 ], [ -7.748317887936499, 54.597774489851957 ], [ -7.749373984995022, 54.598129929693734 ], [ -7.744564423008676, 54.599888424485222 ] ] ], [ [ [ -7.743745209922577, 54.685279972492182 ], [ -7.742028209083116, 54.683438072252663 ], [ -7.744261256928376, 54.682718545044018 ], [ -7.745721317474944, 54.683547642767849 ], [ -7.743745209922577, 54.685279972492182 ] ] ], [ [ [ -7.587569893323937, 54.168045592722947 ], [ -7.589152010663391, 54.166555572777767 ], [ -7.593463397646063, 54.166994800875152 ], [ -7.587569893323937, 54.168045592722947 ] ] ], [ [ [ -7.581804587400313, 54.169389975352047 ], [ -7.584008739640483, 54.167063913894488 ], [ -7.586862111462989, 54.168761787114448 ], [ -7.581804587400313, 54.169389975352047 ] ] ], [ [ [ -7.585815445102747, 54.17292096814198 ], [ -7.590141127935331, 54.173287998247993 ], [ -7.59043960614225, 54.174316142983024 ], [ -7.585815445102747, 54.17292096814198 ] ] ], [ [ [ -7.623285498884365, 54.193304859708157 ], [ -7.618677126805339, 54.191168774439923 ], [ -7.620533247705358, 54.190190144501571 ], [ -7.624485713997993, 54.193024238901366 ], [ -7.623285498884365, 54.193304859708157 ] ] ], [ [ [ -7.621190838882578, 54.194275836670698 ], [ -7.619964548598642, 54.192086757279547 ], [ -7.623285498884365, 54.193304859708157 ], [ -7.621190838882578, 54.194275836670698 ] ] ], [ [ [ -7.618077739806726, 54.195722589777063 ], [ -7.615557878330742, 54.194626724164117 ], [ -7.617455480140626, 54.192826618157106 ], [ -7.619372022144729, 54.195376369344089 ], [ -7.618077739806726, 54.195722589777063 ] ] ], [ [ [ -7.627213362388676, 54.196350518474141 ], [ -7.623960447850408, 54.194643872639887 ], [ -7.625404977333821, 54.193017620259432 ], [ -7.627728994937103, 54.195750933192592 ], [ -7.627213362388676, 54.196350518474141 ] ] ], [ [ [ -7.680382059048604, 54.198481834635963 ], [ -7.680551506902626, 54.196183755882835 ], [ -7.683569122512214, 54.197116057730611 ], [ -7.680382059048604, 54.198481834635963 ] ] ], [ [ [ -7.675861384001802, 54.200857498085448 ], [ -7.671858090489126, 54.201032576987714 ], [ -7.673483990224575, 54.199280298907482 ], [ -7.676223931884654, 54.200086939873856 ], [ -7.675861384001802, 54.200857498085448 ] ] ], [ [ [ -7.65669845292371, 54.205522213674584 ], [ -7.659148855512465, 54.202799771787433 ], [ -7.660553407823174, 54.203860310882042 ], [ -7.65669845292371, 54.205522213674584 ] ] ], [ [ [ -7.653477076500584, 54.20583540375997 ], [ -7.652310726561597, 54.205473772008865 ], [ -7.655110207718968, 54.203684055237098 ], [ -7.653477076500584, 54.20583540375997 ] ] ], [ [ [ -7.720069238493622, 54.206299566241505 ], [ -7.718172364027387, 54.204308796537703 ], [ -7.720519424855367, 54.204010485826274 ], [ -7.720069238493622, 54.206299566241505 ] ] ], [ [ [ -7.615439979881018, 54.206718044644333 ], [ -7.61558661082556, 54.20921034879548 ], [ -7.610360523302987, 54.208760826455688 ], [ -7.611923847983928, 54.206162626092549 ], [ -7.615439979881018, 54.206718044644333 ] ] ], [ [ [ -7.70911897970836, 54.209111767028091 ], [ -7.70705456747133, 54.206633134806935 ], [ -7.710328601909643, 54.206929833239094 ], [ -7.70911897970836, 54.209111767028091 ] ] ], [ [ [ -7.677374689969444, 54.221198506506234 ], [ -7.674826941419643, 54.22036938953601 ], [ -7.677256329125144, 54.218295422191652 ], [ -7.68020359276426, 54.220343688482096 ], [ -7.677374689969444, 54.221198506506234 ] ] ], [ [ [ -7.717814908865242, 54.221203143888445 ], [ -7.720150477157797, 54.219469483666863 ], [ -7.721627244125215, 54.221919039432755 ], [ -7.717814908865242, 54.221203143888445 ] ] ], [ [ [ -7.690781188479308, 54.221259725117562 ], [ -7.689626667749818, 54.223201098412602 ], [ -7.688849441060318, 54.222866631719505 ], [ -7.690781188479308, 54.221259725117562 ] ] ], [ [ [ -7.725472763988414, 54.223306825782267 ], [ -7.722648537733876, 54.224204542204362 ], [ -7.723550803814681, 54.222138938266042 ], [ -7.726944148650229, 54.221166990504017 ], [ -7.725472763988414, 54.223306825782267 ] ] ], [ [ [ -7.656311473107725, 54.226822058531802 ], [ -7.651169132726301, 54.226219791293275 ], [ -7.656811911084245, 54.225836683453544 ], [ -7.656311473107725, 54.226822058531802 ] ] ], [ [ [ -7.681151663924392, 54.228989718462572 ], [ -7.677336695932116, 54.227228115747195 ], [ -7.683040136322346, 54.227478022542201 ], [ -7.681151663924392, 54.228989718462572 ] ] ], [ [ [ -7.695662410519899, 54.229484077040034 ], [ -7.693381353431589, 54.23115558012325 ], [ -7.693134854227742, 54.229131655096609 ], [ -7.695662410519899, 54.229484077040034 ] ] ], [ [ [ -7.714244043421996, 54.233266623266047 ], [ -7.718029634023284, 54.232569785781166 ], [ -7.717974740247994, 54.232561994992146 ], [ -7.717703785158923, 54.230252845164529 ], [ -7.723062307057798, 54.233284046981268 ], [ -7.719095315602846, 54.232721032444466 ], [ -7.719572326817666, 54.235082270034383 ], [ -7.717888386452936, 54.233055671976572 ], [ -7.71739696237924, 54.234745715199765 ], [ -7.713215535428199, 54.233739954224198 ], [ -7.710720434810535, 54.234888227619415 ], [ -7.702679711820164, 54.233512270577194 ], [ -7.715209426722975, 54.232822343002219 ], [ -7.714244043421996, 54.233266623266047 ] ], [ [ -7.718561090419913, 54.232645212633074 ], [ -7.71802966906979, 54.232569790755136 ], [ -7.717950341601427, 54.232842603703254 ], [ -7.718561090419913, 54.232645212633074 ] ] ], [ [ [ -7.67489531929937, 54.240755930389049 ], [ -7.672031281882315, 54.239222947387056 ], [ -7.676211232092145, 54.239355056273638 ], [ -7.67489531929937, 54.240755930389049 ] ] ], [ [ [ -7.683818398099383, 54.242194587588941 ], [ -7.68610154389762, 54.238692396573335 ], [ -7.688969907273459, 54.241115060555416 ], [ -7.683818398099383, 54.242194587588941 ] ] ], [ [ [ -7.699364806299289, 54.239623894579537 ], [ -7.696469281846598, 54.241783450276763 ], [ -7.694782346603599, 54.239627839771785 ], [ -7.699364806299289, 54.239623894579537 ] ] ], [ [ [ -7.66350335934994, 54.243284364278736 ], [ -7.664479589566612, 54.238598140095661 ], [ -7.666149470866095, 54.240310216929174 ], [ -7.66350335934994, 54.243284364278736 ] ] ], [ [ [ -7.676874943904825, 54.244033961768679 ], [ -7.674944162127628, 54.241678839646603 ], [ -7.677410509154514, 54.242901878003146 ], [ -7.676874943904825, 54.244033961768679 ] ] ], [ [ [ -7.718299036128736, 54.246092765312483 ], [ -7.713438172810845, 54.245427603038358 ], [ -7.714126218026601, 54.243907793804411 ], [ -7.718299036128736, 54.246092765312483 ] ] ], [ [ [ -7.705101490480391, 54.246180582241983 ], [ -7.704923787675447, 54.244100363633372 ], [ -7.707240018586277, 54.245578460166662 ], [ -7.705101490480391, 54.246180582241983 ] ] ], [ [ [ -7.702755839031036, 54.25213039556801 ], [ -7.705197101294906, 54.249505023680477 ], [ -7.70476896262137, 54.251219581625044 ], [ -7.702755839031036, 54.25213039556801 ] ] ], [ [ [ -7.7041224697983, 54.254212825123737 ], [ -7.707489760018881, 54.252080166073746 ], [ -7.70857140482214, 54.253223178454569 ], [ -7.7041224697983, 54.254212825123737 ] ] ], [ [ [ -7.729423766552515, 54.258101884894067 ], [ -7.723399326669053, 54.25841098102714 ], [ -7.724325101755147, 54.256424451092599 ], [ -7.729793720047242, 54.256096969605665 ], [ -7.729423766552515, 54.258101884894067 ] ] ], [ [ [ -7.709148207679622, 54.258598933034833 ], [ -7.705130484558711, 54.258493040983872 ], [ -7.705959539155192, 54.256573374780295 ], [ -7.709854606656393, 54.257663080789001 ], [ -7.709148207679622, 54.258598933034833 ] ] ], [ [ [ -7.722870697716238, 54.259044669561547 ], [ -7.720875328719957, 54.257177991574238 ], [ -7.724325101755147, 54.256424451092599 ], [ -7.722870697716238, 54.259044669561547 ] ] ], [ [ [ -7.738644955648722, 54.258976864437123 ], [ -7.732474452592844, 54.256630643954907 ], [ -7.738641300323022, 54.257409037881438 ], [ -7.738644955648722, 54.258976864437123 ] ] ], [ [ [ -7.621635218049738, 54.259415599974517 ], [ -7.618360879786093, 54.257735904907747 ], [ -7.622064550580642, 54.257326482003023 ], [ -7.621635218049738, 54.259415599974517 ] ] ], [ [ [ -7.733146996725194, 54.259064029552114 ], [ -7.733140481573138, 54.259059740693473 ], [ -7.733171912104821, 54.259046381599433 ], [ -7.733146996725194, 54.259064029552114 ] ] ], [ [ [ -7.699809232326948, 54.263045325331007 ], [ -7.701483072143986, 54.259982599386618 ], [ -7.702423920454503, 54.260189692409078 ], [ -7.699809232326948, 54.263045325331007 ] ] ], [ [ [ -7.705133534427783, 54.260783205789764 ], [ -7.702013104827552, 54.262417340347163 ], [ -7.700815578386476, 54.262115548025427 ], [ -7.705133534427783, 54.260783205789764 ] ] ], [ [ [ -7.72295372566697, 54.261609536132418 ], [ -7.721885192008697, 54.264700695098028 ], [ -7.717767833126292, 54.262843298685638 ], [ -7.721453389649736, 54.262466402393052 ], [ -7.72295372566697, 54.261609536132418 ] ] ], [ [ [ -7.723120594884127, 54.269029269779054 ], [ -7.720087022900811, 54.268251389881385 ], [ -7.721822220302157, 54.26575742444841 ], [ -7.716559245357712, 54.266393846624339 ], [ -7.717786042069944, 54.265744098940566 ], [ -7.723206578324628, 54.265165537428665 ], [ -7.723120594884127, 54.269029269779054 ] ] ], [ [ [ -7.730336559894683, 54.273836635345845 ], [ -7.726526238384536, 54.275493116973195 ], [ -7.727048211839478, 54.273406349765267 ], [ -7.730336559894683, 54.273836635345845 ] ] ], [ [ [ -7.730458043501359, 54.276026432585113 ], [ -7.729703861174245, 54.278428290616461 ], [ -7.728505991104974, 54.27613763003631 ], [ -7.730458043501359, 54.276026432585113 ] ] ], [ [ [ -7.627462769598999, 54.283016752993227 ], [ -7.624663880808458, 54.28052436775382 ], [ -7.629334531561939, 54.281640676091072 ], [ -7.627462769598999, 54.283016752993227 ] ] ], [ [ [ -7.632453807643515, 54.282890077866853 ], [ -7.62974898344337, 54.281320295710799 ], [ -7.633632377447736, 54.28176196180484 ], [ -7.632453807643515, 54.282890077866853 ] ] ], [ [ [ -7.626320832448407, 54.287375212226181 ], [ -7.623651715688732, 54.284378978917445 ], [ -7.628201391161248, 54.284451116273793 ], [ -7.626320832448407, 54.287375212226181 ] ] ], [ [ [ -7.677343432665785, 54.290744578217755 ], [ -7.67446604974625, 54.289203624892295 ], [ -7.678064496242134, 54.290387162715589 ], [ -7.677343432665785, 54.290744578217755 ] ] ], [ [ [ -7.697522640046056, 54.290996885805036 ], [ -7.701044936930953, 54.289415621386198 ], [ -7.700705774223823, 54.290834988642715 ], [ -7.697522640046056, 54.290996885805036 ] ] ], [ [ [ -7.685619213042082, 54.292922524505457 ], [ -7.683315780152938, 54.292321495632791 ], [ -7.685839305867233, 54.291088829123055 ], [ -7.687780047383273, 54.29149076671321 ], [ -7.685619213042082, 54.292922524505457 ] ] ], [ [ [ -7.703026935953092, 54.298299168368345 ], [ -7.707948150747388, 54.295548295228521 ], [ -7.708339490988047, 54.295943066234592 ], [ -7.703026935953092, 54.298299168368345 ] ] ], [ [ [ -7.730297264772865, 54.309483740056685 ], [ -7.727867650578017, 54.308400413155532 ], [ -7.731428775362551, 54.307208637629415 ], [ -7.732925438231096, 54.309153393886533 ], [ -7.730297264772865, 54.309483740056685 ] ] ], [ [ [ -7.67486420242563, 54.317256683414087 ], [ -7.678123305683541, 54.315900959375071 ], [ -7.678059111205693, 54.317249263619964 ], [ -7.67486420242563, 54.317256683414087 ] ] ], [ [ [ -7.599300931073397, 54.322515184455817 ], [ -7.595625661223059, 54.321249935293892 ], [ -7.598673769273747, 54.319568878569669 ], [ -7.599300931073397, 54.322515184455817 ] ] ], [ [ [ -7.602452574101639, 54.323401141854973 ], [ -7.598625079301381, 54.319266621530616 ], [ -7.600314801170663, 54.319164975492214 ], [ -7.602452574101639, 54.323401141854973 ] ] ], [ [ [ -7.624520725904638, 54.324147082552962 ], [ -7.619273515556483, 54.32650949072309 ], [ -7.621733216211076, 54.324357035002876 ], [ -7.624520725904638, 54.324147082552962 ] ] ], [ [ [ -7.629705367672196, 54.32762766956585 ], [ -7.629117887857684, 54.325641823347638 ], [ -7.63202289245488, 54.326682982960307 ], [ -7.629705367672196, 54.32762766956585 ] ] ], [ [ [ -7.646277036219592, 54.331981893124961 ], [ -7.643934001070074, 54.331600313266087 ], [ -7.646785677004681, 54.329827329828085 ], [ -7.648268505473906, 54.330550350651841 ], [ -7.646277036219592, 54.331981893124961 ] ] ], [ [ [ -7.659813108980056, 54.355708987971951 ], [ -7.655723782406915, 54.354108753023645 ], [ -7.656609465128014, 54.353033255704105 ], [ -7.659813108980056, 54.355708987971951 ] ] ], [ [ [ -7.688804227139902, 54.359224026731219 ], [ -7.686358556804656, 54.356357282516271 ], [ -7.690259369226951, 54.357242038516127 ], [ -7.688804227139902, 54.359224026731219 ] ] ], [ [ [ -7.657726932952037, 54.364676369856404 ], [ -7.660796781297657, 54.362832138038769 ], [ -7.66167825973788, 54.365787367394148 ], [ -7.657726932952037, 54.364676369856404 ] ] ], [ [ [ -7.666368394859263, 54.366801805163462 ], [ -7.66453693508544, 54.363573792996732 ], [ -7.668109603665421, 54.363117132420101 ], [ -7.667776146322405, 54.366939094059475 ], [ -7.666368394859263, 54.366801805163462 ] ] ], [ [ [ -7.669039266907123, 54.368699323069336 ], [ -7.66906423863481, 54.365596883055211 ], [ -7.671825778298, 54.366550898690278 ], [ -7.671505175348326, 54.368167055681823 ], [ -7.669039266907123, 54.368699323069336 ] ] ], [ [ [ -7.681688733488334, 54.371111843669539 ], [ -7.680997871328102, 54.368383278986279 ], [ -7.683860457739428, 54.370582983302128 ], [ -7.681688733488334, 54.371111843669539 ] ] ], [ [ [ -7.585208328534601, 54.381243252129082 ], [ -7.589003841989208, 54.378494578757184 ], [ -7.590166720174432, 54.379795385453683 ], [ -7.585208328534601, 54.381243252129082 ] ] ], [ [ [ -7.696565236804886, 54.386186929731714 ], [ -7.696982598831455, 54.383931786053424 ], [ -7.699120470496485, 54.384585348819044 ], [ -7.696565236804886, 54.386186929731714 ] ] ], [ [ [ -7.695709890812505, 54.387637576838571 ], [ -7.692920473949515, 54.384753096616237 ], [ -7.696565236804886, 54.386186929731714 ], [ -7.695709890812505, 54.387637576838571 ] ] ], [ [ [ -7.712601167825317, 54.38764295796291 ], [ -7.707678249009573, 54.387270022964195 ], [ -7.708098072316929, 54.385937308524447 ], [ -7.712601167825317, 54.38764295796291 ] ] ], [ [ [ -7.715659470218358, 54.390558266088853 ], [ -7.712272555414516, 54.390475297745162 ], [ -7.712846927190626, 54.38751025581702 ], [ -7.715972070026043, 54.389874294657936 ], [ -7.715659470218358, 54.390558266088853 ] ] ], [ [ [ -7.716933564395383, 54.390673727156653 ], [ -7.714592689018571, 54.388479705722503 ], [ -7.717489247212197, 54.388215639756133 ], [ -7.719710786617154, 54.3904359204952 ], [ -7.716933564395383, 54.390673727156653 ] ] ], [ [ [ -7.706594852209776, 54.388195505611456 ], [ -7.709160337942161, 54.389168756647962 ], [ -7.706988364981494, 54.391602574804502 ], [ -7.705137125884931, 54.389634653355557 ], [ -7.706594852209776, 54.388195505611456 ] ] ], [ [ [ -7.711971320075615, 54.393735351565269 ], [ -7.709674350705864, 54.38974836890965 ], [ -7.714933017959771, 54.392528077435855 ], [ -7.711971320075615, 54.393735351565269 ] ] ], [ [ [ -7.710629920634791, 54.395059796422821 ], [ -7.708254236058643, 54.390987937705702 ], [ -7.711938629321463, 54.394322485606352 ], [ -7.710629920634791, 54.395059796422821 ] ] ], [ [ [ -7.727247862003178, 54.396919214596892 ], [ -7.723319789554272, 54.395966152210718 ], [ -7.723942611612984, 54.394924733676774 ], [ -7.727247862003178, 54.396919214596892 ] ] ], [ [ [ -7.729844757309129, 54.402013968888731 ], [ -7.726477925639547, 54.401760791377697 ], [ -7.728385666736882, 54.401523210685312 ], [ -7.725811888764111, 54.399217148241839 ], [ -7.727889396324188, 54.398074030525557 ], [ -7.73001555104439, 54.401320232910798 ], [ -7.73127379190486, 54.403860978201465 ], [ -7.729844757309129, 54.402013968888731 ] ] ], [ [ [ -7.73479669142916, 54.402368608845698 ], [ -7.735936896043235, 54.406415219770381 ], [ -7.732414041130261, 54.404338438484373 ], [ -7.730866769814843, 54.402015167706907 ], [ -7.73479669142916, 54.402368608845698 ] ] ], [ [ [ -7.732161680617512, 54.409381330174057 ], [ -7.729704202498324, 54.408377766643831 ], [ -7.731531021843072, 54.404722024274406 ], [ -7.734089069427365, 54.407200012508135 ], [ -7.732161680617512, 54.409381330174057 ] ] ], [ [ [ -7.735541542411093, 54.409448777527253 ], [ -7.732161680617512, 54.409381330174057 ], [ -7.734171481633482, 54.407833115865365 ], [ -7.735541542411093, 54.409448777527253 ] ] ], [ [ [ -7.740486216612979, 54.41140225912509 ], [ -7.737686913909188, 54.412348095499979 ], [ -7.735248624503771, 54.408577251577228 ], [ -7.740486216612979, 54.41140225912509 ] ] ], [ [ [ -7.735779810948041, 54.413702559488264 ], [ -7.732767814161764, 54.410899950828096 ], [ -7.735541542411093, 54.409448777527253 ], [ -7.737686913909188, 54.412348095499979 ], [ -7.735779810948041, 54.413702559488264 ] ] ], [ [ [ -7.674853754754036, 54.428323849526471 ], [ -7.671041127012596, 54.426144359868971 ], [ -7.673824556411697, 54.425535047102542 ], [ -7.674853754754036, 54.428323849526471 ] ] ], [ [ [ -7.60583818668062, 54.431260322657025 ], [ -7.609360708106895, 54.432123753202681 ], [ -7.609222103910834, 54.434111919612569 ], [ -7.60583818668062, 54.431260322657025 ] ] ], [ [ [ -7.687960326218721, 54.444667546492695 ], [ -7.689013980089622, 54.447113504842953 ], [ -7.686118146179117, 54.445822239158339 ], [ -7.683832440946532, 54.445497120786868 ], [ -7.687960326218721, 54.444667546492695 ] ] ], [ [ [ -7.721226599304775, 54.453087236957231 ], [ -7.725320392803859, 54.451816531119626 ], [ -7.727710134925712, 54.452677334770662 ], [ -7.721226599304775, 54.453087236957231 ] ] ], [ [ [ -7.671573685060274, 54.491375658572238 ], [ -7.669957777251953, 54.492070160611547 ], [ -7.666437126371534, 54.490223625302733 ], [ -7.669199973978753, 54.489576718177567 ], [ -7.671573685060274, 54.491375658572238 ] ] ], [ [ [ -7.647313285358073, 54.497953660243304 ], [ -7.65196327149774, 54.496097787578442 ], [ -7.65356615448557, 54.497691948688896 ], [ -7.647313285358073, 54.497953660243304 ] ] ], [ [ [ -7.65799527155529, 54.499283272571439 ], [ -7.655035996865794, 54.497268104406793 ], [ -7.660449011756591, 54.498216131535486 ], [ -7.65799527155529, 54.499283272571439 ] ] ], [ [ [ -7.712255912170113, 54.501665891332649 ], [ -7.71629400963362, 54.500116086764159 ], [ -7.716815830184728, 54.500848754298168 ], [ -7.712255912170113, 54.501665891332649 ] ] ], [ [ [ -7.705705398703731, 54.501502474636482 ], [ -7.706307491881816, 54.505092345883625 ], [ -7.702670238644592, 54.503407270846104 ], [ -7.705705398703731, 54.501502474636482 ] ] ], [ [ [ -7.726882251318743, 54.505336653087539 ], [ -7.727646441853982, 54.501935925257158 ], [ -7.729126930665702, 54.504596408462874 ], [ -7.726882251318743, 54.505336653087539 ] ] ], [ [ [ -7.714983816304612, 54.505015709896938 ], [ -7.717229897144961, 54.503482273876322 ], [ -7.718690874593716, 54.504689650664957 ], [ -7.714983816304612, 54.505015709896938 ] ] ], [ [ [ -7.631995460870064, 54.506611879599269 ], [ -7.627629069658501, 54.503887705608797 ], [ -7.632643294628879, 54.505689533969374 ], [ -7.631995460870064, 54.506611879599269 ] ] ], [ [ [ -7.708561701289729, 54.506275257220999 ], [ -7.712336616223511, 54.504666101317788 ], [ -7.710503431415214, 54.506039301952633 ], [ -7.708561701289729, 54.506275257220999 ] ] ], [ [ [ -7.631995460870064, 54.506611879599269 ], [ -7.627737066199677, 54.506386043030794 ], [ -7.627443695975809, 54.505339267040114 ], [ -7.631995460870064, 54.506611879599269 ] ] ], [ [ [ -7.712250034559, 54.508141409708998 ], [ -7.708757504100269, 54.506633126730797 ], [ -7.71263621870631, 54.505452923706692 ], [ -7.712250034559, 54.508141409708998 ] ] ], [ [ [ -7.715453688851796, 54.508021967629382 ], [ -7.712250034559, 54.508141409708998 ], [ -7.712748207805301, 54.505787337676779 ], [ -7.715476574166777, 54.50588750362958 ], [ -7.715453688851796, 54.508021967629382 ] ] ], [ [ [ -7.71767763447891, 54.50806541977343 ], [ -7.715453688851796, 54.508021967629382 ], [ -7.720390840184163, 54.506634403926491 ], [ -7.721228997473761, 54.508002271378949 ], [ -7.71767763447891, 54.50806541977343 ] ] ], [ [ [ -7.586675000443853, 54.511563734103582 ], [ -7.588426868809663, 54.508708325729849 ], [ -7.59046440640518, 54.510216451063641 ], [ -7.586675000443853, 54.511563734103582 ] ] ], [ [ [ -7.7298738681159, 54.512127621799046 ], [ -7.729148621479929, 54.509998471684064 ], [ -7.732737632238256, 54.510361780332246 ], [ -7.7298738681159, 54.512127621799046 ] ] ], [ [ [ -7.715906501347032, 54.510215869292267 ], [ -7.715161610299556, 54.512943450427159 ], [ -7.711725724747986, 54.511231529327169 ], [ -7.715906501347032, 54.510215869292267 ] ] ], [ [ [ -7.665259037436551, 54.513926068707789 ], [ -7.661854516852387, 54.513247631490174 ], [ -7.662694308038021, 54.510335322194308 ], [ -7.666819942357852, 54.514001148729498 ], [ -7.665259037436551, 54.513926068707789 ] ] ], [ [ [ -7.666819942357852, 54.514001148729498 ], [ -7.663408168069743, 54.510568174916727 ], [ -7.666933399096473, 54.510518115629253 ], [ -7.667830430968099, 54.513755834780298 ], [ -7.666819942357852, 54.514001148729498 ] ] ], [ [ [ -7.582522957626522, 54.514594161535697 ], [ -7.57947384897965, 54.515292710101761 ], [ -7.581000873804618, 54.513072307985972 ], [ -7.582555638289413, 54.512850571568627 ], [ -7.582522957626522, 54.514594161535697 ] ] ], [ [ [ -7.73608574246611, 54.517556480581973 ], [ -7.732911209243789, 54.516208951552024 ], [ -7.737242014451057, 54.516651604551519 ], [ -7.73608574246611, 54.517556480581973 ] ] ], [ [ [ -7.657877158459617, 54.516800699817985 ], [ -7.660692249849114, 54.517686487829401 ], [ -7.661885564183187, 54.51936204892553 ], [ -7.654056109170363, 54.518855237450104 ], [ -7.659222284957751, 54.517821688223705 ], [ -7.653947159680033, 54.51651946109488 ], [ -7.655707191515002, 54.516474639684226 ], [ -7.657877158459617, 54.516800699817985 ] ] ], [ [ [ -7.690335326916384, 54.523417307298281 ], [ -7.690753761160976, 54.525455300089725 ], [ -7.685714612664098, 54.524757573953494 ], [ -7.690335326916384, 54.523417307298281 ] ] ], [ [ [ -7.732412314302413, 54.548343897903827 ], [ -7.726538295482418, 54.54828315280308 ], [ -7.728789267344856, 54.54671884073732 ], [ -7.733108509764367, 54.547848120795116 ], [ -7.732412314302413, 54.548343897903827 ] ] ], [ [ [ -7.735876270914573, 54.549968498146853 ], [ -7.730901541155061, 54.550813062911899 ], [ -7.733107975197487, 54.547929903692918 ], [ -7.737737583806083, 54.548894567512271 ], [ -7.735876270914573, 54.549968498146853 ] ] ], [ [ [ -7.668112868542073, 54.551223334230087 ], [ -7.664232757700947, 54.549923225287408 ], [ -7.668551020082669, 54.550900482915644 ], [ -7.668112868542073, 54.551223334230087 ] ] ], [ [ [ -7.633798720213978, 54.554282139892869 ], [ -7.635092570254749, 54.552443002309104 ], [ -7.637452170973404, 54.552683382185691 ], [ -7.633798720213978, 54.554282139892869 ] ] ], [ [ [ -7.638151930436505, 54.555257814884477 ], [ -7.638357819742783, 54.551612201691512 ], [ -7.640677416377474, 54.552442725055379 ], [ -7.638151930436505, 54.555257814884477 ] ] ], [ [ [ -7.682854654078718, 54.558153268790456 ], [ -7.680948767842987, 54.556928970103421 ], [ -7.686287173789923, 54.55704494020376 ], [ -7.682854654078718, 54.558153268790456 ] ] ], [ [ [ -7.647594394898475, 54.560585692513236 ], [ -7.644848842184557, 54.56061027787112 ], [ -7.64864591244709, 54.558621053719044 ], [ -7.649626192248573, 54.559830058173091 ], [ -7.647594394898475, 54.560585692513236 ] ] ], [ [ [ -7.685952091657612, 54.561514357467864 ], [ -7.687604704917633, 54.559016224072813 ], [ -7.688924103908594, 54.560320287905689 ], [ -7.685952091657612, 54.561514357467864 ] ] ], [ [ [ -7.667239031202439, 54.561124233685938 ], [ -7.664424173826172, 54.561480046302471 ], [ -7.666681706741464, 54.559560664620875 ], [ -7.667239031202439, 54.561124233685938 ] ] ], [ [ [ -7.628987611637032, 54.563963101408063 ], [ -7.627020968918514, 54.562668795658851 ], [ -7.629166585554325, 54.561305775741062 ], [ -7.630679464224297, 54.563532999967038 ], [ -7.628987611637032, 54.563963101408063 ] ] ], [ [ [ -7.72071863149863, 54.563927792679358 ], [ -7.71738531548186, 54.563903342978314 ], [ -7.718485670407187, 54.561966726778458 ], [ -7.720964528215677, 54.561433887353679 ], [ -7.72071863149863, 54.563927792679358 ] ] ], [ [ [ -7.600953076551282, 54.565408816182256 ], [ -7.595542828817519, 54.565015698428255 ], [ -7.59630683314654, 54.562635234144089 ], [ -7.600953076551282, 54.565408816182256 ] ] ], [ [ [ -7.622604614119803, 54.567614848258074 ], [ -7.620179370312279, 54.564411993894105 ], [ -7.62631181475683, 54.566780223109731 ], [ -7.622604614119803, 54.567614848258074 ] ] ], [ [ [ -7.70811687609928, 54.578174676294211 ], [ -7.705573168528107, 54.577694258532844 ], [ -7.707807515042886, 54.57603323785969 ], [ -7.709224314677438, 54.576935214662015 ], [ -7.70811687609928, 54.578174676294211 ] ] ], [ [ [ -7.639027866786909, 54.637934134276541 ], [ -7.635612189163668, 54.637820379232622 ], [ -7.638658564452037, 54.636521183882387 ], [ -7.639027866786909, 54.637934134276541 ] ] ], [ [ [ -7.631783089379431, 54.637383878137129 ], [ -7.635762995582223, 54.638461971136394 ], [ -7.63061665238392, 54.637727721295192 ], [ -7.631783089379431, 54.637383878137129 ] ] ], [ [ [ -7.626539474302826, 54.649319263217428 ], [ -7.624312306709347, 54.649608025819234 ], [ -7.625062693943342, 54.646514081860722 ], [ -7.628060039432997, 54.64634488667329 ], [ -7.626539474302826, 54.649319263217428 ] ] ], [ [ [ -7.659774289747273, 54.655738826364917 ], [ -7.656175255273713, 54.655416376824398 ], [ -7.660515988503048, 54.655109606738506 ], [ -7.659774289747273, 54.655738826364917 ] ] ], [ [ [ -7.647200459498416, 54.657585778839461 ], [ -7.64657595972624, 54.655093613407274 ], [ -7.648424338164283, 54.656174082957598 ], [ -7.647200459498416, 54.657585778839461 ] ] ], [ [ [ -7.610026828323552, 54.662371549576719 ], [ -7.607642510244229, 54.662664229589673 ], [ -7.609293328034843, 54.660345310215 ], [ -7.611572443194778, 54.660418756574124 ], [ -7.610026828323552, 54.662371549576719 ] ] ], [ [ [ -7.65560362864566, 54.667065736661755 ], [ -7.652411326549561, 54.666381695900441 ], [ -7.658055706254098, 54.664760309587628 ], [ -7.65560362864566, 54.667065736661755 ] ] ], [ [ [ -7.672675184728932, 54.66821160245938 ], [ -7.669099220439074, 54.665112481230111 ], [ -7.67035764243756, 54.66425276845856 ], [ -7.672675184728932, 54.66821160245938 ] ] ], [ [ [ -7.599353678619981, 54.667134189561523 ], [ -7.594935242810912, 54.666011623757491 ], [ -7.599649793580162, 54.666804838151954 ], [ -7.599353678619981, 54.667134189561523 ] ] ], [ [ [ -7.708538809718721, 54.667783801313547 ], [ -7.705110001685106, 54.667782315262855 ], [ -7.708153417317304, 54.666249594622059 ], [ -7.708538809718721, 54.667783801313547 ] ] ], [ [ [ -7.666693324882597, 54.668501042011393 ], [ -7.66817448756274, 54.665919286820518 ], [ -7.670694238039911, 54.66807767234581 ], [ -7.666693324882597, 54.668501042011393 ] ] ], [ [ [ -7.598108964368518, 54.667627690981064 ], [ -7.600165421787851, 54.670032538729252 ], [ -7.595618881516653, 54.66867136705401 ], [ -7.595623982300943, 54.668158379471933 ], [ -7.598108964368518, 54.667627690981064 ] ] ], [ [ [ -7.680087937050905, 54.680382151671196 ], [ -7.680773101984002, 54.678499985214806 ], [ -7.683978987199711, 54.680746955564764 ], [ -7.680087937050905, 54.680382151671196 ] ] ], [ [ [ -7.612366714238118, 54.700325123372124 ], [ -7.609539156098397, 54.698582633617491 ], [ -7.613562139987404, 54.698753336025412 ], [ -7.612366714238118, 54.700325123372124 ] ] ], [ [ [ -7.48337667918653, 54.132493245422545 ], [ -7.481061964050546, 54.130998923506311 ], [ -7.485021248492215, 54.130467481751566 ], [ -7.48337667918653, 54.132493245422545 ] ] ], [ [ [ -7.510553900373378, 54.133698072507642 ], [ -7.509618031478548, 54.131448607772263 ], [ -7.513020476927756, 54.132289452167811 ], [ -7.510553900373378, 54.133698072507642 ] ] ], [ [ [ -7.488949056837667, 54.137845943917483 ], [ -7.484963234777777, 54.136617558028888 ], [ -7.488833940302978, 54.135591382815086 ], [ -7.490408620050534, 54.136912865625497 ], [ -7.488949056837667, 54.137845943917483 ] ] ], [ [ [ -7.45382302854152, 54.15033054106415 ], [ -7.452270526057122, 54.147987668176569 ], [ -7.456227845094899, 54.149195005180182 ], [ -7.45382302854152, 54.15033054106415 ] ] ], [ [ [ -7.522641145179253, 54.152392196699061 ], [ -7.518478056031506, 54.150863338354242 ], [ -7.524510464724773, 54.152661177253485 ], [ -7.522641145179253, 54.152392196699061 ] ] ], [ [ [ -7.503296997921815, 54.154580168349753 ], [ -7.499660399265168, 54.155724816527695 ], [ -7.500251876085538, 54.153444801485897 ], [ -7.503736503334451, 54.153783090435176 ], [ -7.503296997921815, 54.154580168349753 ] ] ], [ [ [ -7.49446149708342, 54.163445306055316 ], [ -7.496890014367116, 54.161056451653046 ], [ -7.49862447317829, 54.161943975795921 ], [ -7.49446149708342, 54.163445306055316 ] ] ], [ [ [ -7.572490681223488, 54.178285628699776 ], [ -7.569760006649392, 54.176507514234913 ], [ -7.574394548942951, 54.176814405260636 ], [ -7.572490681223488, 54.178285628699776 ] ] ], [ [ [ -7.575006077527433, 54.18962144133976 ], [ -7.570297922838842, 54.188663605904232 ], [ -7.576727253570695, 54.189096765207012 ], [ -7.575006077527433, 54.18962144133976 ] ] ], [ [ [ -7.552597758213317, 54.19369204778215 ], [ -7.55363425212676, 54.19609136401138 ], [ -7.550532457872578, 54.195712070848622 ], [ -7.552597758213317, 54.19369204778215 ] ] ], [ [ [ -7.581108984511905, 54.198365171725769 ], [ -7.578693042949654, 54.201025012888046 ], [ -7.580051847351528, 54.197893271626697 ], [ -7.581108984511905, 54.198365171725769 ] ] ], [ [ [ -7.548371773593646, 54.205621243853464 ], [ -7.549979386206989, 54.203323327441161 ], [ -7.552469931358162, 54.204642197371172 ], [ -7.548371773593646, 54.205621243853464 ] ] ], [ [ [ -7.550138766580816, 54.22051150371535 ], [ -7.547554684989087, 54.219097554862763 ], [ -7.549405502417187, 54.218467720545057 ], [ -7.550138766580816, 54.22051150371535 ] ] ], [ [ [ -7.576343289193891, 54.226606762293173 ], [ -7.573311709207126, 54.223223041290737 ], [ -7.578031587080222, 54.224513007504605 ], [ -7.576343289193891, 54.226606762293173 ] ] ], [ [ [ -7.401559980250437, 54.241833206540946 ], [ -7.40107394682467, 54.238431190615138 ], [ -7.403253386184289, 54.238671299485802 ], [ -7.401559980250437, 54.241833206540946 ] ] ], [ [ [ -7.494178006880758, 54.251287488156414 ], [ -7.495914362335703, 54.248744597390477 ], [ -7.497815839697411, 54.24998615921605 ], [ -7.494178006880758, 54.251287488156414 ] ] ], [ [ [ -7.505182561172052, 54.254352906637784 ], [ -7.503051183815827, 54.250716841310215 ], [ -7.50593820628493, 54.253216842478594 ], [ -7.505182561172052, 54.254352906637784 ] ] ], [ [ [ -7.40362495174741, 54.264378861115439 ], [ -7.403625629083454, 54.261606367339169 ], [ -7.405657887594157, 54.264015666113721 ], [ -7.40362495174741, 54.264378861115439 ] ] ], [ [ [ -7.404903909193066, 54.26476186066045 ], [ -7.408062353345385, 54.262907415634594 ], [ -7.410035064703387, 54.26441983074136 ], [ -7.404903909193066, 54.26476186066045 ] ] ], [ [ [ -7.415916886432633, 54.26410156109003 ], [ -7.413566947643452, 54.265244288654074 ], [ -7.411845536465931, 54.265073038538276 ], [ -7.415916886432633, 54.26410156109003 ] ] ], [ [ [ -7.401065472293531, 54.269060171620666 ], [ -7.40106234482576, 54.266964029938286 ], [ -7.404655580710718, 54.267456212410281 ], [ -7.401065472293531, 54.269060171620666 ] ] ], [ [ [ -7.474719763618106, 54.27023669068398 ], [ -7.474815245550787, 54.272729618185231 ], [ -7.472700377990767, 54.271613753859768 ], [ -7.472485856361497, 54.270360395753599 ], [ -7.474719763618106, 54.27023669068398 ] ] ], [ [ [ -7.416781635523106, 54.277367740852412 ], [ -7.410852433649977, 54.276966611867991 ], [ -7.418004297417642, 54.276122662793249 ], [ -7.416781635523106, 54.277367740852412 ] ] ], [ [ [ -7.418237265401536, 54.278848562308426 ], [ -7.418004297417642, 54.276122662793249 ], [ -7.419205410585156, 54.277360670887134 ], [ -7.418237265401536, 54.278848562308426 ] ] ], [ [ [ -7.414444331935111, 54.280762959068539 ], [ -7.41465289405915, 54.278271425587604 ], [ -7.416758785072849, 54.278984702377613 ], [ -7.414444331935111, 54.280762959068539 ] ] ], [ [ [ -7.432822876216171, 54.283509688441789 ], [ -7.429250801518084, 54.284075394464608 ], [ -7.430110626739336, 54.281935712180875 ], [ -7.432822876216171, 54.283509688441789 ] ] ], [ [ [ -7.493718148745565, 54.294827248092716 ], [ -7.494877261578751, 54.291395595228558 ], [ -7.495907015572501, 54.292204189933493 ], [ -7.493718148745565, 54.294827248092716 ] ] ], [ [ [ -7.448661286304334, 54.313506511331134 ], [ -7.451223470975817, 54.310899947395448 ], [ -7.452524170106562, 54.312686528850712 ], [ -7.448661286304334, 54.313506511331134 ] ] ], [ [ [ -7.434700333034553, 54.337792764277552 ], [ -7.431570377543278, 54.335287810743139 ], [ -7.434640575786972, 54.335219428170937 ], [ -7.434700333034553, 54.337792764277552 ] ] ], [ [ [ -7.521102630618133, 54.342034140135219 ], [ -7.519714773339238, 54.339966035418321 ], [ -7.52307887478283, 54.341019994236767 ], [ -7.521102630618133, 54.342034140135219 ] ] ], [ [ [ -7.520190547292827, 54.34460364364439 ], [ -7.51723004691878, 54.343044495129732 ], [ -7.520424480342105, 54.343088800254073 ], [ -7.522604929564361, 54.344417616806602 ], [ -7.520190547292827, 54.34460364364439 ] ] ], [ [ [ -7.520438824968079, 54.348270416942874 ], [ -7.516359497628539, 54.349428390825885 ], [ -7.515452874882213, 54.348500826186701 ], [ -7.520438824968079, 54.348270416942874 ] ] ], [ [ [ -7.530341063704232, 54.34829021855483 ], [ -7.531295638804561, 54.350426541425264 ], [ -7.529039495270529, 54.349165226125102 ], [ -7.527943789298911, 54.348552619358941 ], [ -7.530341063704232, 54.34829021855483 ] ] ], [ [ [ -7.527350765965044, 54.351782910731238 ], [ -7.52386296164802, 54.34970441551669 ], [ -7.527861128841955, 54.350691132639597 ], [ -7.527350765965044, 54.351782910731238 ] ] ], [ [ [ -7.526580196450136, 54.353084923093476 ], [ -7.523442673159737, 54.351266122512236 ], [ -7.527350765965044, 54.351782910731238 ], [ -7.526580196450136, 54.353084923093476 ] ] ], [ [ [ -7.493896294132742, 54.356801139566038 ], [ -7.498134441935975, 54.356875345683086 ], [ -7.496750717407956, 54.358492625437144 ], [ -7.493896294132742, 54.356801139566038 ] ] ], [ [ [ -7.500375674753365, 54.360496785652195 ], [ -7.497985232094017, 54.356370934640502 ], [ -7.502751072588097, 54.358812692980358 ], [ -7.500375674753365, 54.360496785652195 ] ] ], [ [ [ -7.513380215360714, 54.361143429770642 ], [ -7.513397112402832, 54.358515741569128 ], [ -7.51547230241674, 54.359343226261693 ], [ -7.513380215360714, 54.361143429770642 ] ] ], [ [ [ -7.505590751107401, 54.361050934058724 ], [ -7.5025053530947, 54.359604875371296 ], [ -7.505285732134436, 54.359314813174279 ], [ -7.505590751107401, 54.361050934058724 ] ] ], [ [ [ -7.548488074273129, 54.362304429829301 ], [ -7.547452600388939, 54.36053100887522 ], [ -7.552269095200422, 54.361854123410382 ], [ -7.548488074273129, 54.362304429829301 ] ] ], [ [ [ -7.421700196403828, 54.364533022431324 ], [ -7.427801768583873, 54.364501899571728 ], [ -7.42389329853046, 54.367546282736761 ], [ -7.421504770441834, 54.367259415241342 ], [ -7.425538808385871, 54.364588190395331 ], [ -7.421700196403828, 54.364533022431324 ] ] ], [ [ [ -7.516522351205641, 54.368572236177535 ], [ -7.51290463115202, 54.367113961414503 ], [ -7.516666594563442, 54.367940622672407 ], [ -7.516522351205641, 54.368572236177535 ] ] ], [ [ [ -7.575634434097967, 54.370319567215738 ], [ -7.57615874469654, 54.368432383121728 ], [ -7.579369845648784, 54.369203476655045 ], [ -7.575634434097967, 54.370319567215738 ] ] ], [ [ [ -7.434282026605163, 54.374663389516201 ], [ -7.43129512530683, 54.373057951403851 ], [ -7.434451183633601, 54.372208386967586 ], [ -7.434282026605163, 54.374663389516201 ] ] ], [ [ [ -7.496810656082431, 54.379069192770267 ], [ -7.496172289182852, 54.376177167948754 ], [ -7.499243916933517, 54.377313573512616 ], [ -7.496810656082431, 54.379069192770267 ] ] ], [ [ [ -7.521293891197043, 54.385587041415164 ], [ -7.520174245481606, 54.383735375875567 ], [ -7.52409181010279, 54.383933640378977 ], [ -7.521293891197043, 54.385587041415164 ] ] ], [ [ [ -7.515246247006634, 54.3881142621509 ], [ -7.512579085533558, 54.386758431868977 ], [ -7.516517438803526, 54.38630980915471 ], [ -7.515246247006634, 54.3881142621509 ] ] ], [ [ [ -7.510139098290103, 54.392114224837393 ], [ -7.511342178070961, 54.388211222648039 ], [ -7.515001676880998, 54.388444143446996 ], [ -7.510139098290103, 54.392114224837393 ] ] ], [ [ [ -7.424952581772947, 54.391995254505503 ], [ -7.422576937256482, 54.389748490382466 ], [ -7.426768598242719, 54.390727830674145 ], [ -7.424952581772947, 54.391995254505503 ] ] ], [ [ [ -7.519461028119998, 54.393110353728865 ], [ -7.515741676814937, 54.390440985063883 ], [ -7.519364727293887, 54.390322228388968 ], [ -7.519461028119998, 54.393110353728865 ] ] ], [ [ [ -7.544760762983334, 54.395380659864699 ], [ -7.543037376765127, 54.392225281764858 ], [ -7.545068430737869, 54.393316614397555 ], [ -7.544760762983334, 54.395380659864699 ] ] ], [ [ [ -7.560088658549079, 54.395436058165757 ], [ -7.556930363242389, 54.39529013615094 ], [ -7.562289078440369, 54.395319045225484 ], [ -7.560088658549079, 54.395436058165757 ] ] ], [ [ [ -7.55236460043182, 54.406395944341561 ], [ -7.55045154908316, 54.407843058517187 ], [ -7.549352966010231, 54.407251879925113 ], [ -7.55236460043182, 54.406395944341561 ] ] ], [ [ [ -7.50594385158497, 54.412936859745905 ], [ -7.506809419428087, 54.416070831197715 ], [ -7.504912257540717, 54.413546425275456 ], [ -7.50594385158497, 54.412936859745905 ] ] ], [ [ [ -7.461865769379182, 54.422941686039771 ], [ -7.464724225972756, 54.425728178316099 ], [ -7.460294139849667, 54.424645925389214 ], [ -7.461865769379182, 54.422941686039771 ] ] ], [ [ [ -7.520030054106915, 54.434697253272532 ], [ -7.519037506031561, 54.436945716922814 ], [ -7.516535306609946, 54.437065175272174 ], [ -7.51758512669884, 54.434011210498774 ], [ -7.520030054106915, 54.434697253272532 ] ] ], [ [ [ -7.440638063035004, 54.454746811102638 ], [ -7.442800743065743, 54.452607796811336 ], [ -7.442481719448167, 54.454015001256671 ], [ -7.440638063035004, 54.454746811102638 ] ] ], [ [ [ -7.450323476843223, 54.459304488073805 ], [ -7.446055466199415, 54.456638588411096 ], [ -7.4477662720606, 54.455266793743412 ], [ -7.452406880769511, 54.457141966258327 ], [ -7.450323476843223, 54.459304488073805 ] ] ], [ [ [ -7.502648083608252, 54.463116202048091 ], [ -7.499015191128701, 54.459409513760015 ], [ -7.498901620873997, 54.45854419643215 ], [ -7.502648083608252, 54.463116202048091 ] ] ], [ [ [ -7.543835107490032, 54.514318784615554 ], [ -7.541220366568418, 54.512365549428353 ], [ -7.544185121255623, 54.511922133881988 ], [ -7.543835107490032, 54.514318784615554 ] ] ], [ [ [ -7.513822688645747, 54.52527922834355 ], [ -7.513005635350489, 54.526638088812945 ], [ -7.509153025812075, 54.525797111975642 ], [ -7.513822688645747, 54.52527922834355 ] ] ], [ [ [ -7.56728430235369, 54.53983184341007 ], [ -7.561072551447262, 54.541378241039723 ], [ -7.561074500654695, 54.539242824629184 ], [ -7.56728430235369, 54.53983184341007 ] ] ], [ [ [ -7.548502574229939, 54.556959736525236 ], [ -7.553882528699215, 54.556979708043933 ], [ -7.54866909365105, 54.557670745432048 ], [ -7.548502574229939, 54.556959736525236 ] ] ], [ [ [ -7.563546139346477, 54.558042539025543 ], [ -7.562931183275549, 54.560595827668422 ], [ -7.561723083653504, 54.558818457101452 ], [ -7.563546139346477, 54.558042539025543 ] ] ], [ [ [ -7.421097118566607, 54.567173898801336 ], [ -7.424739648282319, 54.566749813764261 ], [ -7.42364982808717, 54.568287030808321 ], [ -7.421097118566607, 54.567173898801336 ] ] ], [ [ [ -7.550580989834156, 54.635086349260803 ], [ -7.550515881670226, 54.632187555484109 ], [ -7.552643394390091, 54.63327173322039 ], [ -7.553280207932681, 54.633655402204539 ], [ -7.550580989834156, 54.635086349260803 ] ] ], [ [ [ -7.500205156937051, 54.671523296049074 ], [ -7.499823344930814, 54.668528331416027 ], [ -7.50197339932945, 54.670620060277422 ], [ -7.500205156937051, 54.671523296049074 ] ] ], [ [ [ -7.431800088792846, 54.675336822634115 ], [ -7.433734252598257, 54.674352414879429 ], [ -7.434841370064321, 54.675911313019334 ], [ -7.431800088792846, 54.675336822634115 ] ] ], [ [ [ -7.430596591450523, 54.694681218780154 ], [ -7.428317049868961, 54.692206480751594 ], [ -7.431504993217361, 54.692860719410746 ], [ -7.430596591450523, 54.694681218780154 ] ] ], [ [ [ -7.425627677048405, 54.697655305572709 ], [ -7.429369347579435, 54.697266944537709 ], [ -7.428179589065766, 54.698924780580825 ], [ -7.425627677048405, 54.697655305572709 ] ] ], [ [ [ -7.468324184727281, 54.698968935965858 ], [ -7.46892689867286, 54.702741404936148 ], [ -7.466121267226369, 54.70142646040167 ], [ -7.468324184727281, 54.698968935965858 ] ] ], [ [ [ -7.425062842518171, 54.702513066133385 ], [ -7.423745254003566, 54.701059217935601 ], [ -7.427432756577483, 54.700303289024284 ], [ -7.425062842518171, 54.702513066133385 ] ] ], [ [ [ -7.512576236689876, 54.703809577888222 ], [ -7.509013778704864, 54.704530892534606 ], [ -7.508493390138263, 54.703461132029524 ], [ -7.512576236689876, 54.703809577888222 ] ] ], [ [ [ -7.489038588067804, 54.705852491674925 ], [ -7.486735491136388, 54.70364033403159 ], [ -7.490092572861593, 54.704228714566298 ], [ -7.489038588067804, 54.705852491674925 ] ] ], [ [ [ -7.448530859729094, 54.715714225750411 ], [ -7.446320155433789, 54.712580093208331 ], [ -7.450981016787637, 54.714005844830901 ], [ -7.448530859729094, 54.715714225750411 ] ] ], [ [ [ -7.451524372871823, 54.716447468834296 ], [ -7.448895538003587, 54.715560849925041 ], [ -7.452372080656418, 54.714509568316963 ], [ -7.451524372871823, 54.716447468834296 ] ] ], [ [ [ -7.445052618276871, 54.716927263700228 ], [ -7.438736291910848, 54.715262568276074 ], [ -7.446243959385975, 54.716365573943172 ], [ -7.445052618276871, 54.716927263700228 ] ] ], [ [ [ -7.466502283171344, 54.728743245947939 ], [ -7.467822538550937, 54.726080485904355 ], [ -7.469307749988716, 54.727857261338585 ], [ -7.466502283171344, 54.728743245947939 ] ] ], [ [ [ -7.46308060764285, 54.72926711523462 ], [ -7.463515097852527, 54.727138309222717 ], [ -7.465502385537114, 54.729665009021893 ], [ -7.464149057322659, 54.729709317186483 ], [ -7.46308060764285, 54.72926711523462 ] ] ], [ [ [ -7.429007743778622, 54.73254913417226 ], [ -7.427520537865345, 54.730814836478132 ], [ -7.430970870340456, 54.729388351785801 ], [ -7.431668916131273, 54.73047926934872 ], [ -7.429007743778622, 54.73254913417226 ] ] ], [ [ [ -7.461046015477129, 54.734111988698125 ], [ -7.46335721408078, 54.731825506850576 ], [ -7.464319387493228, 54.732039137166424 ], [ -7.461046015477129, 54.734111988698125 ] ] ], [ [ [ -7.558061631143548, 54.734360685856011 ], [ -7.563153575610314, 54.733351288878865 ], [ -7.563272776770517, 54.734443028100138 ], [ -7.558061631143548, 54.734360685856011 ] ] ], [ [ [ -7.507888530498056, 54.732941760200738 ], [ -7.51139812381086, 54.733824468498653 ], [ -7.507953320895084, 54.734941200455701 ], [ -7.504875281869587, 54.734446804656251 ], [ -7.507888530498056, 54.732941760200738 ] ] ], [ [ [ -7.559766872060453, 54.739068461468506 ], [ -7.557454583270498, 54.734858697099192 ], [ -7.562475029850112, 54.738129324968703 ], [ -7.559766872060453, 54.739068461468506 ] ] ], [ [ [ -7.557651906027941, 54.739613610565719 ], [ -7.555124094077341, 54.738648363399115 ], [ -7.55710017934473, 54.736855316375113 ], [ -7.558751355175394, 54.738071416464258 ], [ -7.557651906027941, 54.739613610565719 ] ] ], [ [ [ -7.566712742178922, 54.73882277161723 ], [ -7.56455408170438, 54.739695260484055 ], [ -7.56211280300054, 54.737671122039501 ], [ -7.566712742178922, 54.73882277161723 ] ] ], [ [ [ -7.407513624934258, 54.74381909340029 ], [ -7.40620589750803, 54.740743534796572 ], [ -7.407959826777576, 54.741169417667145 ], [ -7.407513624934258, 54.74381909340029 ] ] ], [ [ [ -7.517775463830113, 54.756088576034955 ], [ -7.517302778533032, 54.753262129377553 ], [ -7.52081016998845, 54.754841223666887 ], [ -7.517775463830113, 54.756088576034955 ] ] ], [ [ [ -7.476081399564342, 54.754295952485577 ], [ -7.479903724621858, 54.755225688379078 ], [ -7.476086139556419, 54.755536192709236 ], [ -7.476081399564342, 54.754295952485577 ] ] ], [ [ [ -7.495892439085299, 54.759770620541488 ], [ -7.493405493510758, 54.758443791460209 ], [ -7.496577171312696, 54.75674152052855 ], [ -7.49819262740135, 54.758235252652796 ], [ -7.495892439085299, 54.759770620541488 ] ] ], [ [ [ -7.527214331528397, 54.760620447907449 ], [ -7.524743231170188, 54.758247827371463 ], [ -7.527631608602556, 54.757868514616256 ], [ -7.527214331528397, 54.760620447907449 ] ] ], [ [ [ -7.498626773597987, 54.765106090884714 ], [ -7.497697810303537, 54.766956193124336 ], [ -7.495978774900129, 54.765219443207428 ], [ -7.498626773597987, 54.765106090884714 ] ] ], [ [ [ -7.524683854539435, 54.767839594028523 ], [ -7.522774057803947, 54.765268471452281 ], [ -7.525335967936195, 54.766088918331768 ], [ -7.524683854539435, 54.767839594028523 ] ] ], [ [ [ -7.523748334896275, 54.769302740195023 ], [ -7.522040349438373, 54.766535537847204 ], [ -7.524683854539435, 54.767839594028523 ], [ -7.523748334896275, 54.769302740195023 ] ] ], [ [ [ -7.415602125044895, 54.768897707103569 ], [ -7.41703466698262, 54.770897977814691 ], [ -7.413925402058321, 54.770775867205664 ], [ -7.413814876416964, 54.770432436234351 ], [ -7.415602125044895, 54.768897707103569 ] ] ], [ [ [ -7.499741437787379, 54.772756117021913 ], [ -7.495451690345515, 54.772292173171572 ], [ -7.497373726204866, 54.77096892763678 ], [ -7.500109211134672, 54.77136101701462 ], [ -7.499741437787379, 54.772756117021913 ] ] ], [ [ [ -7.490874843057741, 54.774424477746486 ], [ -7.49346987578718, 54.772521599210584 ], [ -7.494692008712711, 54.774003971748805 ], [ -7.490874843057741, 54.774424477746486 ] ] ], [ [ [ -7.496741068151626, 54.774598905204577 ], [ -7.49389504711005, 54.772518119849479 ], [ -7.497253706438925, 54.772760261723128 ], [ -7.496741068151626, 54.774598905204577 ] ] ], [ [ [ -7.491281379138211, 54.775520650375 ], [ -7.494692008712711, 54.774003971748805 ], [ -7.496963934445745, 54.774738330298469 ], [ -7.491281379138211, 54.775520650375 ] ] ], [ [ [ -7.502533887418063, 54.777617045850768 ], [ -7.501412555277865, 54.775284445825548 ], [ -7.505155502592482, 54.776540174231755 ], [ -7.502533887418063, 54.777617045850768 ] ] ], [ [ [ -7.419961086770151, 54.777741028964783 ], [ -7.424234351859091, 54.776055699958626 ], [ -7.425673771636628, 54.77776863929023 ], [ -7.419961086770151, 54.777741028964783 ] ] ], [ [ [ -7.422871552145544, 54.785658299723018 ], [ -7.420675965181629, 54.783712648954221 ], [ -7.424340323414944, 54.782219306019613 ], [ -7.425170535583202, 54.78364027322138 ], [ -7.422871552145544, 54.785658299723018 ] ] ], [ [ [ -7.419785924443304, 54.787274143272533 ], [ -7.420675965181629, 54.783712648954221 ], [ -7.423024654337095, 54.785872939081784 ], [ -7.419785924443304, 54.787274143272533 ] ] ], [ [ [ -7.420164242996064, 54.787767890348618 ], [ -7.412700168385967, 54.787441124112974 ], [ -7.416284244844039, 54.785566893975677 ], [ -7.420164242996064, 54.787767890348618 ] ] ], [ [ [ -7.403847129635452, 54.790436949753733 ], [ -7.406341340832033, 54.786253775439221 ], [ -7.406580682642852, 54.789544516164838 ], [ -7.403847129635452, 54.790436949753733 ] ] ], [ [ [ -7.417611399594811, 54.789087667612527 ], [ -7.422276304448992, 54.787912044348055 ], [ -7.422958590508721, 54.788584814748958 ], [ -7.417611399594811, 54.789087667612527 ] ] ], [ [ [ -7.427256854982662, 54.791419383859775 ], [ -7.4240027784663, 54.791314962315568 ], [ -7.42495889207926, 54.789035489204103 ], [ -7.427639332873619, 54.789231027303629 ], [ -7.427256854982662, 54.791419383859775 ] ] ], [ [ [ -7.4240027784663, 54.791314962315568 ], [ -7.419554280938637, 54.789362367577475 ], [ -7.424182622371996, 54.789610687448445 ], [ -7.4240027784663, 54.791314962315568 ] ] ], [ [ [ -7.399311050441624, 54.793228903023952 ], [ -7.412700168385967, 54.787441124112974 ], [ -7.418357684232283, 54.789740306204081 ], [ -7.412390897324709, 54.79514847118508 ], [ -7.410483525856993, 54.792295230166765 ], [ -7.405248861345497, 54.795960009779336 ], [ -7.399311050441624, 54.793228903023952 ] ] ], [ [ [ -7.419228680462881, 54.793801400458783 ], [ -7.418430254586759, 54.789834786855465 ], [ -7.422439798280241, 54.792841793144433 ], [ -7.419228680462881, 54.793801400458783 ] ] ], [ [ [ -7.425253537694708, 54.792920679778163 ], [ -7.420904900932421, 54.791490234826902 ], [ -7.427256854982662, 54.791419383859775 ], [ -7.425253537694708, 54.792920679778163 ] ] ], [ [ [ -7.443260339619386, 54.793747912933569 ], [ -7.444573604025368, 54.790667403466507 ], [ -7.446751688437782, 54.792785610826911 ], [ -7.443260339619386, 54.793747912933569 ] ] ], [ [ [ -7.439357253712646, 54.798102874604297 ], [ -7.444303709532516, 54.79924606147128 ], [ -7.438240066586316, 54.799741378738084 ], [ -7.439357253712646, 54.798102874604297 ] ] ], [ [ [ -7.467187615408084, 54.801577560285672 ], [ -7.467086795386498, 54.804146055353129 ], [ -7.464328316193391, 54.803530388951557 ], [ -7.467187615408084, 54.801577560285672 ] ] ], [ [ [ -7.45438664506328, 54.808868328943682 ], [ -7.453737785635097, 54.80483303730766 ], [ -7.455366468886936, 54.804918688356409 ], [ -7.45438664506328, 54.808868328943682 ] ] ], [ [ [ -7.443358455094164, 54.807075539829029 ], [ -7.446348620735585, 54.808051113706554 ], [ -7.442518343852563, 54.807881706202288 ], [ -7.443358455094164, 54.807075539829029 ] ] ], [ [ [ -7.456820272555804, 54.810548676463753 ], [ -7.452861694436001, 54.808595960285466 ], [ -7.457859503445161, 54.809538036851173 ], [ -7.456820272555804, 54.810548676463753 ] ] ], [ [ [ -7.410797277177745, 54.824416228602573 ], [ -7.407976682880308, 54.824932717082341 ], [ -7.408883034804803, 54.82195057922997 ], [ -7.410807171844466, 54.822491514863145 ], [ -7.410797277177745, 54.824416228602573 ] ] ], [ [ [ -7.420977294436453, 54.825156440295252 ], [ -7.42261039166204, 54.82276592641648 ], [ -7.425578526565354, 54.823888354316452 ], [ -7.420977294436453, 54.825156440295252 ] ] ], [ [ [ -7.425434611779683, 54.826160200838494 ], [ -7.42180897406419, 54.826020772932182 ], [ -7.428345768100026, 54.823548200203646 ], [ -7.429338663983, 54.825618694484085 ], [ -7.425434611779683, 54.826160200838494 ] ] ], [ [ [ -7.4170313582934, 54.827769792033649 ], [ -7.414564187690653, 54.826156041662003 ], [ -7.416232579818959, 54.823536700653889 ], [ -7.420977294436453, 54.825156440295252 ], [ -7.4170313582934, 54.827769792033649 ] ] ], [ [ [ -7.426448592832126, 54.827842764947185 ], [ -7.429940906900729, 54.82549374011807 ], [ -7.430017502495152, 54.827377579452509 ], [ -7.426448592832126, 54.827842764947185 ] ] ], [ [ [ -7.419970887465105, 54.828988067687028 ], [ -7.42180897406419, 54.826020772932182 ], [ -7.426448592832126, 54.827842764947185 ], [ -7.419970887465105, 54.828988067687028 ] ] ], [ [ [ -7.399259785925122, 54.836720129372942 ], [ -7.404899284636318, 54.836930751638825 ], [ -7.401107628702717, 54.838951618607247 ], [ -7.398466254179207, 54.837846105486385 ], [ -7.399259785925122, 54.836720129372942 ] ] ], [ [ [ -7.448478776488329, 54.846306773386104 ], [ -7.45137172096929, 54.848381896488128 ], [ -7.449155092873939, 54.848013525725129 ], [ -7.446798116237393, 54.847122359357037 ], [ -7.448478776488329, 54.846306773386104 ] ] ], [ [ [ -7.407374674221759, 54.850727142016112 ], [ -7.406296294238961, 54.85087318799382 ], [ -7.406682937168987, 54.853967387009533 ], [ -7.403590545249343, 54.851397142161083 ], [ -7.404520940228553, 54.851113625795314 ], [ -7.404121098922203, 54.851167776665548 ], [ -7.404799507295338, 54.848082057625945 ], [ -7.407374674221759, 54.850727142016112 ] ] ], [ [ [ -7.440410490842591, 54.862020381078047 ], [ -7.439118208183848, 54.859037309379481 ], [ -7.442635786734755, 54.861757896827818 ], [ -7.440410490842591, 54.862020381078047 ] ] ], [ [ [ -7.437069314979152, 54.865729778157998 ], [ -7.438286456203755, 54.866791166436016 ], [ -7.442724429510109, 54.86735807176391 ], [ -7.439315829841505, 54.867688815033183 ], [ -7.440660353949514, 54.868861285490112 ], [ -7.436774069422769, 54.867793131736413 ], [ -7.437069314979152, 54.865729778157998 ] ] ], [ [ [ -7.431735379344041, 54.87016483239816 ], [ -7.42934462328442, 54.872306225213514 ], [ -7.428757417389305, 54.869613551374961 ], [ -7.431735379344041, 54.87016483239816 ] ] ], [ [ [ -7.434143975813345, 54.879141100159828 ], [ -7.434780225121803, 54.876614708853324 ], [ -7.436169634972585, 54.87791285869865 ], [ -7.434143975813345, 54.879141100159828 ] ] ], [ [ [ -7.406166591992119, 54.900554667734632 ], [ -7.403605793515541, 54.899385086388165 ], [ -7.40115661665516, 54.897416232971651 ], [ -7.406166591992119, 54.900554667734632 ] ] ], [ [ [ -7.439793529404782, 54.906015419333272 ], [ -7.447352325113001, 54.901687363162374 ], [ -7.439702709188776, 54.910708192102277 ], [ -7.438171393467594, 54.90989742081711 ], [ -7.439793529404782, 54.906015419333272 ] ] ], [ [ [ -7.421053126783762, 54.908595645966969 ], [ -7.425172528533921, 54.909918903133658 ], [ -7.42234488396491, 54.911479443838338 ], [ -7.420578558889139, 54.91096188894857 ], [ -7.421053126783762, 54.908595645966969 ] ] ], [ [ [ -7.433018449067012, 54.937095943169133 ], [ -7.430793258876867, 54.937364713438598 ], [ -7.42826252607907, 54.936568514896166 ], [ -7.433018449067012, 54.937095943169133 ] ] ], [ [ [ -7.412613704985691, 54.937268894621496 ], [ -7.410508552305779, 54.938633160366315 ], [ -7.408643782309333, 54.936549620006033 ], [ -7.412613704985691, 54.937268894621496 ] ] ], [ [ [ -7.348309127327665, 54.123212752753645 ], [ -7.348777267988276, 54.124652732975022 ], [ -7.348408158130723, 54.124888190464709 ], [ -7.34800182233615, 54.125018053810152 ], [ -7.344833793783141, 54.122528614943555 ], [ -7.348309127327665, 54.123212752753645 ] ] ], [ [ [ -7.330125409509359, 54.126442088477042 ], [ -7.329723014342687, 54.124532040347354 ], [ -7.335198631366847, 54.125551215238708 ], [ -7.330125409509359, 54.126442088477042 ] ] ], [ [ [ -7.345402426398529, 54.143728813604234 ], [ -7.345229507718781, 54.140492866880443 ], [ -7.347894981212508, 54.14342435476356 ], [ -7.345402426398529, 54.143728813604234 ] ] ], [ [ [ -7.313690279550693, 54.165117022105733 ], [ -7.31610092616449, 54.163319002142643 ], [ -7.318264729411283, 54.163847190904832 ], [ -7.313690279550693, 54.165117022105733 ] ] ], [ [ [ -7.401344214692686, 54.177391997377093 ], [ -7.400240668187641, 54.176428859499914 ], [ -7.40092677610789, 54.177660811917249 ], [ -7.396176380005059, 54.174711174001068 ], [ -7.398941718840984, 54.174096509529321 ], [ -7.39960673709097, 54.175290594040611 ], [ -7.40168630366458, 54.176238595147915 ], [ -7.401344214692686, 54.177391997377093 ] ] ], [ [ [ -7.387103427210548, 54.180773086797771 ], [ -7.384725013698941, 54.178934150723066 ], [ -7.391317653657736, 54.179326043443254 ], [ -7.387103427210548, 54.180773086797771 ] ] ], [ [ [ -7.391358615490294, 54.230177903116342 ], [ -7.387852413162657, 54.230741279711189 ], [ -7.387086588819861, 54.23015505588959 ], [ -7.391358615490294, 54.230177903116342 ] ] ], [ [ [ -7.364042667707781, 54.229849250455672 ], [ -7.362510268293185, 54.232875048635371 ], [ -7.362175964897931, 54.230185620978396 ], [ -7.364042667707781, 54.229849250455672 ] ] ], [ [ [ -7.362872409178073, 54.235301659324939 ], [ -7.361008965148788, 54.232480043692966 ], [ -7.365422336200104, 54.234438812458684 ], [ -7.362872409178073, 54.235301659324939 ] ] ], [ [ [ -7.328732697556284, 54.235370400399844 ], [ -7.330909878576916, 54.232957315393492 ], [ -7.331165335706145, 54.236675539251586 ], [ -7.328732697556284, 54.235370400399844 ] ] ], [ [ [ -7.356773142637009, 54.237893053368204 ], [ -7.355790962058335, 54.233874584808426 ], [ -7.359111171578734, 54.233927556731516 ], [ -7.356773142637009, 54.237893053368204 ] ] ], [ [ [ -7.373560060968064, 54.25375021504199 ], [ -7.37200965233308, 54.251724292985244 ], [ -7.376721328631398, 54.251989741401935 ], [ -7.377845407401495, 54.253243129484858 ], [ -7.373560060968064, 54.25375021504199 ] ] ], [ [ [ -7.383900797852678, 54.25815868528322 ], [ -7.386036521032361, 54.259558271369556 ], [ -7.383676725011781, 54.260855703487763 ], [ -7.384414338856796, 54.262106095730417 ], [ -7.381997117798171, 54.262881763257532 ], [ -7.380318928924107, 54.260408775896664 ], [ -7.382377500934119, 54.258653277761681 ], [ -7.383649830178407, 54.260810111758097 ], [ -7.383900797852678, 54.25815868528322 ] ] ], [ [ [ -7.395001559759085, 54.261838606373679 ], [ -7.391913085108053, 54.260734195313269 ], [ -7.395176395312152, 54.259458609556965 ], [ -7.395001559759085, 54.261838606373679 ] ] ], [ [ [ -7.361687234340838, 54.267988378488106 ], [ -7.362011619943577, 54.271395026275847 ], [ -7.35839192593095, 54.269281781021348 ], [ -7.361687234340838, 54.267988378488106 ] ] ], [ [ [ -7.372795836142268, 54.272566066610239 ], [ -7.372170971879823, 54.270120122043636 ], [ -7.37451628444132, 54.270453611409224 ], [ -7.372795836142268, 54.272566066610239 ] ] ], [ [ [ -7.348259814133609, 54.275061063407428 ], [ -7.347997720541, 54.272952747030217 ], [ -7.351870831706228, 54.273747651065072 ], [ -7.348259814133609, 54.275061063407428 ] ] ], [ [ [ -7.370698609702939, 54.276066657770336 ], [ -7.368578354105471, 54.27571050167834 ], [ -7.370079088494736, 54.273058972132503 ], [ -7.371965439225463, 54.27478427587257 ], [ -7.370698609702939, 54.276066657770336 ] ] ], [ [ [ -7.319134389838155, 54.279776938208961 ], [ -7.313992757814122, 54.278496968805371 ], [ -7.315781127728078, 54.276675026910105 ], [ -7.319244350726158, 54.277511956081902 ], [ -7.319134389838155, 54.279776938208961 ] ] ], [ [ [ -7.333193916719031, 54.280500512849009 ], [ -7.331478819342461, 54.278777365432489 ], [ -7.334366347903472, 54.277854820695502 ], [ -7.335530902100444, 54.278971318168082 ], [ -7.333193916719031, 54.280500512849009 ] ] ], [ [ [ -7.336071831513387, 54.294019303267014 ], [ -7.332443880868196, 54.290440933418211 ], [ -7.338786643892553, 54.291348905055266 ], [ -7.336071831513387, 54.294019303267014 ] ] ], [ [ [ -7.312607470238701, 54.301254473975654 ], [ -7.315976752470323, 54.301857888859352 ], [ -7.314432188626852, 54.301085188968194 ], [ -7.318131999233223, 54.300839093314991 ], [ -7.318741973484143, 54.302364476657949 ], [ -7.317281629867126, 54.302510680666401 ], [ -7.312607470238701, 54.301254473975654 ] ] ], [ [ [ -7.341052354434086, 54.338456663576586 ], [ -7.339026361644556, 54.337165313283705 ], [ -7.342704429423236, 54.337710675842551 ], [ -7.341052354434086, 54.338456663576586 ] ] ], [ [ [ -7.400007135658602, 54.438451619178785 ], [ -7.396632669252695, 54.437356783774121 ], [ -7.398511111327292, 54.436108464347868 ], [ -7.401553614658341, 54.438087420493837 ], [ -7.400007135658602, 54.438451619178785 ] ] ], [ [ [ -7.370827467267159, 54.455938529014418 ], [ -7.370418052095689, 54.455245782117423 ], [ -7.370833314716768, 54.455412761771257 ], [ -7.370827467267159, 54.455938529014418 ] ] ], [ [ [ -7.37116336553722, 54.459156369583177 ], [ -7.370143190589271, 54.456266554057144 ], [ -7.372605842306823, 54.457879898442052 ], [ -7.37116336553722, 54.459156369583177 ] ] ], [ [ [ -7.349952553905078, 54.474118394739087 ], [ -7.347329423182534, 54.472635416167194 ], [ -7.349848702642933, 54.472067600537777 ], [ -7.349952553905078, 54.474118394739087 ] ] ], [ [ [ -7.380606770673261, 54.489696493514764 ], [ -7.376957523267187, 54.488788183670053 ], [ -7.381429169316966, 54.487498170765768 ], [ -7.380606770673261, 54.489696493514764 ] ] ], [ [ [ -7.319939445501363, 54.508393212106618 ], [ -7.319064560362584, 54.505708637097641 ], [ -7.321989873585511, 54.507760732260429 ], [ -7.319939445501363, 54.508393212106618 ] ] ], [ [ [ -7.39915671123425, 54.54985772588433 ], [ -7.395661329418814, 54.550314472974144 ], [ -7.397497707617841, 54.548728505738929 ], [ -7.399746443337069, 54.54858795622215 ], [ -7.39915671123425, 54.54985772588433 ] ] ], [ [ [ -7.31523469685496, 54.580075916473803 ], [ -7.317168817718434, 54.577835477024983 ], [ -7.318764916839306, 54.578920393707904 ], [ -7.31523469685496, 54.580075916473803 ] ] ], [ [ [ -7.36220286577577, 54.606062986020255 ], [ -7.360299691782354, 54.60317707831085 ], [ -7.363960452906766, 54.6028723717777 ], [ -7.36220286577577, 54.606062986020255 ] ] ], [ [ [ -7.390327578246617, 54.628730554167795 ], [ -7.386324492350857, 54.6268388571103 ], [ -7.390780368579255, 54.62815562934707 ], [ -7.390327578246617, 54.628730554167795 ] ] ], [ [ [ -7.353968376804017, 54.641053601100744 ], [ -7.358489248860671, 54.638234068221941 ], [ -7.359467897454556, 54.639797471252962 ], [ -7.353968376804017, 54.641053601100744 ] ] ], [ [ [ -7.353807531579974, 54.641471144685902 ], [ -7.353483908976302, 54.641470174024406 ], [ -7.353962897558004, 54.641067823756053 ], [ -7.353807531579974, 54.641471144685902 ] ] ], [ [ [ -7.320266926972813, 54.653152546074502 ], [ -7.323528133884681, 54.653100145490207 ], [ -7.320460314995262, 54.654106222654733 ], [ -7.320266926972813, 54.653152546074502 ] ] ], [ [ [ -7.398205418691495, 54.660475122086673 ], [ -7.402390498329003, 54.658784213484999 ], [ -7.401131582071157, 54.661284738760365 ], [ -7.398205418691495, 54.660475122086673 ] ] ], [ [ [ -7.397097513055392, 54.673556092303293 ], [ -7.392610210555076, 54.671050038463711 ], [ -7.395653775943343, 54.670877025875988 ], [ -7.397097513055392, 54.673556092303293 ] ] ], [ [ [ -7.37857991815808, 54.674425489255228 ], [ -7.373431966209822, 54.67493795379022 ], [ -7.3724182281312, 54.674218096888154 ], [ -7.37857991815808, 54.674425489255228 ] ] ], [ [ [ -7.369599369280503, 54.678554320690488 ], [ -7.369522026504857, 54.678436181988452 ], [ -7.369631096047116, 54.678417452107254 ], [ -7.369599369280503, 54.678554320690488 ] ] ], [ [ [ -7.367974032954776, 54.680481851248892 ], [ -7.370646466332821, 54.681516232920842 ], [ -7.367489871329847, 54.681276598410037 ], [ -7.367974032954776, 54.680481851248892 ] ] ], [ [ [ -7.394766709112134, 54.694030815317682 ], [ -7.393711160276226, 54.697216561194892 ], [ -7.392411963981816, 54.692696917065618 ], [ -7.394766709112134, 54.694030815317682 ] ] ], [ [ [ -7.33699265213721, 54.710852894813883 ], [ -7.33472757796711, 54.709941233097119 ], [ -7.336443950013514, 54.708461257633672 ], [ -7.339570517893739, 54.708732175948896 ], [ -7.33699265213721, 54.710852894813883 ] ] ], [ [ [ -7.327128833932755, 54.722864928277794 ], [ -7.326472963772549, 54.724695666847772 ], [ -7.324307973384966, 54.723749655828939 ], [ -7.327128833932755, 54.722864928277794 ] ] ], [ [ [ -7.354491897895091, 54.735460648409457 ], [ -7.35472126532886, 54.732699855881229 ], [ -7.356896562124585, 54.734072355621606 ], [ -7.354491897895091, 54.735460648409457 ] ] ], [ [ [ -7.379521194465347, 54.735745633373064 ], [ -7.375963570310306, 54.734374514204468 ], [ -7.378396259661408, 54.733076087325884 ], [ -7.380047015983481, 54.735650300975109 ], [ -7.379521194465347, 54.735745633373064 ] ] ], [ [ [ -7.376431016003388, 54.796561174437521 ], [ -7.374388328381171, 54.791206644661699 ], [ -7.377580846637206, 54.796511215443282 ], [ -7.376431016003388, 54.796561174437521 ] ] ], [ [ [ -7.372156852014555, 54.795828084475183 ], [ -7.374424316577791, 54.793684960620084 ], [ -7.376431016003388, 54.796561174437521 ], [ -7.372156852014555, 54.795828084475183 ] ] ], [ [ [ -7.374515409448813, 54.808820865055118 ], [ -7.376573610236385, 54.806870319291889 ], [ -7.380009334707309, 54.809137218561965 ], [ -7.374515409448813, 54.808820865055118 ] ] ], [ [ [ -7.399336392650805, 54.8100056218017 ], [ -7.39473154982393, 54.810418136487407 ], [ -7.394794283475069, 54.808890933097352 ], [ -7.399336392650805, 54.8100056218017 ] ] ], [ [ [ -7.395450833229912, 54.811826181762157 ], [ -7.391076082711438, 54.812451071936387 ], [ -7.392927191112133, 54.810324720548707 ], [ -7.395450833229912, 54.811826181762157 ] ] ], [ [ [ -7.399882274156933, 54.820988657611473 ], [ -7.395452055886976, 54.81978876225697 ], [ -7.399797484192659, 54.818723225252604 ], [ -7.399882274156933, 54.820988657611473 ] ] ], [ [ [ -7.389360741513728, 54.824064726966618 ], [ -7.385143946456889, 54.823312497194415 ], [ -7.390758581678541, 54.822797264402205 ], [ -7.389360741513728, 54.824064726966618 ] ] ], [ [ [ -7.37417255076415, 54.825054688873074 ], [ -7.374173293251221, 54.825052831856816 ], [ -7.370395033457499, 54.823748947424392 ], [ -7.374354486672119, 54.823797033645739 ], [ -7.378187672221587, 54.823479022686236 ], [ -7.376727174958349, 54.825787902189504 ], [ -7.375995859570421, 54.829114785400016 ], [ -7.373070896939685, 54.827810008317314 ], [ -7.373312544699105, 54.827205629014671 ], [ -7.370311460154988, 54.826041115595814 ], [ -7.37417255076415, 54.825054688873074 ] ], [ [ -7.374365365823407, 54.823894240214905 ], [ -7.37417821539539, 54.825040644722712 ], [ -7.376727174958349, 54.825787902189504 ], [ -7.374365365823407, 54.823894240214905 ] ] ], [ [ [ -7.317034430420844, 54.825457645010772 ], [ -7.313684392092873, 54.823687868383686 ], [ -7.316950082935092, 54.823973621453057 ], [ -7.317034430420844, 54.825457645010772 ] ] ], [ [ [ -7.380901748128259, 54.823501948143267 ], [ -7.382915719923394, 54.825569818193728 ], [ -7.379296997660373, 54.82682749051439 ], [ -7.379054869598743, 54.827400346310156 ], [ -7.378187672221587, 54.823479022686236 ], [ -7.380781292213614, 54.823315767289387 ], [ -7.38041900537029, 54.824172909235394 ], [ -7.380901748128259, 54.823501948143267 ] ] ], [ [ [ -7.358571438918375, 54.826673992575429 ], [ -7.353505371329503, 54.826108127511681 ], [ -7.352598550076417, 54.824438966112652 ], [ -7.358571438918375, 54.826673992575429 ] ] ], [ [ [ -7.393763677348472, 54.827523354556178 ], [ -7.391045883537607, 54.82708512833149 ], [ -7.393532252060634, 54.824333031838094 ], [ -7.39620916546951, 54.825478657311365 ], [ -7.393763677348472, 54.827523354556178 ] ] ], [ [ [ -7.33456597015817, 54.828297183250278 ], [ -7.331426505486601, 54.828801566386964 ], [ -7.332294504122893, 54.826475105330559 ], [ -7.33456597015817, 54.828297183250278 ] ] ], [ [ [ -7.358802494121064, 54.832676238324623 ], [ -7.3577898479809, 54.829242818777978 ], [ -7.360158628159131, 54.829348728827689 ], [ -7.358802494121064, 54.832676238324623 ] ] ], [ [ [ -7.372764103977071, 54.834087031376676 ], [ -7.370693425004518, 54.832170895839212 ], [ -7.374024339940765, 54.832350446936644 ], [ -7.372764103977071, 54.834087031376676 ] ] ], [ [ [ -7.360864702741444, 54.833754453453359 ], [ -7.359862445809452, 54.836001484175931 ], [ -7.358413737906162, 54.833595061176844 ], [ -7.360864702741444, 54.833754453453359 ] ] ], [ [ [ -7.369897958053824, 54.839400580176346 ], [ -7.370084790838201, 54.836170530354323 ], [ -7.373089450207561, 54.838764481897037 ], [ -7.369897958053824, 54.839400580176346 ] ] ], [ [ [ -7.320603801458921, 54.840086417753746 ], [ -7.323147920779595, 54.841218134304221 ], [ -7.32314766098761, 54.841216172838486 ], [ -7.323379314928221, 54.841214912563082 ], [ -7.325830588647581, 54.842948951768811 ], [ -7.323629692284277, 54.844855576381562 ], [ -7.323170030728903, 54.841385067506287 ], [ -7.320126451715664, 54.843351090192449 ], [ -7.320603801458921, 54.840086417753746 ] ] ], [ [ [ -7.393889455034702, 54.843711720657097 ], [ -7.396311081909031, 54.841780285682688 ], [ -7.397899160830814, 54.845546387054618 ], [ -7.393889455034702, 54.843711720657097 ] ] ], [ [ [ -7.336476741911773, 54.84685665419444 ], [ -7.335233697009927, 54.843795651601816 ], [ -7.337334451680871, 54.844460739379777 ], [ -7.336476741911773, 54.84685665419444 ] ] ], [ [ [ -7.375584208283658, 54.847206756487573 ], [ -7.372655804573475, 54.845628348188029 ], [ -7.376494238469338, 54.845907627851687 ], [ -7.375584208283658, 54.847206756487573 ] ] ], [ [ [ -7.379545524468329, 54.848521744168764 ], [ -7.384016325932689, 54.847395455699129 ], [ -7.38544350253588, 54.847829886778307 ], [ -7.379545524468329, 54.848521744168764 ] ] ], [ [ [ -7.333153315253771, 54.849586949024371 ], [ -7.331021536745236, 54.846813610209715 ], [ -7.334865292691913, 54.848288948458169 ], [ -7.333153315253771, 54.849586949024371 ] ] ], [ [ [ -7.381768250660235, 54.853636611195789 ], [ -7.377440274208653, 54.853966330212749 ], [ -7.378164445825321, 54.852081313030979 ], [ -7.381424735513145, 54.85212449976634 ], [ -7.381768250660235, 54.853636611195789 ] ] ], [ [ [ -7.37853114926262, 54.856367371472864 ], [ -7.377243267667562, 54.85505469424961 ], [ -7.382768575064447, 54.856238068619682 ], [ -7.37853114926262, 54.856367371472864 ] ] ], [ [ [ -7.374256228863442, 54.857905809783638 ], [ -7.368109315675398, 54.856988955054469 ], [ -7.374009269434387, 54.856207143421265 ], [ -7.374256228863442, 54.857905809783638 ] ] ], [ [ [ -7.388738187219963, 54.869091207542475 ], [ -7.391133934846555, 54.867527616740311 ], [ -7.391742541252469, 54.869783103862154 ], [ -7.388667534878945, 54.871630462034908 ], [ -7.388738187219963, 54.869091207542475 ] ] ], [ [ [ -7.352339033113059, 54.876605592728104 ], [ -7.34930059814462, 54.874126054674853 ], [ -7.352981492315837, 54.874918489241182 ], [ -7.352339033113059, 54.876605592728104 ] ] ], [ [ [ -7.373513686400935, 54.875079191422728 ], [ -7.371410291190251, 54.876753301793798 ], [ -7.370688294677186, 54.8766671167051 ], [ -7.373513686400935, 54.875079191422728 ] ] ], [ [ [ -7.347596305823372, 54.877727116386282 ], [ -7.345992680951106, 54.879223197815399 ], [ -7.344492007949169, 54.876496415838659 ], [ -7.347596305823372, 54.877727116386282 ] ] ], [ [ [ -7.356316397143959, 54.878044347850917 ], [ -7.36201654511659, 54.878254091827273 ], [ -7.361376123873059, 54.880205449175911 ], [ -7.356316397143959, 54.878044347850917 ] ] ], [ [ [ -7.367016321847859, 54.885034728987534 ], [ -7.35960611743211, 54.885123148171132 ], [ -7.360557693038105, 54.886934960219207 ], [ -7.358059731871336, 54.886887785167303 ], [ -7.355430958608891, 54.885972405761471 ], [ -7.359513472443737, 54.884946750935782 ], [ -7.359558512409183, 54.885032507602439 ], [ -7.360406708488203, 54.883906854024787 ], [ -7.367016321847859, 54.885034728987534 ] ] ], [ [ [ -7.395706111342386, 54.884333151086324 ], [ -7.393019851620673, 54.885606167003225 ], [ -7.393633037474669, 54.8842129914146 ], [ -7.395706111342386, 54.884333151086324 ] ] ], [ [ [ -7.403814833595537, 54.886355373676089 ], [ -7.399103347546022, 54.886135703472746 ], [ -7.39932582653076, 54.883760238651163 ], [ -7.403814833595537, 54.886355373676089 ] ] ], [ [ [ -7.391528872075782, 54.887086750159931 ], [ -7.39526577777824, 54.88823038559967 ], [ -7.392655324902949, 54.888617030284479 ], [ -7.391528872075782, 54.887086750159931 ] ] ], [ [ [ -7.339760468788628, 54.8876388524234 ], [ -7.337210728071893, 54.889105545974367 ], [ -7.337193258817772, 54.887023504208692 ], [ -7.339760468788628, 54.8876388524234 ] ] ], [ [ [ -7.397005231647822, 54.888899903972941 ], [ -7.399536148105945, 54.887031172253245 ], [ -7.400674367821735, 54.889227346870292 ], [ -7.397005231647822, 54.888899903972941 ] ] ], [ [ [ -7.360595784618405, 54.888730697976946 ], [ -7.354730507584758, 54.889769952198918 ], [ -7.358059731871336, 54.886887785167303 ], [ -7.360476693466843, 54.887794222584198 ], [ -7.360595784618405, 54.888730697976946 ] ] ], [ [ [ -7.355387212300203, 54.89075645251534 ], [ -7.356661707427533, 54.890842323832665 ], [ -7.351479670748293, 54.891159593400751 ], [ -7.353129633881609, 54.890700197734624 ], [ -7.353039226311672, 54.890697704279106 ], [ -7.347817371972113, 54.889506947827236 ], [ -7.34928074224022, 54.887558383303116 ], [ -7.355387212300203, 54.89075645251534 ] ] ], [ [ [ -7.397005231647822, 54.888899903972941 ], [ -7.402296940327557, 54.889476812371811 ], [ -7.396026630232479, 54.890138418282653 ], [ -7.395497589026776, 54.888383164893682 ], [ -7.397005231647822, 54.888899903972941 ] ] ], [ [ [ -7.396288222737862, 54.890153651541873 ], [ -7.401778193143628, 54.891157409718367 ], [ -7.396266824573153, 54.891127500576296 ], [ -7.396288222737862, 54.890153651541873 ] ] ], [ [ [ -7.367732050644292, 54.891398973068732 ], [ -7.371878814422649, 54.892569335675304 ], [ -7.369674839524518, 54.893335074042866 ], [ -7.366165297775813, 54.891929776550008 ], [ -7.367732050644292, 54.891398973068732 ] ] ], [ [ [ -7.338069423910707, 54.907121974905337 ], [ -7.336634464323777, 54.909873316084969 ], [ -7.334237200660042, 54.909582708889879 ], [ -7.335419263555226, 54.906957758886435 ], [ -7.335425678697757, 54.906958156397913 ], [ -7.337130329051495, 54.903650002141376 ], [ -7.338893352910296, 54.904880668847511 ], [ -7.338069423910707, 54.907121974905337 ] ] ], [ [ [ -7.328795356087966, 54.911131956827106 ], [ -7.33128555669044, 54.908288779064222 ], [ -7.33457227294766, 54.905197216176624 ], [ -7.335706540035523, 54.905097472503336 ], [ -7.334237200660042, 54.909582708889879 ], [ -7.333482168318904, 54.910798451385297 ], [ -7.328795356087966, 54.911131956827106 ] ] ], [ [ [ -7.318123944497502, 54.908935236784743 ], [ -7.319781617406253, 54.906991061235985 ], [ -7.320813893164466, 54.908576332772206 ], [ -7.318123944497502, 54.908935236784743 ] ] ], [ [ [ -7.397818528839902, 54.913275296215836 ], [ -7.400408874197713, 54.910902157324259 ], [ -7.401822636806711, 54.911460865738988 ], [ -7.397818528839902, 54.913275296215836 ] ] ], [ [ [ -7.376863342314859, 54.91539576033427 ], [ -7.379106264525962, 54.913303696247162 ], [ -7.38188193290232, 54.914350052198138 ], [ -7.38081463361315, 54.913796249362434 ], [ -7.382447240331241, 54.912208656032632 ], [ -7.384530019343639, 54.913124444744447 ], [ -7.383504420254948, 54.914961688412056 ], [ -7.384879966559126, 54.915480234169713 ], [ -7.378668080870939, 54.917591215142615 ], [ -7.374950431793581, 54.917469677088548 ], [ -7.376863342314859, 54.91539576033427 ] ] ], [ [ [ -7.334305253320007, 54.914935073201661 ], [ -7.329411708026209, 54.912931930727403 ], [ -7.335497176821661, 54.913684001735227 ], [ -7.334305253320007, 54.914935073201661 ] ] ], [ [ [ -7.321559541663767, 54.915583182488895 ], [ -7.328216863250051, 54.915620182072836 ], [ -7.326841142559237, 54.916208726601219 ], [ -7.32736661672442, 54.916322247063242 ], [ -7.3229946154709, 54.921286338143275 ], [ -7.319782541405911, 54.919890570968846 ], [ -7.323613421337975, 54.917589572056698 ], [ -7.322374544877147, 54.918119573507738 ], [ -7.321559541663767, 54.915583182488895 ] ] ], [ [ [ -7.335835467298824, 54.918643448650883 ], [ -7.328062851493369, 54.916476455132319 ], [ -7.336827341272933, 54.915818317716472 ], [ -7.335835467298824, 54.918643448650883 ] ] ], [ [ [ -7.382366742122599, 54.919616038191322 ], [ -7.378566137815158, 54.917860480675266 ], [ -7.384879966559126, 54.915480234169713 ], [ -7.386055218582135, 54.915761323510999 ], [ -7.382366742122599, 54.919616038191322 ] ] ], [ [ [ -7.330462562765585, 54.919518115020445 ], [ -7.326877127353123, 54.919533942804783 ], [ -7.327919414728084, 54.916432759566142 ], [ -7.330838215113311, 54.918332573901274 ], [ -7.330462562765585, 54.919518115020445 ] ] ], [ [ [ -7.382366742122599, 54.919616038191322 ], [ -7.380128583999817, 54.921114779258168 ], [ -7.378386825289571, 54.917835562927408 ], [ -7.382366742122599, 54.919616038191322 ] ] ], [ [ [ -7.367386107126444, 54.926273252474132 ], [ -7.361960745187512, 54.926046608526086 ], [ -7.367260035433068, 54.924893552983768 ], [ -7.367386107126444, 54.926273252474132 ] ] ], [ [ [ -7.315337247376421, 54.92767289872711 ], [ -7.320474505372903, 54.927528426203025 ], [ -7.314669254153346, 54.929872890762205 ], [ -7.315337247376421, 54.92767289872711 ] ] ], [ [ [ -7.382150836238859, 54.936405926946492 ], [ -7.381803533962359, 54.938893027876674 ], [ -7.379543435771478, 54.937779795010776 ], [ -7.382150836238859, 54.936405926946492 ] ] ], [ [ [ -7.381617072342344, 54.941928686339324 ], [ -7.386205463421678, 54.944367769641033 ], [ -7.38331056610092, 54.946752507801392 ], [ -7.378096157180598, 54.944501035689257 ], [ -7.381617072342344, 54.941928686339324 ] ] ], [ [ [ -7.352124834770647, 54.94642554675994 ], [ -7.349505106177037, 54.944798852023567 ], [ -7.353428449396461, 54.943703585607743 ], [ -7.352124834770647, 54.94642554675994 ] ] ], [ [ [ -7.359494142430471, 54.947721841730996 ], [ -7.362121698526836, 54.949357568044263 ], [ -7.367144971618339, 54.947575000109637 ], [ -7.363348036152161, 54.95012099712023 ], [ -7.360667930883753, 54.951710225619983 ], [ -7.359494142430471, 54.947721841730996 ] ] ], [ [ [ -7.362746439350943, 54.960353774632942 ], [ -7.357220851015711, 54.960159783364745 ], [ -7.357429320235383, 54.958988427004961 ], [ -7.362746439350943, 54.960353774632942 ] ] ], [ [ [ -7.377128191043986, 54.969552353697871 ], [ -7.374807525211946, 54.968253343690684 ], [ -7.376673021136392, 54.966706219686237 ], [ -7.379704736940311, 54.968030872480007 ], [ -7.377128191043986, 54.969552353697871 ] ] ], [ [ [ -7.364898077057549, 54.970352791165134 ], [ -7.364737590856901, 54.967364932691552 ], [ -7.366413623950728, 54.967572462563353 ], [ -7.364898077057549, 54.970352791165134 ] ] ], [ [ [ -7.359789542464573, 54.975321058020803 ], [ -7.357597440386624, 54.974192377662192 ], [ -7.359891442963828, 54.97287113600111 ], [ -7.359789542464573, 54.975321058020803 ] ] ], [ [ [ -7.385359459220863, 54.975487758372886 ], [ -7.378380432367635, 54.977248410784327 ], [ -7.378379819456023, 54.976898661739824 ], [ -7.385359459220863, 54.975487758372886 ] ] ], [ [ [ -7.395524958955101, 54.977620656743184 ], [ -7.389207550351333, 54.977645867683954 ], [ -7.389522828878234, 54.975757451791104 ], [ -7.395524958955101, 54.977620656743184 ] ] ], [ [ [ -7.399580234120699, 54.982280986927165 ], [ -7.403734572405395, 54.985045864029409 ], [ -7.401255030436785, 54.986578145461984 ], [ -7.397914731644031, 54.984219130732342 ], [ -7.399580234120699, 54.982280986927165 ] ] ], [ [ [ -7.392764328153833, 54.986328637175397 ], [ -7.391378600200633, 54.987826474743123 ], [ -7.384352141774396, 54.989719027797946 ], [ -7.392764328153833, 54.986328637175397 ] ] ], [ [ [ -7.398808646404795, 55.003697946923992 ], [ -7.396919672657318, 55.005544925354172 ], [ -7.393623364133686, 55.003673673996218 ], [ -7.392256909669297, 55.002479908491779 ], [ -7.395025838949643, 55.001157506512399 ], [ -7.397250618416682, 55.002641830401842 ], [ -7.398808646404795, 55.003697946923992 ] ] ], [ [ [ -7.380235834768778, 55.004181608007734 ], [ -7.376791173125523, 55.002275014721484 ], [ -7.381326380344186, 55.00174477225687 ], [ -7.38235590090245, 55.002978441685542 ], [ -7.380235834768778, 55.004181608007734 ] ] ], [ [ [ -7.34603854012988, 55.008338306937596 ], [ -7.340495629681742, 55.005646898066935 ], [ -7.344194007841192, 55.005962840665468 ], [ -7.34603854012988, 55.008338306937596 ] ] ], [ [ [ -7.362409250383211, 55.013287379928357 ], [ -7.358307808268698, 55.015878197075004 ], [ -7.357609831860631, 55.014871973734216 ], [ -7.362409250383211, 55.013287379928357 ] ] ], [ [ [ -7.386795646559302, 55.017238711670487 ], [ -7.383346864637837, 55.017194963709123 ], [ -7.390157747104436, 55.01362000139234 ], [ -7.390712407773738, 55.013854333771818 ], [ -7.386795646559302, 55.017238711670487 ] ] ], [ [ [ -7.352267109760384, 55.017243684050662 ], [ -7.347581685633114, 55.017207257774068 ], [ -7.353345964722671, 55.017027282181559 ], [ -7.352267109760384, 55.017243684050662 ] ] ], [ [ [ -7.316485668472986, 55.037350609840601 ], [ -7.314077460709031, 55.040581193170773 ], [ -7.312552014241801, 55.038318945382706 ], [ -7.316485668472986, 55.037350609840601 ] ] ], [ [ [ -7.271213054248027, 54.135612106919254 ], [ -7.272495965932439, 54.133041247380866 ], [ -7.273974246858894, 54.134309762207238 ], [ -7.271213054248027, 54.135612106919254 ] ] ], [ [ [ -7.279582922535306, 54.154720893036348 ], [ -7.277773963243127, 54.153260268000238 ], [ -7.2802037693848, 54.151677326110246 ], [ -7.281563057630803, 54.153926469900888 ], [ -7.279582922535306, 54.154720893036348 ] ] ], [ [ [ -7.26768451705437, 54.157112917057155 ], [ -7.276950477456543, 54.152646126683152 ], [ -7.277773963243127, 54.153260268000238 ], [ -7.26768451705437, 54.157112917057155 ] ] ], [ [ [ -7.262577233849932, 54.161169481758201 ], [ -7.257693031480636, 54.159978457137349 ], [ -7.265219490007471, 54.160148914713787 ], [ -7.262577233849932, 54.161169481758201 ] ] ], [ [ [ -7.260415820151697, 54.16352648655689 ], [ -7.258464404979716, 54.160821661553115 ], [ -7.263834884456533, 54.161536540022468 ], [ -7.260415820151697, 54.16352648655689 ] ] ], [ [ [ -7.28386302412169, 54.177602054129828 ], [ -7.280617168041293, 54.177677347070009 ], [ -7.280156544222414, 54.173314425789911 ], [ -7.283264858999113, 54.174951154964411 ], [ -7.28386302412169, 54.177602054129828 ] ] ], [ [ [ -7.255392562527226, 54.198598953168059 ], [ -7.25478612674131, 54.19986763276048 ], [ -7.251464414326618, 54.200091331107593 ], [ -7.251436002372443, 54.197407310876208 ], [ -7.255392562527226, 54.198598953168059 ] ] ], [ [ [ -7.235685144412224, 54.253931840083865 ], [ -7.236958772842458, 54.25156622798513 ], [ -7.238225183577361, 54.253372759117866 ], [ -7.235685144412224, 54.253931840083865 ] ] ], [ [ [ -7.290972361571626, 54.27309974806812 ], [ -7.287445316527627, 54.271102507397195 ], [ -7.291291667633098, 54.272382921123217 ], [ -7.290972361571626, 54.27309974806812 ] ] ], [ [ [ -7.273711546247518, 54.277411265851796 ], [ -7.274939795046369, 54.279814832693745 ], [ -7.27253554603949, 54.279312974069597 ], [ -7.273711546247518, 54.277411265851796 ] ] ], [ [ [ -7.261356605498902, 54.281131140621724 ], [ -7.258949880595723, 54.278359821387042 ], [ -7.263847075021249, 54.279225796067294 ], [ -7.261356605498902, 54.281131140621724 ] ] ], [ [ [ -7.266902768482749, 54.297342205990631 ], [ -7.263029266622013, 54.297028124554323 ], [ -7.264878793197192, 54.294308145162539 ], [ -7.26697467822901, 54.29561915381754 ], [ -7.266902768482749, 54.297342205990631 ] ] ], [ [ [ -7.241025751807961, 54.301351916161579 ], [ -7.236331367234787, 54.299178368271974 ], [ -7.241362446204385, 54.299749159610123 ], [ -7.241025751807961, 54.301351916161579 ] ] ], [ [ [ -7.311521970398967, 54.311066917679383 ], [ -7.307522657062903, 54.310455166676334 ], [ -7.311277731782591, 54.309229173467052 ], [ -7.311521970398967, 54.311066917679383 ] ] ], [ [ [ -7.306107851642848, 54.326742164854608 ], [ -7.303319829503116, 54.323660527693647 ], [ -7.305166937617013, 54.32349150994883 ], [ -7.306107851642848, 54.326742164854608 ] ] ], [ [ [ -7.299924853961046, 54.329311844035445 ], [ -7.298151476084871, 54.327145353500697 ], [ -7.301492206400056, 54.326128666957551 ], [ -7.305564671186441, 54.327761370713567 ], [ -7.299924853961046, 54.329311844035445 ] ] ], [ [ [ -7.301899776597323, 54.338919347330702 ], [ -7.301549597120663, 54.336609171312126 ], [ -7.30389875181433, 54.337789105393995 ], [ -7.301899776597323, 54.338919347330702 ] ] ], [ [ [ -7.259431458189749, 54.364364794200846 ], [ -7.256264862374034, 54.362842600129071 ], [ -7.259302218651585, 54.3613410289895 ], [ -7.259431458189749, 54.364364794200846 ] ] ], [ [ [ -7.274796794203061, 54.430358014472205 ], [ -7.273248568511794, 54.42720548500229 ], [ -7.276440676966826, 54.427035216105665 ], [ -7.277065082861288, 54.429846867697492 ], [ -7.274796794203061, 54.430358014472205 ] ] ], [ [ [ -7.264198324298768, 54.430582791899226 ], [ -7.262625410877392, 54.42855823849434 ], [ -7.266525223240466, 54.428705356223048 ], [ -7.266050140480031, 54.430883059688526 ], [ -7.264198324298768, 54.430582791899226 ] ] ], [ [ [ -7.27701566650232, 54.434465009318963 ], [ -7.276033498843552, 54.431951416301736 ], [ -7.279199438017975, 54.432792282379495 ], [ -7.2803025382551, 54.433919089604906 ], [ -7.27701566650232, 54.434465009318963 ] ] ], [ [ [ -7.247296743156482, 54.438108905682007 ], [ -7.24357250933857, 54.437156100435679 ], [ -7.241354217887067, 54.435695880587097 ], [ -7.244898719975985, 54.434709577238152 ], [ -7.246286392887907, 54.435386114386873 ], [ -7.247847716634962, 54.435574083946562 ], [ -7.247296743156482, 54.438108905682007 ] ] ], [ [ [ -7.252066203140697, 54.437805605499541 ], [ -7.248776872397257, 54.437030498770838 ], [ -7.252564774691702, 54.436169319208929 ], [ -7.252066203140697, 54.437805605499541 ] ] ], [ [ [ -7.258775070426016, 54.442793428231759 ], [ -7.254844605681371, 54.44134066278464 ], [ -7.260819372526805, 54.442351293556861 ], [ -7.26027092949007, 54.444324323222254 ], [ -7.257168258754943, 54.444666964514674 ], [ -7.258775070426016, 54.442793428231759 ] ] ], [ [ [ -7.220257454850245, 54.451510365010485 ], [ -7.215937033214369, 54.452105676583642 ], [ -7.219008583065192, 54.44971118328943 ], [ -7.220257454850245, 54.451510365010485 ] ] ], [ [ [ -7.242113783449137, 54.464546159088137 ], [ -7.238497147705854, 54.461573748838276 ], [ -7.241317920192929, 54.461711151966476 ], [ -7.242113783449137, 54.464546159088137 ] ] ], [ [ [ -7.253595297051799, 54.464546569841552 ], [ -7.252703183120873, 54.461766542171844 ], [ -7.25516051679068, 54.463570393728631 ], [ -7.253595297051799, 54.464546569841552 ] ] ], [ [ [ -7.247659883935811, 54.470205601716771 ], [ -7.244727077871338, 54.469819425572005 ], [ -7.246799852092589, 54.46659269054647 ], [ -7.249037863705361, 54.466716204113624 ], [ -7.247659883935811, 54.470205601716771 ] ] ], [ [ [ -7.302667177561, 54.485957154999134 ], [ -7.301623699062955, 54.48391836862681 ], [ -7.304795197521823, 54.483838832693813 ], [ -7.302667177561, 54.485957154999134 ] ] ], [ [ [ -7.256120888120789, 54.616311064844091 ], [ -7.256189708895882, 54.616084022821518 ], [ -7.253770189386257, 54.61409220689594 ], [ -7.256387975390893, 54.613232871952256 ], [ -7.256467507641355, 54.615167555534505 ], [ -7.2565898872246, 54.614763821225147 ], [ -7.261692480754787, 54.615505519562006 ], [ -7.262027557463307, 54.617370615060047 ], [ -7.260523489941966, 54.618245486013869 ], [ -7.255572263585633, 54.618120995405398 ], [ -7.255709310969125, 54.617668871535912 ], [ -7.255267172386991, 54.618389975612402 ], [ -7.253796560906075, 54.616065539647742 ], [ -7.256120888120789, 54.616311064844091 ] ] ], [ [ [ -7.24411695186986, 54.631608199507575 ], [ -7.241965182092833, 54.630843231662311 ], [ -7.244239829075933, 54.628467632807855 ], [ -7.245653344939172, 54.628773426116872 ], [ -7.24411695186986, 54.631608199507575 ] ] ], [ [ [ -7.259151393359871, 54.637281712755268 ], [ -7.256727337155782, 54.636178957961988 ], [ -7.258948994266566, 54.634226152319407 ], [ -7.261060231637827, 54.634598390543211 ], [ -7.259151393359871, 54.637281712755268 ] ] ], [ [ [ -7.261376944806587, 54.63819877142565 ], [ -7.266927895950732, 54.635516828212339 ], [ -7.261666454535377, 54.638562968482148 ], [ -7.261376944806587, 54.63819877142565 ] ] ], [ [ [ -7.270083408447973, 54.656271568700994 ], [ -7.267722515113226, 54.65616635719384 ], [ -7.269741061229062, 54.65397222803562 ], [ -7.270083408447973, 54.656271568700994 ] ] ], [ [ [ -7.261546774706376, 54.694620981772985 ], [ -7.266900205621027, 54.693565998985534 ], [ -7.265587045695548, 54.695241776688107 ], [ -7.261546774706376, 54.694620981772985 ] ] ], [ [ [ -7.240955761544108, 54.704723100237494 ], [ -7.243871299865085, 54.706341662212601 ], [ -7.239013978491336, 54.706878682966718 ], [ -7.23760381442383, 54.704914605857738 ], [ -7.240955761544108, 54.704723100237494 ] ] ], [ [ [ -7.294096866050064, 54.714515626124452 ], [ -7.289316655026969, 54.712670148347961 ], [ -7.290108042186547, 54.709658397964581 ], [ -7.294781231240486, 54.711084628707987 ], [ -7.294096866050064, 54.714515626124452 ] ] ], [ [ [ -7.213446405667918, 54.714686106542793 ], [ -7.21273646993567, 54.712104238168678 ], [ -7.215400742391505, 54.711825414369699 ], [ -7.217052881038895, 54.712617919333908 ], [ -7.213446405667918, 54.714686106542793 ] ] ], [ [ [ -7.311516146147282, 54.713947590346237 ], [ -7.311083244258856, 54.715532848679047 ], [ -7.311142052474982, 54.715542155963526 ], [ -7.310630022266816, 54.716658005095468 ], [ -7.307748772041093, 54.715005118311176 ], [ -7.311082052399384, 54.715532660049362 ], [ -7.308748398574912, 54.713412884291721 ], [ -7.311516146147282, 54.713947590346237 ] ] ], [ [ [ -7.225701857584107, 54.716106383845357 ], [ -7.221591939220303, 54.715279549570432 ], [ -7.228166318756081, 54.714567760788341 ], [ -7.225701857584107, 54.716106383845357 ] ] ], [ [ [ -7.241554983217306, 54.720944787181857 ], [ -7.237263340504101, 54.7196120247905 ], [ -7.241938161585077, 54.719180172203011 ], [ -7.241554983217306, 54.720944787181857 ] ] ], [ [ [ -7.21264881245909, 54.723234266571879 ], [ -7.216744646357072, 54.721169943728931 ], [ -7.218584975664723, 54.722547308732388 ], [ -7.21264881245909, 54.723234266571879 ] ] ], [ [ [ -7.270908851511552, 54.72514463669448 ], [ -7.268252765708677, 54.724766848919089 ], [ -7.270028173006161, 54.720335994277043 ], [ -7.271083302861245, 54.720558577709326 ], [ -7.270908851511552, 54.72514463669448 ] ] ], [ [ [ -7.233246253287467, 54.72331029693084 ], [ -7.237539512193768, 54.722889091517111 ], [ -7.234919494230259, 54.724976520871103 ], [ -7.233246253287467, 54.72331029693084 ] ] ], [ [ [ -7.252674172623427, 54.725457278259618 ], [ -7.255652020904967, 54.72416085616495 ], [ -7.255603322658367, 54.725475306013422 ], [ -7.252674172623427, 54.725457278259618 ] ] ], [ [ [ -7.28984801580038, 54.73205218321398 ], [ -7.29371217565224, 54.73077548816638 ], [ -7.293488184586713, 54.732713345034753 ], [ -7.28984801580038, 54.73205218321398 ] ] ], [ [ [ -7.243636113059015, 54.736065261352032 ], [ -7.239991465103022, 54.735096069835194 ], [ -7.241653120529972, 54.733823046743481 ], [ -7.244743991486381, 54.735124294496053 ], [ -7.243636113059015, 54.736065261352032 ] ] ], [ [ [ -7.31332432729631, 54.753804696530793 ], [ -7.311446408514927, 54.754503448349041 ], [ -7.308525501396258, 54.752185093687416 ], [ -7.31332432729631, 54.753804696530793 ] ] ], [ [ [ -7.278215538195181, 54.755436092286331 ], [ -7.272714094518114, 54.754676003033566 ], [ -7.274817974090277, 54.753082766789213 ], [ -7.279460159300892, 54.754570693520805 ], [ -7.278215538195181, 54.755436092286331 ] ] ], [ [ [ -7.256630937528312, 54.797526203692954 ], [ -7.255874757527018, 54.800527613849574 ], [ -7.254429829829326, 54.798849657930155 ], [ -7.256630937528312, 54.797526203692954 ] ] ], [ [ [ -7.255272060624387, 54.807933237074543 ], [ -7.257920373145411, 54.80646878025884 ], [ -7.260621518442544, 54.807451616829653 ], [ -7.255272060624387, 54.807933237074543 ] ] ], [ [ [ -7.262729266420894, 54.808136601258759 ], [ -7.257920373145411, 54.80646878025884 ], [ -7.263971457438307, 54.806420702379576 ], [ -7.262729266420894, 54.808136601258759 ] ] ], [ [ [ -7.274436855322372, 54.820707016177529 ], [ -7.273099247280348, 54.817404864364754 ], [ -7.27621982766975, 54.818587029214342 ], [ -7.274436855322372, 54.820707016177529 ] ] ], [ [ [ -7.315617353153199, 54.832130382408984 ], [ -7.311090555535158, 54.831643229746476 ], [ -7.308864788807348, 54.830173893909269 ], [ -7.315617353153199, 54.832130382408984 ] ] ], [ [ [ -7.282828095046142, 54.831735903343237 ], [ -7.279876021949929, 54.831503648630118 ], [ -7.279658017490533, 54.830993081581518 ], [ -7.282828095046142, 54.831735903343237 ] ] ], [ [ [ -7.299588159973787, 54.835869811199096 ], [ -7.297979579525242, 54.833923428930916 ], [ -7.30192644131643, 54.834086688960213 ], [ -7.299588159973787, 54.835869811199096 ] ] ], [ [ [ -7.251148089839342, 54.836133189602478 ], [ -7.25050592019516, 54.834065090714148 ], [ -7.253364913875052, 54.835771421847404 ], [ -7.251148089839342, 54.836133189602478 ] ] ], [ [ [ -7.254104405852076, 54.840955525127626 ], [ -7.250676152801623, 54.839952099914768 ], [ -7.25593857858605, 54.839892623788693 ], [ -7.254104405852076, 54.840955525127626 ] ] ], [ [ [ -7.280063078623177, 54.846338400533014 ], [ -7.280333275603459, 54.843965319654146 ], [ -7.283562175578338, 54.845946814422412 ], [ -7.280063078623177, 54.846338400533014 ] ] ], [ [ [ -7.264187048691301, 54.848893511335035 ], [ -7.265930789618348, 54.846014209958405 ], [ -7.27014846772976, 54.847834803290503 ], [ -7.264187048691301, 54.848893511335035 ] ] ], [ [ [ -7.273124990610943, 54.847304452363701 ], [ -7.275951958109591, 54.846848067179593 ], [ -7.276605506936527, 54.847156115262138 ], [ -7.279146357853453, 54.848090433476585 ], [ -7.275680694855247, 54.850789189619768 ], [ -7.273204247254861, 54.850601365014256 ], [ -7.274437649061634, 54.849352011049326 ], [ -7.273124990610943, 54.847304452363701 ] ] ], [ [ [ -7.298315629551142, 54.849157254764563 ], [ -7.294320594826313, 54.849560091777541 ], [ -7.295148598790285, 54.847654496397219 ], [ -7.298196466507025, 54.84785446765602 ], [ -7.298315629551142, 54.849157254764563 ] ] ], [ [ [ -7.218265942059179, 54.852282619218599 ], [ -7.21549863928339, 54.852028278762866 ], [ -7.220532049922521, 54.850048915675877 ], [ -7.218265942059179, 54.852282619218599 ] ] ], [ [ [ -7.256590919828512, 54.851824873944892 ], [ -7.254881239009499, 54.850610439725493 ], [ -7.260267743357295, 54.850836692850919 ], [ -7.256590919828512, 54.851824873944892 ] ] ], [ [ [ -7.233092180011207, 54.85264508979202 ], [ -7.236519754042373, 54.850777941130588 ], [ -7.238287782551186, 54.851447691594664 ], [ -7.233092180011207, 54.85264508979202 ] ] ], [ [ [ -7.237382026620049, 54.861172757661471 ], [ -7.234149569765026, 54.861058094686001 ], [ -7.2351382113493, 54.858895626363676 ], [ -7.237806964997694, 54.860537166589502 ], [ -7.237382026620049, 54.861172757661471 ] ] ], [ [ [ -7.253117161756937, 54.864982213793745 ], [ -7.252877810951063, 54.861244095995026 ], [ -7.255632135573724, 54.862710122877758 ], [ -7.253117161756937, 54.864982213793745 ] ] ], [ [ [ -7.24650024235403, 54.865147826894251 ], [ -7.244129470567286, 54.863217865018619 ], [ -7.247622683854037, 54.861755386230243 ], [ -7.24650024235403, 54.865147826894251 ] ] ], [ [ [ -7.25914252757399, 54.864562913463786 ], [ -7.260930000912026, 54.86321324370077 ], [ -7.258253194032469, 54.866528897313074 ], [ -7.25914252757399, 54.864562913463786 ] ] ], [ [ [ -7.264505175722593, 54.866139783734639 ], [ -7.262423730137858, 54.863762428154942 ], [ -7.265020357028607, 54.865566312032705 ], [ -7.264505175722593, 54.866139783734639 ] ] ], [ [ [ -7.256727415186, 54.865741658857011 ], [ -7.256736593178509, 54.865762729792735 ], [ -7.25667586532401, 54.86572339617134 ], [ -7.256727415186, 54.865741658857011 ] ] ], [ [ [ -7.272907208049215, 54.869865156827728 ], [ -7.268974654200378, 54.86849288168878 ], [ -7.271994033936466, 54.867114762086096 ], [ -7.273129860506816, 54.868736150597201 ], [ -7.272907208049215, 54.869865156827728 ] ] ], [ [ [ -7.285748866476074, 54.874355325671338 ], [ -7.284588752273436, 54.872574231291701 ], [ -7.2877401747325, 54.871998830365833 ], [ -7.288531368366284, 54.873033385944829 ], [ -7.285748866476074, 54.874355325671338 ] ] ], [ [ [ -7.244194927188281, 54.878268573957257 ], [ -7.244280402808195, 54.876241970140811 ], [ -7.247817938723683, 54.876716896757813 ], [ -7.244194927188281, 54.878268573957257 ] ] ], [ [ [ -7.243673889395494, 54.880800067105866 ], [ -7.243423123490879, 54.878608575267322 ], [ -7.247154077938311, 54.879076011984168 ], [ -7.243673889395494, 54.880800067105866 ] ] ], [ [ [ -7.272213562604951, 54.882060813738505 ], [ -7.269621006171423, 54.879642724932978 ], [ -7.27477665040893, 54.880656223067341 ], [ -7.272213562604951, 54.882060813738505 ] ] ], [ [ [ -7.285264170189589, 54.882382445166023 ], [ -7.282255924178419, 54.882668556900036 ], [ -7.284508129344577, 54.880840318555165 ], [ -7.285264170189589, 54.882382445166023 ] ] ], [ [ [ -7.298308782938256, 54.887277481267866 ], [ -7.296369938186446, 54.884978495427738 ], [ -7.301297756028921, 54.885651617575242 ], [ -7.298308782938256, 54.887277481267866 ] ] ], [ [ [ -7.308907795568084, 54.88721369871103 ], [ -7.304447218893031, 54.887404566529739 ], [ -7.302919854995244, 54.886635883515233 ], [ -7.308907795568084, 54.88721369871103 ] ] ], [ [ [ -7.308460601912359, 54.888930875267199 ], [ -7.301306423827814, 54.887770762967257 ], [ -7.308691827963126, 54.888287696053169 ], [ -7.308460601912359, 54.888930875267199 ] ] ], [ [ [ -7.30813476805691, 54.890883265758319 ], [ -7.304073666174554, 54.888690618894138 ], [ -7.308430385318222, 54.889203865828733 ], [ -7.30813476805691, 54.890883265758319 ] ] ], [ [ [ -7.313139189408737, 54.891866789320467 ], [ -7.311667965557338, 54.889117886875262 ], [ -7.314813828890753, 54.889534680228472 ], [ -7.313139189408737, 54.891866789320467 ] ] ], [ [ [ -7.255206188962778, 54.89182977577628 ], [ -7.251872162199221, 54.8917602528212 ], [ -7.253592620421244, 54.889717119079116 ], [ -7.255702000417323, 54.891347262354103 ], [ -7.255206188962778, 54.89182977577628 ] ] ], [ [ [ -7.309919338770372, 54.893497370962116 ], [ -7.308103862933215, 54.890954270114719 ], [ -7.310802216894897, 54.891371490887067 ], [ -7.309919338770372, 54.893497370962116 ] ] ], [ [ [ -7.25171146111878, 54.894505145768633 ], [ -7.249586997609629, 54.892131774768124 ], [ -7.255105273446026, 54.89192128661103 ], [ -7.25171146111878, 54.894505145768633 ] ] ], [ [ [ -7.268427081775048, 54.90061915322498 ], [ -7.265494941313531, 54.89848860530374 ], [ -7.266733601315833, 54.898548135293474 ], [ -7.267115890140895, 54.897903826159563 ], [ -7.264725927947975, 54.896128363155682 ], [ -7.267951420755917, 54.895241981011289 ], [ -7.267197421152975, 54.897766413888171 ], [ -7.267790870312671, 54.896766215375855 ], [ -7.269553320581608, 54.896776822346787 ], [ -7.268229314454168, 54.8956128202244 ], [ -7.270804769723203, 54.895729625036132 ], [ -7.270316297669679, 54.899084028604499 ], [ -7.268427081775048, 54.90061915322498 ] ], [ [ -7.267985100284118, 54.898735332270171 ], [ -7.268182025171248, 54.898633634366163 ], [ -7.266733601315833, 54.898548135293474 ], [ -7.267985100284118, 54.898735332270171 ] ], [ [ -7.270250685903076, 54.897565316066775 ], [ -7.270376371051904, 54.897500408495226 ], [ -7.270277553268258, 54.897413532681355 ], [ -7.270250685903076, 54.897565316066775 ] ] ], [ [ [ -7.232051817702695, 54.901396270901138 ], [ -7.232986328628499, 54.898940145501228 ], [ -7.235089997211957, 54.900696808559999 ], [ -7.232051817702695, 54.901396270901138 ] ] ], [ [ [ -7.238625929775942, 54.904208017056519 ], [ -7.235982482654127, 54.904465005394862 ], [ -7.237746188411121, 54.901693940119898 ], [ -7.240240700915256, 54.903194568835922 ], [ -7.238625929775942, 54.904208017056519 ] ] ], [ [ [ -7.228870574021985, 54.905845498550832 ], [ -7.229006203714545, 54.905769126151725 ], [ -7.233530047345017, 54.907041206976047 ], [ -7.228870574021985, 54.905845498550832 ] ] ], [ [ [ -7.257768872914309, 54.909110286797819 ], [ -7.253126796623029, 54.906659057091517 ], [ -7.257373782660085, 54.905107636452108 ], [ -7.260205496458453, 54.905750178546988 ], [ -7.26050713337319, 54.905130230043291 ], [ -7.262765891668844, 54.905176293221196 ], [ -7.260758154432993, 54.908936197698793 ], [ -7.258720058366021, 54.908803170663482 ], [ -7.260192720820683, 54.90577643606764 ], [ -7.257768872914309, 54.909110286797819 ] ] ], [ [ [ -7.278938816082279, 54.910925401300204 ], [ -7.274084586427116, 54.910590622397081 ], [ -7.275503350622508, 54.908679836345023 ], [ -7.27940005385704, 54.909759788775951 ], [ -7.278938816082279, 54.910925401300204 ] ] ], [ [ [ -7.301900100190692, 54.908644814324376 ], [ -7.299305885445643, 54.912193874987537 ], [ -7.298729403036601, 54.908626549704486 ], [ -7.301900100190692, 54.908644814324376 ] ] ], [ [ [ -7.292869898557124, 54.911995973904389 ], [ -7.292294879508609, 54.909722618877545 ], [ -7.29416844633346, 54.909573448393395 ], [ -7.292869898557124, 54.911995973904389 ] ] ], [ [ [ -7.293485625212549, 54.913023217699561 ], [ -7.294449857040575, 54.909595734958948 ], [ -7.29887920514797, 54.909588249383148 ], [ -7.299305885445643, 54.912193874987537 ], [ -7.29630340182893, 54.912313234679225 ], [ -7.296173551226315, 54.91212285947033 ], [ -7.293485625212549, 54.913023217699561 ] ] ], [ [ [ -7.298462132763576, 54.913703375094272 ], [ -7.293781727800063, 54.913849259683218 ], [ -7.29630340182893, 54.912313234679225 ], [ -7.299167689811815, 54.912581541793962 ], [ -7.298462132763576, 54.913703375094272 ] ] ], [ [ [ -7.264902166620627, 54.917186886531439 ], [ -7.266404726337315, 54.915262619629324 ], [ -7.26890329532184, 54.915277682786858 ], [ -7.264902166620627, 54.917186886531439 ] ] ], [ [ [ -7.305554854150332, 54.919798742842104 ], [ -7.308657500163346, 54.922014399603086 ], [ -7.30520763752725, 54.923427255004604 ], [ -7.303219339425291, 54.923375508422815 ], [ -7.305554854150332, 54.919798742842104 ] ] ], [ [ [ -7.298265109088634, 54.926901457265217 ], [ -7.294351014664955, 54.926559433703531 ], [ -7.299925381790964, 54.925477992331267 ], [ -7.298265109088634, 54.926901457265217 ] ] ], [ [ [ -7.288153751171806, 54.925578917847673 ], [ -7.291898890433864, 54.926509863942272 ], [ -7.289136914536695, 54.928477803976776 ], [ -7.288153751171806, 54.925578917847673 ] ] ], [ [ [ -7.298269423992402, 54.929979988933056 ], [ -7.295633414682284, 54.929906576112266 ], [ -7.297642548372004, 54.927641429208698 ], [ -7.299630649991686, 54.927825157655512 ], [ -7.298269423992402, 54.929979988933056 ] ] ], [ [ [ -7.313680673997589, 54.932114832386496 ], [ -7.312912002620892, 54.92916589795928 ], [ -7.316117124880092, 54.930724968132786 ], [ -7.313680673997589, 54.932114832386496 ] ] ], [ [ [ -7.222467383293313, 54.948447897430569 ], [ -7.220637014663329, 54.950524911527232 ], [ -7.218326952876787, 54.948493312324288 ], [ -7.222467383293313, 54.948447897430569 ] ] ], [ [ [ -7.269266068399846, 54.955834147935406 ], [ -7.267062042488132, 54.959180416063333 ], [ -7.264825850238423, 54.957014437858895 ], [ -7.269266068399846, 54.955834147935406 ] ] ], [ [ [ -7.283545154746509, 54.958480156067807 ], [ -7.288153549479945, 54.957364640559149 ], [ -7.288190884380811, 54.958137681573817 ], [ -7.283545154746509, 54.958480156067807 ] ] ], [ [ [ -7.262140775384732, 54.95781597671067 ], [ -7.258620161695427, 54.960033300244326 ], [ -7.257758795002982, 54.959556895852202 ], [ -7.262140775384732, 54.95781597671067 ] ] ], [ [ [ -7.212813992191001, 54.961701040709244 ], [ -7.211176734500371, 54.960459344060681 ], [ -7.214680589502891, 54.95948279506586 ], [ -7.215406231074563, 54.960614406432782 ], [ -7.212813992191001, 54.961701040709244 ] ] ], [ [ [ -7.274545478834542, 54.969736505004541 ], [ -7.274616267016059, 54.97255686360635 ], [ -7.272596732006712, 54.972133384064868 ], [ -7.274545478834542, 54.969736505004541 ] ] ], [ [ [ -7.24891731123641, 54.984652952551869 ], [ -7.247416692086696, 54.982606791697201 ], [ -7.251370339804109, 54.980925333782686 ], [ -7.252906827257665, 54.982292815919898 ], [ -7.24891731123641, 54.984652952551869 ] ] ], [ [ [ -7.268675903860643, 54.987271945985484 ], [ -7.272416242470201, 54.987141315704285 ], [ -7.272008580812189, 54.989284782926525 ], [ -7.267632646691818, 54.988149456862949 ], [ -7.268675903860643, 54.987271945985484 ] ] ], [ [ [ -7.264524722361311, 54.987523440693948 ], [ -7.264926279144539, 54.991248420617474 ], [ -7.262120993034303, 54.991209021048753 ], [ -7.261313577384557, 54.989582961742478 ], [ -7.264524722361311, 54.987523440693948 ] ] ], [ [ [ -7.248266945263961, 55.005650634017648 ], [ -7.251273168156903, 55.001286700206066 ], [ -7.252921299895799, 55.001678938838744 ], [ -7.248266945263961, 55.005650634017648 ] ] ], [ [ [ -7.248266945263961, 55.005650634017648 ], [ -7.251829872261802, 55.006592479871323 ], [ -7.246311025174531, 55.006328749864551 ], [ -7.248266945263961, 55.005650634017648 ] ] ], [ [ [ -7.230913842058777, 55.007699519171183 ], [ -7.231833425099565, 55.010561264508162 ], [ -7.228976533507988, 55.008548251986078 ], [ -7.230913842058777, 55.007699519171183 ] ] ], [ [ [ -7.226678307061952, 55.012901291467337 ], [ -7.223605630422148, 55.012656240145795 ], [ -7.229779709740602, 55.009358682536352 ], [ -7.231833425099565, 55.010561264508162 ], [ -7.226678307061952, 55.012901291467337 ] ] ], [ [ [ -7.249901655902259, 55.014459089899226 ], [ -7.252657573618635, 55.014535270439595 ], [ -7.251944571255431, 55.017219265533399 ], [ -7.249161175379461, 55.015585221216512 ], [ -7.249901655902259, 55.014459089899226 ] ] ], [ [ [ -7.224150324683448, 55.02135688304076 ], [ -7.225875647026036, 55.023344081357756 ], [ -7.22299175995107, 55.023864660361362 ], [ -7.221808811508022, 55.023427588152103 ], [ -7.224150324683448, 55.02135688304076 ] ] ], [ [ [ -7.216762662244079, 55.025621265297012 ], [ -7.222398004419206, 55.025298107256866 ], [ -7.217995918541111, 55.026527474901748 ], [ -7.216762662244079, 55.025621265297012 ] ] ], [ [ [ -7.222391046011932, 55.025657372944451 ], [ -7.225206083087582, 55.026933085835665 ], [ -7.221102586379692, 55.027592916195928 ], [ -7.220181293734079, 55.026721158379971 ], [ -7.222391046011932, 55.025657372944451 ] ] ], [ [ [ -7.227699454401399, 55.029811862803101 ], [ -7.226629749038809, 55.027889762675358 ], [ -7.229836337580939, 55.028793138588227 ], [ -7.227699454401399, 55.029811862803101 ] ] ], [ [ [ -7.226912541896365, 55.035634083412724 ], [ -7.229960915084386, 55.033468888450393 ], [ -7.231221488558734, 55.037032229100589 ], [ -7.226912541896365, 55.035634083412724 ] ] ], [ [ [ -7.223900650376526, 55.038063199583725 ], [ -7.224097519154483, 55.041355358177107 ], [ -7.220637554299621, 55.039345457991828 ], [ -7.221030632963619, 55.038404168146045 ], [ -7.223900650376526, 55.038063199583725 ] ] ], [ [ [ -7.218317657082518, 55.042125282628028 ], [ -7.218331548885223, 55.038726518605898 ], [ -7.220064857298181, 55.038861238844483 ], [ -7.218317657082518, 55.042125282628028 ] ] ], [ [ [ -7.220384113378493, 55.039898404135769 ], [ -7.223291430878593, 55.041151922333704 ], [ -7.222059744993952, 55.043261427749002 ], [ -7.218317657082518, 55.042125282628028 ], [ -7.220384113378493, 55.039898404135769 ] ] ], [ [ [ -7.233645790517906, 55.040120854623289 ], [ -7.232332119902036, 55.043221563105853 ], [ -7.229354311403152, 55.042238569020519 ], [ -7.233645790517906, 55.040120854623289 ] ] ], [ [ [ -7.218824488150188, 55.044907329092908 ], [ -7.216492189002683, 55.043919178762998 ], [ -7.218146614667347, 55.042158418678476 ], [ -7.220814006359119, 55.042910601316976 ], [ -7.218824488150188, 55.044907329092908 ] ] ], [ [ [ -7.213814366380747, 55.048418416125038 ], [ -7.210066242475601, 55.048076551171256 ], [ -7.211135402357026, 55.04620406793498 ], [ -7.214172977270856, 55.046085223087985 ], [ -7.213814366380747, 55.048418416125038 ] ] ], [ [ [ -7.225373520310308, 55.049728074896969 ], [ -7.228946692791562, 55.046307720693321 ], [ -7.230147136090828, 55.048583748454526 ], [ -7.225373520310308, 55.049728074896969 ] ] ], [ [ [ -7.193535116517996, 54.267980274838294 ], [ -7.192290254914028, 54.265769724587898 ], [ -7.194633512487135, 54.265985263749592 ], [ -7.193535116517996, 54.267980274838294 ] ] ], [ [ [ -7.188915566621056, 54.376979306085801 ], [ -7.187661808574147, 54.374683423078331 ], [ -7.189200424468493, 54.374693773478427 ], [ -7.188915566621056, 54.376979306085801 ] ] ], [ [ [ -7.143272108314139, 54.378149624846372 ], [ -7.145385089376454, 54.378695043650026 ], [ -7.141540888105147, 54.378147905115554 ], [ -7.143272108314139, 54.378149624846372 ] ] ], [ [ [ -7.14463090757505, 54.379958853668271 ], [ -7.146435298766363, 54.377663945020039 ], [ -7.147714000973294, 54.37914854179872 ], [ -7.14463090757505, 54.379958853668271 ] ] ], [ [ [ -7.16844501252525, 54.381793779096824 ], [ -7.165884085864661, 54.383337443639839 ], [ -7.165591631141488, 54.380403625341529 ], [ -7.16844501252525, 54.381793779096824 ] ] ], [ [ [ -7.12911861218607, 54.387183528603067 ], [ -7.132140120409166, 54.386150815625243 ], [ -7.131328301867129, 54.389016756331976 ], [ -7.12911861218607, 54.387183528603067 ] ] ], [ [ [ -7.153011001066595, 54.397647225966459 ], [ -7.149076679303983, 54.396875588752394 ], [ -7.153748658084185, 54.395302370695404 ], [ -7.153011001066595, 54.397647225966459 ] ] ], [ [ [ -7.159644477423453, 54.398809828244438 ], [ -7.157804639149655, 54.397100178785394 ], [ -7.161920090482801, 54.397127232749995 ], [ -7.159644477423453, 54.398809828244438 ] ] ], [ [ [ -7.121516752255842, 54.399334141769167 ], [ -7.117931433585555, 54.399328065998823 ], [ -7.119690424210063, 54.397344897536456 ], [ -7.122202317118218, 54.398392044715031 ], [ -7.121516752255842, 54.399334141769167 ] ] ], [ [ [ -7.117446122131105, 54.403737971822466 ], [ -7.117764295897646, 54.401433207748838 ], [ -7.120555740864357, 54.402848332853971 ], [ -7.117446122131105, 54.403737971822466 ] ] ], [ [ [ -7.13230466264489, 54.406718225726848 ], [ -7.131027466647327, 54.404114949828688 ], [ -7.134255096431232, 54.405379394828998 ], [ -7.13230466264489, 54.406718225726848 ] ] ], [ [ [ -7.143386282586071, 54.407284249171113 ], [ -7.14216288646527, 54.405184131760635 ], [ -7.144831144172729, 54.405564837314977 ], [ -7.143386282586071, 54.407284249171113 ] ] ], [ [ [ -7.14340020498794, 54.419733693233326 ], [ -7.147468666089511, 54.418162659438266 ], [ -7.144039886606551, 54.41954769724385 ], [ -7.14340020498794, 54.419733693233326 ] ] ], [ [ [ -7.130351271114552, 54.481916990507834 ], [ -7.133010172816041, 54.482246757542057 ], [ -7.131476706955099, 54.484665694792263 ], [ -7.129935409772679, 54.484074292198386 ], [ -7.130351271114552, 54.481916990507834 ] ] ], [ [ [ -7.052438229025292, 54.490399331559239 ], [ -7.048339030623517, 54.490283634897317 ], [ -7.049808952290587, 54.48854905165355 ], [ -7.052438229025292, 54.490399331559239 ] ] ], [ [ [ -7.114929260382398, 54.493706233253349 ], [ -7.115294390835465, 54.491092118615832 ], [ -7.118352579916719, 54.492400546461731 ], [ -7.11834050661253, 54.492961341117308 ], [ -7.114929260382398, 54.493706233253349 ] ] ], [ [ [ -7.106523138206223, 54.505649880436643 ], [ -7.110502495490376, 54.507316563488388 ], [ -7.106422754315593, 54.507218797817409 ], [ -7.106523138206223, 54.505649880436643 ] ] ], [ [ [ -7.136857295698278, 54.530825998885113 ], [ -7.133153029609303, 54.528838908416979 ], [ -7.1373264533174, 54.529391980773795 ], [ -7.136857295698278, 54.530825998885113 ] ] ], [ [ [ -7.200795352492528, 54.538885438701747 ], [ -7.199506253247181, 54.536484244697313 ], [ -7.202369298104236, 54.537826925256383 ], [ -7.200795352492528, 54.538885438701747 ] ] ], [ [ [ -7.060222581788588, 54.550731760320829 ], [ -7.058965677206444, 54.551625776213939 ], [ -7.056962611209262, 54.549711194503814 ], [ -7.060222581788588, 54.550731760320829 ] ] ], [ [ [ -7.203841729044054, 54.55992426438776 ], [ -7.200124028976314, 54.558778096152452 ], [ -7.20250297003792, 54.557626191297757 ], [ -7.205264373151353, 54.559160776054533 ], [ -7.203841729044054, 54.55992426438776 ] ] ], [ [ [ -7.212320862842559, 54.560529372686887 ], [ -7.210287404913664, 54.558527391420782 ], [ -7.213052059966912, 54.559432306313482 ], [ -7.212320862842559, 54.560529372686887 ] ] ], [ [ [ -7.155645134644644, 54.60599809267115 ], [ -7.156065647657928, 54.60929744734581 ], [ -7.152733416068224, 54.609191566774797 ], [ -7.155645134644644, 54.60599809267115 ] ] ], [ [ [ -7.149352975713679, 54.61123847860771 ], [ -7.153253500044806, 54.611738245320964 ], [ -7.151221244911771, 54.614653614046588 ], [ -7.14819000944646, 54.614632317605306 ], [ -7.149352975713679, 54.61123847860771 ] ] ], [ [ [ -7.155318313774438, 54.615998884658318 ], [ -7.159482967524879, 54.613960579348628 ], [ -7.159661457851948, 54.615048528231199 ], [ -7.155318313774438, 54.615998884658318 ] ] ], [ [ [ -7.154687369055537, 54.616058256299766 ], [ -7.154261655294285, 54.616000577769448 ], [ -7.154960759683474, 54.616032530717114 ], [ -7.154687369055537, 54.616058256299766 ] ] ], [ [ [ -7.078580691770752, 54.626608881726796 ], [ -7.07552934812889, 54.625777608778925 ], [ -7.078043862264273, 54.623854272921797 ], [ -7.078580691770752, 54.626608881726796 ] ] ], [ [ [ -7.124828858771854, 54.629475303107064 ], [ -7.119532589306728, 54.627363357648065 ], [ -7.127568226079667, 54.62748361204401 ], [ -7.124828858771854, 54.629475303107064 ] ] ], [ [ [ -7.118941142539916, 54.631673067489928 ], [ -7.120470303577926, 54.629210291709924 ], [ -7.123113663627359, 54.630349559791192 ], [ -7.118941142539916, 54.631673067489928 ] ] ], [ [ [ -7.184394973156475, 54.632129789365756 ], [ -7.184583138953877, 54.634665485903426 ], [ -7.182230181736409, 54.633490828282888 ], [ -7.182224587654672, 54.632253256708118 ], [ -7.184394973156475, 54.632129789365756 ] ] ], [ [ [ -7.05624469089534, 54.637209321613753 ], [ -7.05517097291616, 54.634741214204659 ], [ -7.057939992997463, 54.635723313410338 ], [ -7.05624469089534, 54.637209321613753 ] ] ], [ [ [ -7.203670895567877, 54.640702465862006 ], [ -7.204277144429706, 54.637473147074253 ], [ -7.205607416771072, 54.640176188682013 ], [ -7.203670895567877, 54.640702465862006 ] ] ], [ [ [ -7.195830494047833, 54.639094779467705 ], [ -7.191274679999756, 54.639409274524823 ], [ -7.191217155139531, 54.638949266562669 ], [ -7.195830494047833, 54.639094779467705 ] ] ], [ [ [ -7.208235654158506, 54.641407934924473 ], [ -7.20576673211099, 54.638920351112667 ], [ -7.208052561352306, 54.637663428391015 ], [ -7.211619852457369, 54.640488486356936 ], [ -7.208235654158506, 54.641407934924473 ] ] ], [ [ [ -7.092319167688284, 54.650259255876755 ], [ -7.089142132908303, 54.650479348486442 ], [ -7.0870549362675, 54.647360024470494 ], [ -7.092319167688284, 54.650259255876755 ] ] ], [ [ [ -7.152367995359802, 54.649696834625679 ], [ -7.152928104591959, 54.652155937969376 ], [ -7.148535350356212, 54.652130241646645 ], [ -7.152367995359802, 54.649696834625679 ] ] ], [ [ [ -7.20145525921434, 54.700696232895787 ], [ -7.197968816375568, 54.700701731011911 ], [ -7.201593763513451, 54.697875855009812 ], [ -7.20290627349341, 54.699033211425252 ], [ -7.20145525921434, 54.700696232895787 ] ] ], [ [ [ -7.195011448711323, 54.700625344928753 ], [ -7.196809993727574, 54.698150216294906 ], [ -7.197943319483315, 54.69894589338773 ], [ -7.195011448711323, 54.700625344928753 ] ] ], [ [ [ -7.075685393555573, 54.714331972019956 ], [ -7.08017840687045, 54.714626625992182 ], [ -7.075351633395577, 54.714832879864197 ], [ -7.075685393555573, 54.714331972019956 ] ] ], [ [ [ -7.105920434052978, 54.724862599828441 ], [ -7.104143386387427, 54.722728276397639 ], [ -7.110168206781804, 54.722621419520863 ], [ -7.105920434052978, 54.724862599828441 ] ] ], [ [ [ -7.077396693702152, 54.73772462388947 ], [ -7.073399172664556, 54.735897473092116 ], [ -7.076452534241207, 54.735022446980608 ], [ -7.077396693702152, 54.73772462388947 ] ] ], [ [ [ -7.139284849897159, 54.741141823142698 ], [ -7.136716385882953, 54.741003331158232 ], [ -7.139054641466375, 54.738423576663315 ], [ -7.141552875090783, 54.738123307640414 ], [ -7.139284849897159, 54.741141823142698 ] ] ], [ [ [ -7.142447020996957, 54.741615920985495 ], [ -7.139325418260642, 54.742492120072846 ], [ -7.139882671178846, 54.740350107320602 ], [ -7.143125668187379, 54.738889603583516 ], [ -7.142447020996957, 54.741615920985495 ] ] ], [ [ [ -7.078470361614087, 54.741874708095082 ], [ -7.075034750922799, 54.74273726302755 ], [ -7.075108454680976, 54.739503843193027 ], [ -7.078470361614087, 54.741874708095082 ] ] ], [ [ [ -7.171371968475602, 54.754614700175587 ], [ -7.169069023183196, 54.752599955402225 ], [ -7.172012336925801, 54.753679295550555 ], [ -7.171371968475602, 54.754614700175587 ] ] ], [ [ [ -7.117035508924897, 54.753471026156561 ], [ -7.120770249391295, 54.753138839584715 ], [ -7.118293665091633, 54.755118368927128 ], [ -7.115761861557901, 54.75489906051935 ], [ -7.117035508924897, 54.753471026156561 ] ] ], [ [ [ -7.089640482743641, 54.769817405183161 ], [ -7.089840602887283, 54.766588177762841 ], [ -7.092304969228016, 54.76944334785329 ], [ -7.089640482743641, 54.769817405183161 ] ] ], [ [ [ -7.069153362429436, 54.773708453880609 ], [ -7.067499734532226, 54.771260418803074 ], [ -7.070633672006082, 54.770651769701864 ], [ -7.070589404533884, 54.773557925376373 ], [ -7.069153362429436, 54.773708453880609 ] ] ], [ [ [ -7.061434546327365, 54.776634981431236 ], [ -7.057786113270816, 54.774643374480831 ], [ -7.063655286528959, 54.775894222810869 ], [ -7.061434546327365, 54.776634981431236 ] ] ], [ [ [ -7.049621934295006, 54.777357793462301 ], [ -7.04795976664863, 54.778850205942824 ], [ -7.044942563171966, 54.777137086423188 ], [ -7.049621934295006, 54.777357793462301 ] ] ], [ [ [ -7.104765179712176, 54.78493841345739 ], [ -7.102720527240384, 54.783459608707446 ], [ -7.105115380248187, 54.782540037252289 ], [ -7.106124541048509, 54.783422207309656 ], [ -7.104765179712176, 54.78493841345739 ] ] ], [ [ [ -7.175479624656029, 54.820447072721855 ], [ -7.177109777330058, 54.823099722248543 ], [ -7.172797221710421, 54.82177683821898 ], [ -7.175479624656029, 54.820447072721855 ] ] ], [ [ [ -7.172726084129313, 54.832582085295023 ], [ -7.170565820445209, 54.831533528671081 ], [ -7.165258656620844, 54.829304889653429 ], [ -7.17144977269703, 54.826798172618361 ], [ -7.174149636120169, 54.829027923673642 ], [ -7.177110863946667, 54.83084653696416 ], [ -7.172726084129313, 54.832582085295023 ] ] ], [ [ [ -7.20924276029047, 54.849339224668192 ], [ -7.212455780576486, 54.850383594491035 ], [ -7.20678213598348, 54.850870240465376 ], [ -7.20924276029047, 54.849339224668192 ] ] ], [ [ [ -7.188959205547065, 54.852202578742187 ], [ -7.195216072725663, 54.848488862630418 ], [ -7.196754152342203, 54.849432037509423 ], [ -7.188959205547065, 54.852202578742187 ] ] ], [ [ [ -7.204140131419996, 54.853202051157076 ], [ -7.20720006785782, 54.853941749453632 ], [ -7.203855957826538, 54.854115386536911 ], [ -7.204140131419996, 54.853202051157076 ] ] ], [ [ [ -7.109282833162863, 54.857782834967544 ], [ -7.106235345074861, 54.857835464918161 ], [ -7.108729303410016, 54.854081639125674 ], [ -7.108864495068534, 54.854082207653818 ], [ -7.109282833162863, 54.857782834967544 ] ] ], [ [ [ -7.048069408212791, 54.859057373472439 ], [ -7.051966553511894, 54.859097031540614 ], [ -7.048974140925758, 54.860726460089374 ], [ -7.048069408212791, 54.859057373472439 ] ] ], [ [ [ -7.12899748641214, 54.863759671089966 ], [ -7.126888447253084, 54.862562637922615 ], [ -7.13136456942322, 54.86199717595408 ], [ -7.12899748641214, 54.863759671089966 ] ] ], [ [ [ -7.181775792325092, 54.865693160367321 ], [ -7.175044376531805, 54.868678226032237 ], [ -7.174750725695317, 54.867841528260115 ], [ -7.181775792325092, 54.865693160367321 ] ] ], [ [ [ -7.190546820768845, 54.871866058835217 ], [ -7.195264762113691, 54.870614704618987 ], [ -7.195942995444868, 54.871497403076837 ], [ -7.190546820768845, 54.871866058835217 ] ] ], [ [ [ -7.052568598358363, 54.881802789892049 ], [ -7.049120405243428, 54.881057758502386 ], [ -7.053481563232701, 54.881117265779295 ], [ -7.052568598358363, 54.881802789892049 ] ] ], [ [ [ -7.20954066891853, 54.883065718715564 ], [ -7.210585401040799, 54.880454095294368 ], [ -7.212960052305247, 54.882141115371233 ], [ -7.20954066891853, 54.883065718715564 ] ] ], [ [ [ -7.208649614353406, 54.884240394240429 ], [ -7.206793986369505, 54.886782388122541 ], [ -7.204490172233154, 54.886330106097766 ], [ -7.206256310878786, 54.883731327582382 ], [ -7.208649614353406, 54.884240394240429 ] ] ], [ [ [ -7.162394318938133, 54.886604748965453 ], [ -7.163709179391903, 54.884411194093268 ], [ -7.165546847596483, 54.885726939625215 ], [ -7.162394318938133, 54.886604748965453 ] ] ], [ [ [ -7.05628497332396, 54.888279955570184 ], [ -7.057171131277554, 54.885315843804392 ], [ -7.058665034481585, 54.88600228475913 ], [ -7.05628497332396, 54.888279955570184 ] ] ], [ [ [ -7.158472330475377, 54.888960222951262 ], [ -7.156093442144859, 54.88902493321693 ], [ -7.158279352653873, 54.887054956079773 ], [ -7.159554581386056, 54.888700309809877 ], [ -7.158472330475377, 54.888960222951262 ] ] ], [ [ [ -7.086323913812111, 54.889440354998044 ], [ -7.08370643024032, 54.889687604784299 ], [ -7.086742583825871, 54.887455015666767 ], [ -7.088932083281816, 54.889959683847628 ], [ -7.086323913812111, 54.889440354998044 ] ] ], [ [ [ -7.066359589410196, 54.8901745725925 ], [ -7.063642881251586, 54.88974772888362 ], [ -7.065343891353631, 54.887374018954844 ], [ -7.068278233803943, 54.890003024413723 ], [ -7.066359589410196, 54.8901745725925 ] ] ], [ [ [ -7.147471790914466, 54.889860532889202 ], [ -7.145079493165477, 54.888180610591334 ], [ -7.149102641127042, 54.888417236020217 ], [ -7.147471790914466, 54.889860532889202 ] ] ], [ [ [ -7.164440198284402, 54.890905035065295 ], [ -7.162510074951813, 54.891795088033966 ], [ -7.159019026373949, 54.889685886641864 ], [ -7.161409982128013, 54.888770728822905 ], [ -7.163737619471441, 54.888080862377421 ], [ -7.165747156621793, 54.889463518167368 ], [ -7.163767219377238, 54.890431028259037 ], [ -7.164440198284402, 54.890905035065295 ] ] ], [ [ [ -7.142473410694288, 54.890670320561959 ], [ -7.139449164301864, 54.890381234793985 ], [ -7.141394492576862, 54.888706637286774 ], [ -7.142767013806905, 54.890185514125797 ], [ -7.142473410694288, 54.890670320561959 ] ] ], [ [ [ -7.133564535034606, 54.89356401044455 ], [ -7.130618717789301, 54.894061251139362 ], [ -7.132241402893611, 54.892029985183243 ], [ -7.13481091851624, 54.891912142221663 ], [ -7.133564535034606, 54.89356401044455 ] ] ], [ [ [ -7.164988080954577, 54.895379484843623 ], [ -7.165674651417994, 54.893019961660386 ], [ -7.167913076459303, 54.894407514843849 ], [ -7.164988080954577, 54.895379484843623 ] ] ], [ [ [ -7.183379347993509, 54.895824673073733 ], [ -7.184040042377323, 54.893254575514433 ], [ -7.186106104725463, 54.894110062830684 ], [ -7.183379347993509, 54.895824673073733 ] ] ], [ [ [ -7.142485173559563, 54.896366771035893 ], [ -7.140029391950409, 54.893126825309835 ], [ -7.142325818466069, 54.892799762616129 ], [ -7.142485173559563, 54.896366771035893 ] ] ], [ [ [ -7.161289217245857, 54.896386960676487 ], [ -7.162212565628887, 54.893630264705955 ], [ -7.163730022414393, 54.894648371975613 ], [ -7.161289217245857, 54.896386960676487 ] ] ], [ [ [ -7.14573290606338, 54.896226427894128 ], [ -7.144985943951935, 54.896532639282121 ], [ -7.142505943298675, 54.89624463205552 ], [ -7.144535600727577, 54.893984511477825 ], [ -7.14573290606338, 54.896226427894128 ] ] ], [ [ [ -7.139248357093711, 54.89615875282535 ], [ -7.135773044425599, 54.896803944278169 ], [ -7.136205912034838, 54.894299445346476 ], [ -7.139583450300602, 54.894973897121581 ], [ -7.139248357093711, 54.89615875282535 ] ] ], [ [ [ -7.206857564944377, 54.897774103340801 ], [ -7.202789540662886, 54.895638296181218 ], [ -7.208866378622072, 54.89708447613588 ], [ -7.206857564944377, 54.897774103340801 ] ] ], [ [ [ -7.132490592207024, 54.898052071125889 ], [ -7.130259898106192, 54.895963090190754 ], [ -7.133134512380787, 54.895750130874994 ], [ -7.135907248625093, 54.896897902026708 ], [ -7.132490592207024, 54.898052071125889 ] ] ], [ [ [ -7.122332632014689, 54.899170052059304 ], [ -7.119939670863166, 54.896933410179571 ], [ -7.122271151723986, 54.897061687204662 ], [ -7.122332632014689, 54.899170052059304 ] ] ], [ [ [ -7.123512222917063, 54.899226902326028 ], [ -7.122935747659471, 54.897064145484606 ], [ -7.12622983756165, 54.898069985154876 ], [ -7.123512222917063, 54.899226902326028 ] ] ], [ [ [ -7.169890411076307, 54.898348987720269 ], [ -7.167477266934415, 54.8988149034478 ], [ -7.164987381535164, 54.898618151376247 ], [ -7.169890411076307, 54.898348987720269 ] ] ], [ [ [ -7.16061043331491, 54.90130140345839 ], [ -7.161105094921719, 54.898176995497934 ], [ -7.16429362107412, 54.898793039437088 ], [ -7.16061043331491, 54.90130140345839 ] ] ], [ [ [ -7.134297213682602, 54.901332295984659 ], [ -7.132059264903122, 54.899961184440969 ], [ -7.13447308330548, 54.898670411995738 ], [ -7.135660924751254, 54.899670612600836 ], [ -7.134297213682602, 54.901332295984659 ] ] ], [ [ [ -7.176600320591556, 54.906303251166229 ], [ -7.174310126005564, 54.903847497560719 ], [ -7.177239072262791, 54.904380962046552 ], [ -7.176600320591556, 54.906303251166229 ] ] ], [ [ [ -7.139086751865948, 54.906828801262336 ], [ -7.139063322512957, 54.90366850544639 ], [ -7.141912233802885, 54.904808143380727 ], [ -7.139086751865948, 54.906828801262336 ] ] ], [ [ [ -7.141576823037269, 54.907765659459905 ], [ -7.144212139432469, 54.905451471490196 ], [ -7.143877680256997, 54.907813499700104 ], [ -7.141576823037269, 54.907765659459905 ] ] ], [ [ [ -7.172233322450624, 54.907675073978325 ], [ -7.166557264310494, 54.908290473853995 ], [ -7.166492877206541, 54.907274142859492 ], [ -7.172233322450624, 54.907675073978325 ] ] ], [ [ [ -7.196203052733068, 54.909856047864828 ], [ -7.196301886096565, 54.907226746460196 ], [ -7.197831211367822, 54.908720758015178 ], [ -7.196203052733068, 54.909856047864828 ] ] ], [ [ [ -7.20671955959885, 54.91006457725473 ], [ -7.20382857382501, 54.908760215560186 ], [ -7.206879113069285, 54.908460909404774 ], [ -7.20671955959885, 54.91006457725473 ] ] ], [ [ [ -7.214341581421803, 54.909547302308546 ], [ -7.213724722202207, 54.91024856252865 ], [ -7.208821316385944, 54.910409765723131 ], [ -7.213448992472461, 54.908925367814199 ], [ -7.214341581421803, 54.909547302308546 ] ] ], [ [ [ -7.161202458584515, 54.909040118298883 ], [ -7.157748791232511, 54.910967049046256 ], [ -7.157280903414234, 54.909370345300189 ], [ -7.161202458584515, 54.909040118298883 ] ] ], [ [ [ -7.194347802276989, 54.911392587199131 ], [ -7.191878606911945, 54.910118573572134 ], [ -7.194394163457758, 54.909072237612115 ], [ -7.196203052733068, 54.909856047864828 ], [ -7.194347802276989, 54.911392587199131 ] ] ], [ [ [ -7.083979614565207, 54.913472362340734 ], [ -7.084669123680055, 54.911400380020311 ], [ -7.086433640241919, 54.9113475906925 ], [ -7.083979614565207, 54.913472362340734 ] ] ], [ [ [ -7.179517799950969, 54.926639959575731 ], [ -7.178966677034911, 54.924131312640945 ], [ -7.181398669541168, 54.925398590939629 ], [ -7.179517799950969, 54.926639959575731 ] ] ], [ [ [ -7.211615319869503, 54.93733863588804 ], [ -7.209483441323592, 54.93466794365203 ], [ -7.212913387746893, 54.936784339269913 ], [ -7.211615319869503, 54.93733863588804 ] ] ], [ [ [ -7.2111763066618, 54.939709364323242 ], [ -7.209780713091135, 54.937724061105243 ], [ -7.213433736651648, 54.938671839025432 ], [ -7.2111763066618, 54.939709364323242 ] ] ], [ [ [ -7.176836999854459, 54.941354951505929 ], [ -7.173557005637914, 54.940069279179852 ], [ -7.178314687137107, 54.940846483659747 ], [ -7.176836999854459, 54.941354951505929 ] ] ], [ [ [ -7.200476938144792, 54.954344035139748 ], [ -7.202045106639098, 54.955892065618464 ], [ -7.199309741393839, 54.956074115297433 ], [ -7.200476938144792, 54.954344035139748 ] ] ], [ [ [ -7.137284483257959, 54.961377405232014 ], [ -7.135132159365875, 54.959151368903164 ], [ -7.137906679315019, 54.958975906882642 ], [ -7.137284483257959, 54.961377405232014 ] ] ], [ [ [ -7.200631997425551, 54.961011992250874 ], [ -7.196446923446497, 54.960664262475134 ], [ -7.202118495922452, 54.959933034973133 ], [ -7.200631997425551, 54.961011992250874 ] ] ], [ [ [ -7.167114696821428, 54.962448311958312 ], [ -7.164234975920032, 54.961671144817771 ], [ -7.165961584599916, 54.959616085843869 ], [ -7.168651701237056, 54.96100308042756 ], [ -7.167114696821428, 54.962448311958312 ] ] ], [ [ [ -7.209903581000329, 54.96346566754017 ], [ -7.211176734500371, 54.960459344060681 ], [ -7.213017527774038, 54.963003471039059 ], [ -7.209903581000329, 54.96346566754017 ] ] ], [ [ [ -7.192094861516187, 54.963275858999161 ], [ -7.189159162306201, 54.962836403826472 ], [ -7.190332615026641, 54.960922816715708 ], [ -7.193226559127938, 54.961291818865817 ], [ -7.192094861516187, 54.963275858999161 ] ] ], [ [ [ -7.202821651490098, 54.964412926093019 ], [ -7.199916925176988, 54.961949819048627 ], [ -7.202875944636459, 54.962239491310264 ], [ -7.202821651490098, 54.964412926093019 ] ] ], [ [ [ -7.19189596354989, 54.963623724280076 ], [ -7.191114840918845, 54.964989651137195 ], [ -7.188929982136756, 54.962771922885743 ], [ -7.19189596354989, 54.963623724280076 ] ] ], [ [ [ -7.110189326630612, 54.973878952672059 ], [ -7.112344381396448, 54.971237281238309 ], [ -7.113470639239544, 54.973001713541059 ], [ -7.110189326630612, 54.973878952672059 ] ] ], [ [ [ -7.168527097771799, 54.978164556418193 ], [ -7.166130463489741, 54.976384275620383 ], [ -7.170499794990366, 54.975400844401008 ], [ -7.168527097771799, 54.978164556418193 ] ] ], [ [ [ -7.17508831935944, 54.978200982504404 ], [ -7.172325269899699, 54.977318023856533 ], [ -7.17476450924907, 54.976265121073915 ], [ -7.17508831935944, 54.978200982504404 ] ] ], [ [ [ -7.116448371138973, 54.981858663385246 ], [ -7.114858651325829, 54.980095741100619 ], [ -7.118065812793951, 54.979857611475403 ], [ -7.119032953202447, 54.981332274282032 ], [ -7.116448371138973, 54.981858663385246 ] ] ], [ [ [ -7.111633062679678, 54.982613694259847 ], [ -7.113285553235138, 54.980323656024794 ], [ -7.11545523850455, 54.982062468709515 ], [ -7.111633062679678, 54.982613694259847 ] ] ], [ [ [ -7.11876693171159, 54.982879265747926 ], [ -7.115792553788345, 54.984141256348451 ], [ -7.114511372653889, 54.982333798893805 ], [ -7.11876693171159, 54.982879265747926 ] ] ], [ [ [ -7.188577557474196, 54.983929217288654 ], [ -7.185445614601417, 54.983588831428222 ], [ -7.191223147637577, 54.982871534519809 ], [ -7.188577557474196, 54.983929217288654 ] ] ], [ [ [ -7.145585988391157, 54.984139532921837 ], [ -7.143584280007, 54.983631020337796 ], [ -7.147988099094102, 54.98322291224315 ], [ -7.14772955517723, 54.984604531002837 ], [ -7.147732251876517, 54.984605146116543 ], [ -7.14771534845146, 54.984680449551135 ], [ -7.147715344075451, 54.98468047293585 ], [ -7.147715343249379, 54.984680472725998 ], [ -7.147275690971107, 54.986639089187925 ], [ -7.144625729271169, 54.986274303463311 ], [ -7.145585988391157, 54.984139532921837 ] ] ], [ [ [ -7.098536139108244, 54.980451438877338 ], [ -7.106090791163725, 54.980760640298939 ], [ -7.109325703372336, 54.985678822704081 ], [ -7.101076121915224, 54.987808279797399 ], [ -7.09424855028737, 54.986108576320177 ], [ -7.098536139108244, 54.980451438877338 ] ] ], [ [ [ -7.155232742598846, 54.98510540994814 ], [ -7.149815302510689, 54.983511180108131 ], [ -7.155930089978801, 54.983450740498967 ], [ -7.155232742598846, 54.98510540994814 ] ] ], [ [ [ -7.117467398270942, 54.988186635383656 ], [ -7.114265684525638, 54.986071320461804 ], [ -7.116687459007128, 54.984444915017839 ], [ -7.118969678216434, 54.985241691256192 ], [ -7.117467398270942, 54.988186635383656 ] ] ], [ [ [ -7.140187985168517, 54.985822416937268 ], [ -7.144608928336408, 54.986281811729093 ], [ -7.144109810104065, 54.987801416930083 ], [ -7.140187985168517, 54.985822416937268 ] ] ], [ [ [ -7.05424750097147, 54.99464786266347 ], [ -7.054213503735034, 54.996092751949092 ], [ -7.047481099250327, 54.9958479296698 ], [ -7.048991170584646, 54.992805796264783 ], [ -7.048268641878013, 54.992657593461004 ], [ -7.050851897578212, 54.98944544313445 ], [ -7.050236912445012, 54.992455966640016 ], [ -7.055172135912389, 54.992245956997309 ], [ -7.053985413823629, 54.993830199646929 ], [ -7.049073218853565, 54.992822625746278 ], [ -7.05424750097147, 54.99464786266347 ] ] ], [ [ [ -7.110464887577758, 54.993491857472989 ], [ -7.105599563976298, 54.994920178865733 ], [ -7.109273359852192, 54.992147776991949 ], [ -7.110464887577758, 54.993491857472989 ] ] ], [ [ [ -7.106140751609912, 54.996882980944001 ], [ -7.103359401279001, 54.995000075905004 ], [ -7.107740067839618, 54.995835594887033 ], [ -7.106140751609912, 54.996882980944001 ] ] ], [ [ [ -7.166486145209525, 54.995211004045288 ], [ -7.169155645311792, 54.997877194890897 ], [ -7.166798126968268, 54.997850894998663 ], [ -7.164885445126552, 54.99729318090521 ], [ -7.166486145209525, 54.995211004045288 ] ] ], [ [ [ -7.079254065414474, 55.00073202491842 ], [ -7.08223550113231, 54.996759216927011 ], [ -7.086115012869736, 54.997500199196331 ], [ -7.086118599221418, 55.000628549078478 ], [ -7.079254065414474, 55.00073202491842 ] ] ], [ [ [ -7.102145348589824, 54.99987143947007 ], [ -7.099069379733905, 55.000047976909983 ], [ -7.096570206366088, 54.997801304715445 ], [ -7.102145348589824, 54.99987143947007 ] ] ], [ [ [ -7.153143158382418, 55.012030147465381 ], [ -7.151910187844677, 55.009631642726688 ], [ -7.154951003430902, 55.010718449444006 ], [ -7.153143158382418, 55.012030147465381 ] ] ], [ [ [ -7.195278065942663, 55.017417362061991 ], [ -7.191507715267798, 55.018907356888235 ], [ -7.192546601282377, 55.015902937604572 ], [ -7.1947933729957, 55.016090507584821 ], [ -7.195278065942663, 55.017417362061991 ] ] ], [ [ [ -7.198015174630134, 55.021604500350648 ], [ -7.197987041789374, 55.023789442576224 ], [ -7.195253038610879, 55.022905595468551 ], [ -7.198015174630134, 55.021604500350648 ] ] ], [ [ [ -7.201128329511077, 55.025519600764504 ], [ -7.198722382223584, 55.024785155620314 ], [ -7.200493403871851, 55.023359564373436 ], [ -7.204281605165611, 55.024207200927989 ], [ -7.201128329511077, 55.025519600764504 ] ] ], [ [ [ -7.183042377248523, 55.026718834495021 ], [ -7.184662291077605, 55.029462164508494 ], [ -7.181938220290748, 55.030644416952413 ], [ -7.180266489515492, 55.027959563071086 ], [ -7.183042377248523, 55.026718834495021 ] ] ], [ [ [ -7.206717024726832, 55.04359406158909 ], [ -7.208661551226158, 55.040705881262006 ], [ -7.209808906427323, 55.043310490394738 ], [ -7.206717024726832, 55.04359406158909 ] ] ], [ [ [ -7.201513844334646, 55.045049501912054 ], [ -7.206681700150186, 55.042779428238056 ], [ -7.206759291052109, 55.044589677565476 ], [ -7.201513844334646, 55.045049501912054 ] ] ], [ [ [ -6.865763057448818, 54.35673103419667 ], [ -6.8600963685467, 54.356221954943777 ], [ -6.866579708000627, 54.355384574858711 ], [ -6.867287409599522, 54.357390474281296 ], [ -6.865763057448818, 54.35673103419667 ] ] ], [ [ [ -6.85346347759765, 54.360718722789116 ], [ -6.854620981728179, 54.360181418706745 ], [ -6.852751981681293, 54.360189279315932 ], [ -6.857057004510544, 54.35655022767952 ], [ -6.859726084426068, 54.356795077731945 ], [ -6.858885328443997, 54.360163483788526 ], [ -6.856925374263706, 54.360171726931092 ], [ -6.858736663485544, 54.360880800461459 ], [ -6.855323244527184, 54.361926551123219 ], [ -6.85346347759765, 54.360718722789116 ] ] ], [ [ [ -6.852212115942276, 54.366729906743259 ], [ -6.85402800999122, 54.367133171480447 ], [ -6.854785462317828, 54.367625112697986 ], [ -6.852212115942276, 54.366729906743259 ] ] ], [ [ [ -6.856658094068591, 54.368276499044406 ], [ -6.860089242266538, 54.366748840932097 ], [ -6.858806492585525, 54.369022948421517 ], [ -6.856658094068591, 54.368276499044406 ] ] ], [ [ [ -6.954382585698151, 54.408600775772804 ], [ -6.952422891785744, 54.407372056576961 ], [ -6.957766662684139, 54.407809622127125 ], [ -6.954382585698151, 54.408600775772804 ] ] ], [ [ [ -7.026514268804672, 54.504958484124927 ], [ -7.022438124014383, 54.503254283935483 ], [ -7.024613437887253, 54.501602286463473 ], [ -7.029074957809939, 54.503186560821099 ], [ -7.026514268804672, 54.504958484124927 ] ] ], [ [ [ -6.909882790624366, 54.520547858428365 ], [ -6.905784890058612, 54.519338187630474 ], [ -6.90991666967303, 54.519276349135382 ], [ -6.909882790624366, 54.520547858428365 ] ] ], [ [ [ -6.931102288456749, 54.538306175603559 ], [ -6.929248936703448, 54.535872787274776 ], [ -6.932598337061663, 54.537475358357902 ], [ -6.931102288456749, 54.538306175603559 ] ] ], [ [ [ -7.040543446328602, 54.545012838583574 ], [ -7.036312976610541, 54.542284118252731 ], [ -7.041615552423842, 54.542907562190436 ], [ -7.040543446328602, 54.545012838583574 ] ] ], [ [ [ -7.040461269767467, 54.549868713345795 ], [ -7.039912060318268, 54.549536936168344 ], [ -7.040274244320895, 54.549842863976558 ], [ -7.036322957815826, 54.549174888160877 ], [ -7.035603711324375, 54.546934264508657 ], [ -7.035755186206179, 54.546345019904216 ], [ -7.039522362899308, 54.546166865472173 ], [ -7.040461269767467, 54.549868713345795 ] ] ], [ [ [ -7.023472003945251, 54.564583965097349 ], [ -7.027640582309663, 54.563411600722915 ], [ -7.02507976240509, 54.566001132102244 ], [ -7.023472003945251, 54.564583965097349 ] ] ], [ [ [ -6.98157561820153, 54.577822307781709 ], [ -6.985109269556873, 54.577720735229263 ], [ -6.984930877997419, 54.578566858208447 ], [ -6.98157561820153, 54.577822307781709 ] ] ], [ [ [ -6.973028579548186, 54.60368968911304 ], [ -6.973908184917017, 54.601928343217061 ], [ -6.976112336573896, 54.603746315041448 ], [ -6.973028579548186, 54.60368968911304 ] ] ], [ [ [ -6.973840543412593, 54.605776813525026 ], [ -6.975129378077489, 54.605079414872435 ], [ -6.974949274888681, 54.605665910794166 ], [ -6.973840543412593, 54.605776813525026 ] ] ], [ [ [ -7.008795040151147, 54.606109445229642 ], [ -7.004876908076955, 54.606911843187383 ], [ -7.006444414712851, 54.604679044013416 ], [ -7.008795040151147, 54.606109445229642 ] ] ], [ [ [ -6.985429964324162, 54.606729530441292 ], [ -6.98460499488694, 54.608519322886742 ], [ -6.981555233686437, 54.606696984636393 ], [ -6.985429964324162, 54.606729530441292 ] ] ], [ [ [ -6.991405688038454, 54.611643404347554 ], [ -6.988636889347731, 54.611973627760634 ], [ -6.989571717013359, 54.609232565517686 ], [ -6.991793816094421, 54.609821139494663 ], [ -6.991405688038454, 54.611643404347554 ] ] ], [ [ [ -7.009143492243274, 54.623705003693807 ], [ -7.012387884111856, 54.625435971804357 ], [ -7.008025763587954, 54.625799517711862 ], [ -7.009143492243274, 54.623705003693807 ] ] ], [ [ [ -6.958462343877351, 54.626207884095095 ], [ -6.957883469645242, 54.624130181690433 ], [ -6.961896380669406, 54.624461506844732 ], [ -6.958462343877351, 54.626207884095095 ] ] ], [ [ [ -6.960997711468404, 54.626532172883472 ], [ -6.958462343877351, 54.626207884095095 ], [ -6.963668719312368, 54.623901970784665 ], [ -6.964362338887269, 54.625562206535754 ], [ -6.960997711468404, 54.626532172883472 ] ] ], [ [ [ -6.930465049018285, 54.631117191152498 ], [ -6.927643134723413, 54.629031384967135 ], [ -6.931354519650685, 54.629064564703164 ], [ -6.932711329414115, 54.629086362824779 ], [ -6.930465049018285, 54.631117191152498 ] ] ], [ [ [ -6.939862959083737, 54.635368370186463 ], [ -6.938328264810062, 54.632254822408107 ], [ -6.939999546666031, 54.632251303065772 ], [ -6.939862959083737, 54.635368370186463 ] ] ], [ [ [ -6.963432131328355, 54.63424353638738 ], [ -6.958450038873949, 54.635642912447459 ], [ -6.958518688400215, 54.635109359663652 ], [ -6.963432131328355, 54.63424353638738 ] ] ], [ [ [ -7.005568500958612, 54.637482875067263 ], [ -7.008394355591883, 54.635268158475498 ], [ -7.007838308321737, 54.638765269566548 ], [ -7.005568500958612, 54.637482875067263 ] ] ], [ [ [ -7.037695254274103, 54.641226834481046 ], [ -7.036337482331655, 54.639860603662292 ], [ -7.041640924053103, 54.640015251313457 ], [ -7.037695254274103, 54.641226834481046 ] ] ], [ [ [ -6.952561968915521, 54.650313052088762 ], [ -6.951859669574458, 54.648336036640416 ], [ -6.955837507854095, 54.648372403046729 ], [ -6.952561968915521, 54.650313052088762 ] ] ], [ [ [ -6.87656111738286, 54.651574479393297 ], [ -6.872885970376622, 54.650585693533031 ], [ -6.876768808015584, 54.649460420890144 ], [ -6.877874849430737, 54.650013676069371 ], [ -6.87656111738286, 54.651574479393297 ] ] ], [ [ [ -6.877459127751739, 54.651941698762002 ], [ -6.870115432162637, 54.651883748007663 ], [ -6.870279840546673, 54.651086514704076 ], [ -6.877459127751739, 54.651941698762002 ] ] ], [ [ [ -6.935791872005314, 54.65560688189543 ], [ -6.933833986413848, 54.653605417293022 ], [ -6.937236343376108, 54.653705203727569 ], [ -6.935791872005314, 54.65560688189543 ] ] ], [ [ [ -6.932598976742049, 54.657199316003272 ], [ -6.933053287156776, 54.655170552273255 ], [ -6.936510638875586, 54.657153904516534 ], [ -6.932598976742049, 54.657199316003272 ] ] ], [ [ [ -6.924218676181043, 54.656508931755042 ], [ -6.924178173053552, 54.658041428350046 ], [ -6.921591824967074, 54.656330654652443 ], [ -6.924218676181043, 54.656508931755042 ] ] ], [ [ [ -6.905871736077407, 54.658824446472558 ], [ -6.903388882452113, 54.65712580763924 ], [ -6.907708861064559, 54.65724800191218 ], [ -6.905871736077407, 54.658824446472558 ] ] ], [ [ [ -6.948737481895503, 54.659387879214044 ], [ -6.949540038397025, 54.656623637939738 ], [ -6.951430080561898, 54.657322649168677 ], [ -6.948737481895503, 54.659387879214044 ] ] ], [ [ [ -6.938873534562219, 54.659805760419651 ], [ -6.935482550278091, 54.657177962105067 ], [ -6.940231698192396, 54.657600873650068 ], [ -6.938873534562219, 54.659805760419651 ] ] ], [ [ [ -6.886672455465328, 54.661973964666487 ], [ -6.886060017002125, 54.659431514105108 ], [ -6.888322317724789, 54.659777023969639 ], [ -6.886672455465328, 54.661973964666487 ] ] ], [ [ [ -6.884933711366638, 54.662801408396902 ], [ -6.882178886310397, 54.66127411171577 ], [ -6.885484551720874, 54.661732636510791 ], [ -6.884933711366638, 54.662801408396902 ] ] ], [ [ [ -6.897287467164033, 54.678291869537198 ], [ -6.895153974889976, 54.675554957647485 ], [ -6.898484041242676, 54.676115887711141 ], [ -6.897287467164033, 54.678291869537198 ] ] ], [ [ [ -6.900870939658624, 54.68664616967267 ], [ -6.897131287745466, 54.686354780037803 ], [ -6.900551121781434, 54.685287767771207 ], [ -6.900870939658624, 54.68664616967267 ] ] ], [ [ [ -6.862535804684133, 54.695839191355986 ], [ -6.858777607422072, 54.695617314629011 ], [ -6.860057265231369, 54.693741889396016 ], [ -6.863231465643556, 54.695025737320286 ], [ -6.862535804684133, 54.695839191355986 ] ] ], [ [ [ -6.858041006060247, 54.696365172049191 ], [ -6.856008905372512, 54.69614291906835 ], [ -6.858182469479745, 54.693622273835452 ], [ -6.860161416104613, 54.693447692194923 ], [ -6.858041006060247, 54.696365172049191 ] ] ], [ [ [ -6.860302960591369, 54.698464967839399 ], [ -6.855206936725388, 54.697200667793986 ], [ -6.855658391589742, 54.696551864223807 ], [ -6.860302960591369, 54.698464967839399 ] ] ], [ [ [ -6.931864448608429, 54.700765328778644 ], [ -6.936382145372413, 54.70137385095002 ], [ -6.933193747604918, 54.702319879389272 ], [ -6.931864448608429, 54.700765328778644 ] ] ], [ [ [ -6.798262658819157, 54.702700214806022 ], [ -6.802238319922377, 54.70317786745175 ], [ -6.798194027209892, 54.702721179189872 ], [ -6.798262658819157, 54.702700214806022 ] ] ], [ [ [ -6.803399177003219, 54.730296309799122 ], [ -6.80516704898896, 54.727800720737498 ], [ -6.806616394876911, 54.729132191190814 ], [ -6.803399177003219, 54.730296309799122 ] ] ], [ [ [ -6.931721102186353, 54.737323534177207 ], [ -6.929017054239358, 54.735898538631062 ], [ -6.93067778073419, 54.734215131265316 ], [ -6.932619192766625, 54.736774969604397 ], [ -6.931721102186353, 54.737323534177207 ] ] ], [ [ [ -6.932006385538428, 54.737608830802586 ], [ -6.929404690176076, 54.738843559274905 ], [ -6.929017054239358, 54.735898538631062 ], [ -6.932006385538428, 54.737608830802586 ] ] ], [ [ [ -6.846695604269326, 54.745303577481067 ], [ -6.842966322118173, 54.746493814990998 ], [ -6.841649093522119, 54.745473982037012 ], [ -6.846695604269326, 54.745303577481067 ] ] ], [ [ [ -6.905992599759693, 54.747241688437299 ], [ -6.900740342911774, 54.746133100934827 ], [ -6.905668724741456, 54.74508620191191 ], [ -6.905992599759693, 54.747241688437299 ] ] ], [ [ [ -6.873949904100966, 54.776515988278305 ], [ -6.870416002371025, 54.774973007941426 ], [ -6.8756951545843, 54.77513383459997 ], [ -6.873949904100966, 54.776515988278305 ] ] ], [ [ [ -7.020181787419396, 54.781494009460381 ], [ -7.017372123924834, 54.777106645110017 ], [ -7.021527450959239, 54.781274066207402 ], [ -7.020181787419396, 54.781494009460381 ] ] ], [ [ [ -7.013887273982967, 54.779806438564052 ], [ -7.016762204845825, 54.777801559591609 ], [ -7.021102570602554, 54.782522824852663 ], [ -7.016635158690124, 54.783120572175392 ], [ -7.013887273982967, 54.779806438564052 ] ] ], [ [ [ -7.03601445535068, 54.783170542843564 ], [ -7.033441643402006, 54.782829908445628 ], [ -7.030599290729106, 54.781134107564554 ], [ -7.03601445535068, 54.783170542843564 ] ] ], [ [ [ -6.860407110249111, 54.807875289708228 ], [ -6.860974240294438, 54.805408511815891 ], [ -6.86347653437484, 54.807032495596076 ], [ -6.860407110249111, 54.807875289708228 ] ] ], [ [ [ -6.862207495529534, 54.810510943309374 ], [ -6.864930177796639, 54.8083328674022 ], [ -6.866491572850578, 54.809931797830593 ], [ -6.862207495529534, 54.810510943309374 ] ] ], [ [ [ -6.865298427047634, 54.813985448950291 ], [ -6.86228239970957, 54.813378098486453 ], [ -6.865527741566456, 54.811448772025024 ], [ -6.866388042929111, 54.814094058618963 ], [ -6.865298427047634, 54.813985448950291 ] ] ], [ [ [ -6.903043197557161, 54.83889331597485 ], [ -6.90534278774409, 54.835289766412714 ], [ -6.90698027322239, 54.83617881561414 ], [ -6.903043197557161, 54.83889331597485 ] ] ], [ [ [ -6.909805078985252, 54.853184591667095 ], [ -6.901631761649735, 54.848691854316449 ], [ -6.902695203240816, 54.84836725798511 ], [ -6.909974401741255, 54.852597959202257 ], [ -6.909805078985252, 54.853184591667095 ] ] ], [ [ [ -6.906594880064037, 54.85292485090477 ], [ -6.905391553500824, 54.851464011432256 ], [ -6.907116637276616, 54.853092235606667 ], [ -6.906594880064037, 54.85292485090477 ] ] ], [ [ [ -6.98232141102911, 54.883966837753036 ], [ -6.981730807267811, 54.8842842970828 ], [ -6.977792788297895, 54.882634243322549 ], [ -6.98232141102911, 54.883966837753036 ] ] ], [ [ [ -6.990174309112481, 54.895569331244332 ], [ -6.986786442656268, 54.89476407566459 ], [ -6.992209140395851, 54.894308756005479 ], [ -6.990174309112481, 54.895569331244332 ] ] ], [ [ [ -6.809608433654499, 54.895455971386582 ], [ -6.815120178094781, 54.89642762716867 ], [ -6.815248590702878, 54.897148058597985 ], [ -6.809608433654499, 54.895455971386582 ] ] ], [ [ [ -6.985119529256884, 54.895991539560548 ], [ -6.988242161295456, 54.896038530431817 ], [ -6.984456225304936, 54.897601176341638 ], [ -6.985119529256884, 54.895991539560548 ] ] ], [ [ [ -6.907771856280568, 54.896218145837217 ], [ -6.909493399797766, 54.898030257135453 ], [ -6.905573733959685, 54.898288224424057 ], [ -6.907771856280568, 54.896218145837217 ] ] ], [ [ [ -6.9021310488216, 54.898023456279454 ], [ -6.898392316766258, 54.89701301201773 ], [ -6.902429053944508, 54.896708976065874 ], [ -6.9021310488216, 54.898023456279454 ] ] ], [ [ [ -6.914225577261245, 54.899994643849979 ], [ -6.917752813730006, 54.901056512588973 ], [ -6.915054943731176, 54.901853236438427 ], [ -6.914225577261245, 54.899994643849979 ] ] ], [ [ [ -6.865039869524425, 54.922416751119883 ], [ -6.861010105414416, 54.921517374661889 ], [ -6.863041909649358, 54.920242097159701 ], [ -6.8666164897859, 54.920994153114542 ], [ -6.865039869524425, 54.922416751119883 ] ] ], [ [ [ -6.957807086191638, 54.931992120748973 ], [ -6.964299707140219, 54.928730272716273 ], [ -6.965869034618968, 54.929496035634877 ], [ -6.957807086191638, 54.931992120748973 ] ] ], [ [ [ -6.87883034829203, 54.936933723011968 ], [ -6.877935085388844, 54.93962419935567 ], [ -6.876870614845951, 54.938672923930014 ], [ -6.874167317036904, 54.939745588369043 ], [ -6.876162623290712, 54.937288531976144 ], [ -6.8765543216717, 54.93755805310807 ], [ -6.87883034829203, 54.936933723011968 ] ] ], [ [ [ -7.01008958119344, 54.941983596710934 ], [ -7.005902799533531, 54.941808819191245 ], [ -7.010778247678473, 54.94071415727484 ], [ -7.01008958119344, 54.941983596710934 ] ] ], [ [ [ -6.887591434033638, 54.949507488957394 ], [ -6.880989805100725, 54.949501964099355 ], [ -6.884010355818241, 54.947026738978643 ], [ -6.887591434033638, 54.949507488957394 ] ] ], [ [ [ -7.007777807365446, 54.952951023940571 ], [ -7.004409218203319, 54.951856456804727 ], [ -7.004098973428923, 54.9531005972689 ], [ -6.998433525659909, 54.951414538854685 ], [ -7.004365247529912, 54.951842169264239 ], [ -7.004249936930445, 54.951804700998885 ], [ -7.005747199860306, 54.950447648034789 ], [ -7.010112138214091, 54.952231849749097 ], [ -7.007777807365446, 54.952951023940571 ] ] ], [ [ [ -6.86967369263401, 54.953070644153613 ], [ -6.866927390347293, 54.955133202971403 ], [ -6.858186809535721, 54.955106856504052 ], [ -6.859548751182341, 54.951111595767117 ], [ -6.86967369263401, 54.953070644153613 ] ] ], [ [ [ -6.857553973908462, 54.955404791476035 ], [ -6.854799688802764, 54.955429482475239 ], [ -6.855756723135422, 54.95273429227445 ], [ -6.858424542785339, 54.954334988868879 ], [ -6.857553973908462, 54.955404791476035 ] ] ], [ [ [ -6.846449104129644, 54.960450543414858 ], [ -6.844396710237992, 54.960239021337095 ], [ -6.843199497187537, 54.957300235115923 ], [ -6.846449104129644, 54.960450543414858 ] ] ], [ [ [ -6.913184649601474, 54.971764559362533 ], [ -6.913984515484691, 54.969797640757399 ], [ -6.916227944168817, 54.971721598142103 ], [ -6.913184649601474, 54.971764559362533 ] ] ], [ [ [ -6.804845890300963, 54.974661062653389 ], [ -6.804660500793413, 54.971826509114628 ], [ -6.806402892026466, 54.974820071567507 ], [ -6.804845890300963, 54.974661062653389 ] ] ], [ [ [ -7.003455642717973, 54.978246125280613 ], [ -7.002092177811487, 54.975723994065206 ], [ -7.005245490102613, 54.977420469906619 ], [ -7.003455642717973, 54.978246125280613 ] ] ], [ [ [ -6.997894904504706, 54.978735861847497 ], [ -7.000526645198435, 54.979471089196259 ], [ -6.99786218616201, 54.981065092537115 ], [ -6.996015829229933, 54.980158890180952 ], [ -6.997894904504706, 54.978735861847497 ] ] ], [ [ [ -7.003188260532506, 54.987189873081512 ], [ -6.998907481165489, 54.98538278624391 ], [ -7.003684430104534, 54.986931366615437 ], [ -7.003188260532506, 54.987189873081512 ] ] ], [ [ [ -6.992558156892995, 54.986576747470053 ], [ -6.997857961794545, 54.987169350987514 ], [ -6.99244779638715, 54.987260420482492 ], [ -6.992558156892995, 54.986576747470053 ] ] ], [ [ [ -6.885308883409944, 54.991697180173226 ], [ -6.885151516006647, 54.989308222763164 ], [ -6.887378497843896, 54.99099255811052 ], [ -6.885308883409944, 54.991697180173226 ] ] ], [ [ [ -7.007906938938817, 54.996080350028009 ], [ -7.00705740661768, 54.993247605613909 ], [ -7.009199716137537, 54.993748327191391 ], [ -7.007906938938817, 54.996080350028009 ] ] ], [ [ [ -6.870584481593005, 54.999425629859559 ], [ -6.86545973082363, 54.997050904071884 ], [ -6.872169145525247, 54.998010916840521 ], [ -6.870584481593005, 54.999425629859559 ] ] ], [ [ [ -6.848919822254808, 55.002924618945151 ], [ -6.845569616333253, 55.003157277018879 ], [ -6.845691490601198, 54.998914373685523 ], [ -6.848801280865715, 54.998807456038421 ], [ -6.848919822254808, 55.002924618945151 ] ] ], [ [ [ -7.038389917576253, 55.004388827045929 ], [ -7.035464497598476, 55.004549352650635 ], [ -7.03621604842535, 54.999331063335831 ], [ -7.036948347670561, 54.99932908879935 ], [ -7.038389917576253, 55.004388827045929 ] ] ], [ [ [ -6.86961164011056, 55.004058687719542 ], [ -6.873741365148636, 55.004336752397542 ], [ -6.873009635626312, 55.006048521354828 ], [ -6.86961164011056, 55.004058687719542 ] ] ], [ [ [ -7.019818939015091, 55.00646116080145 ], [ -7.01837421802456, 55.008107429405307 ], [ -7.015780206119228, 55.006565689003381 ], [ -7.019818939015091, 55.00646116080145 ] ] ], [ [ [ -6.984777026467409, 55.010872864903014 ], [ -6.983181906702432, 55.012614230353762 ], [ -6.982454292587776, 55.009725894862022 ], [ -6.985062422084934, 55.009564702333641 ], [ -6.984777026467409, 55.010872864903014 ] ] ], [ [ [ -6.988819664288909, 55.011723342809297 ], [ -6.983142943429261, 55.012676965116647 ], [ -6.989026115772413, 55.011186080685974 ], [ -6.988819664288909, 55.011723342809297 ] ] ], [ [ [ -6.92790869008143, 55.031739861678624 ], [ -6.929311650757396, 55.028894812981562 ], [ -6.930846314436834, 55.030940006547659 ], [ -6.92790869008143, 55.031739861678624 ] ] ], [ [ [ -7.042006195945946, 55.03432029922876 ], [ -7.037856633155845, 55.034222151913418 ], [ -7.038468412476833, 55.032973315945064 ], [ -7.042006195945946, 55.03432029922876 ] ] ], [ [ [ -6.995725501302177, 55.033672842998229 ], [ -6.98905673800802, 55.034542014405545 ], [ -6.988721213130489, 55.032939706220368 ], [ -6.995725501302177, 55.033672842998229 ] ] ], [ [ [ -6.889358053532852, 55.033558572536762 ], [ -6.88666393497339, 55.035515635763659 ], [ -6.885703363751252, 55.035052435697068 ], [ -6.889358053532852, 55.033558572536762 ] ] ], [ [ [ -6.813243207167613, 55.049957705926026 ], [ -6.813342907251451, 55.051862749228704 ], [ -6.806490705374191, 55.050332515756217 ], [ -6.813243207167613, 55.049957705926026 ] ] ], [ [ [ -6.886687955985018, 55.052729334772344 ], [ -6.889969834002714, 55.052722392347263 ], [ -6.888116124270986, 55.055949118589567 ], [ -6.887306839136857, 55.055770820795203 ], [ -6.886687955985018, 55.052729334772344 ] ] ], [ [ [ -6.892640019136048, 55.053106037652228 ], [ -6.894793571804608, 55.054452632056268 ], [ -6.892244349362324, 55.056101083165373 ], [ -6.890709141161214, 55.05546015316353 ], [ -6.892640019136048, 55.053106037652228 ] ] ], [ [ [ -7.018102219730238, 55.084153901085806 ], [ -7.004623225401209, 55.080441628297407 ], [ -7.012355628108922, 55.079712028665739 ], [ -7.018102219730238, 55.084153901085806 ] ] ], [ [ [ -7.005488120477092, 55.083051750485957 ], [ -7.010835375979258, 55.082509948006731 ], [ -7.00734662392368, 55.084278122734787 ], [ -7.010887654032074, 55.084694411507193 ], [ -7.006489974457992, 55.084822552835334 ], [ -7.005488120477092, 55.083051750485957 ] ] ], [ [ [ -7.014937349607324, 55.086136342584361 ], [ -7.018102219730238, 55.084153901085806 ], [ -7.019799430846008, 55.085456956191223 ], [ -7.014937349607324, 55.086136342584361 ] ] ], [ [ [ -7.021962803237383, 55.088528516179068 ], [ -7.021000154537218, 55.089351691330755 ], [ -7.011490765862869, 55.088724546350285 ], [ -7.009171183924225, 55.088909335347182 ], [ -7.010299477485182, 55.088645980781884 ], [ -7.00974508612122, 55.088609418624941 ], [ -7.010476881971486, 55.088604572869095 ], [ -7.01380193710531, 55.087828473031543 ], [ -7.008587010481945, 55.088061023999209 ], [ -7.013895867589202, 55.086307568641324 ], [ -7.015404074611571, 55.087757028377702 ], [ -7.015138771742844, 55.08776885911729 ], [ -7.0155482381855, 55.08777796927582 ], [ -7.014937349607324, 55.086136342584361 ], [ -7.022256162087867, 55.087834157831942 ], [ -7.019802078969684, 55.087872612352442 ], [ -7.021664587545906, 55.087914051031234 ], [ -7.013225183339696, 55.088586374354541 ], [ -7.021962803237383, 55.088528516179068 ] ] ], [ [ [ -7.009602329549355, 55.090400304986879 ], [ -7.019852203787541, 55.089657541978923 ], [ -7.02004429668473, 55.090129455983565 ], [ -7.009602329549355, 55.090400304986879 ] ] ], [ [ [ -7.01686404565996, 55.09208058473336 ], [ -7.021248698985637, 55.092115908402526 ], [ -7.021209191347775, 55.093732498886595 ], [ -7.013995494333023, 55.094082684347441 ], [ -7.017898205261369, 55.093526132760317 ], [ -7.010974883642409, 55.093470145169405 ], [ -7.018976566996237, 55.092763700019624 ], [ -7.01686404565996, 55.09208058473336 ] ], [ [ -7.019976605081002, 55.093087077251759 ], [ -7.019861069183124, 55.093246215786955 ], [ -7.020282766357829, 55.093186079067586 ], [ -7.019976605081002, 55.093087077251759 ] ] ], [ [ [ -6.87972134705639, 55.093772865617822 ], [ -6.879538110031779, 55.094489403937338 ], [ -6.882213879920231, 55.095051104259738 ], [ -6.881092366754426, 55.096837395493736 ], [ -6.877925951374029, 55.09656866698559 ], [ -6.878870930851809, 55.095341657662935 ], [ -6.875867031883636, 55.096192430503194 ], [ -6.87972134705639, 55.093772865617822 ] ] ], [ [ [ -7.017574690398794, 55.096592354971477 ], [ -7.015487656178608, 55.097099845959676 ], [ -7.015239823017132, 55.096652551440535 ], [ -7.012702038284543, 55.096717979430714 ], [ -7.012678720585002, 55.095099219455804 ], [ -7.011547854812215, 55.094185156355017 ], [ -7.012671459826234, 55.094595163484925 ], [ -7.012665034498159, 55.094149104734782 ], [ -7.018798766302984, 55.095213783881483 ], [ -7.018450414336559, 55.095815182056036 ], [ -7.021475756202336, 55.095643757329654 ], [ -7.018070013054857, 55.096471910475756 ], [ -7.018006698612608, 55.096581217135864 ], [ -7.017574690398794, 55.096592354971477 ] ] ], [ [ [ -6.878089670179444, 55.099441430403608 ], [ -6.878884793271133, 55.097356068551584 ], [ -6.881312631024848, 55.097629020932168 ], [ -6.878089670179444, 55.099441430403608 ] ] ], [ [ [ -7.020166483999381, 55.09793882644702 ], [ -7.015750764661103, 55.09914144675809 ], [ -7.011060671034731, 55.098225522745039 ], [ -7.020166483999381, 55.09793882644702 ] ] ], [ [ [ -6.908573216968283, 55.100099176005884 ], [ -6.904839588369755, 55.097022046817024 ], [ -6.910316785285169, 55.099224687889823 ], [ -6.908573216968283, 55.100099176005884 ] ] ], [ [ [ -7.013887957931368, 55.101497222288714 ], [ -7.009466606198109, 55.099870121389856 ], [ -7.015022114643671, 55.100329896356541 ], [ -7.013887957931368, 55.101497222288714 ] ] ], [ [ [ -6.985444472228219, 55.108171622802082 ], [ -6.986205899980019, 55.109547443919233 ], [ -6.987614942450484, 55.109087967647213 ], [ -6.987661980898817, 55.110022491240223 ], [ -6.981257026425765, 55.112632139841551 ], [ -6.982242847249462, 55.11083976032036 ], [ -6.985444472228219, 55.108171622802082 ] ] ], [ [ [ -6.980738810910681, 55.108367490575041 ], [ -6.980156343108034, 55.112000075754032 ], [ -6.977612388232484, 55.108645096541728 ], [ -6.980738810910681, 55.108367490575041 ] ] ], [ [ [ -6.985627319430877, 55.121989482190791 ], [ -6.983175235326997, 55.123481874232823 ], [ -6.982026746414069, 55.119335673281682 ], [ -6.986085506651031, 55.119978613104131 ], [ -6.985627319430877, 55.121989482190791 ] ] ], [ [ [ -6.953128501600317, 55.121604185769158 ], [ -6.949319884277705, 55.123386318374195 ], [ -6.947652433350231, 55.122848559551436 ], [ -6.953128501600317, 55.121604185769158 ] ] ], [ [ [ -6.951893006124333, 55.123635032596383 ], [ -6.947043011683218, 55.124553786724832 ], [ -6.946707382096291, 55.123248827358708 ], [ -6.951893006124333, 55.123635032596383 ] ] ], [ [ [ -6.974037073763401, 55.125036744646586 ], [ -6.969003997752106, 55.123099111294202 ], [ -6.974721555693922, 55.123346505988842 ], [ -6.974037073763401, 55.125036744646586 ] ] ], [ [ [ -6.979336245077041, 55.126236091168082 ], [ -6.974721555693922, 55.123346505988842 ], [ -6.980422284314786, 55.124625737160535 ], [ -6.979336245077041, 55.126236091168082 ] ] ], [ [ [ -6.94898230946869, 55.128532988811422 ], [ -6.947055939565429, 55.126394304156207 ], [ -6.950089894843467, 55.127095281722482 ], [ -6.94898230946869, 55.128532988811422 ] ] ], [ [ [ -6.9481594795597, 55.131749705852677 ], [ -6.942522033332632, 55.131495951384295 ], [ -6.948404561778122, 55.131056550933536 ], [ -6.9481594795597, 55.131749705852677 ] ] ], [ [ [ -6.938558163143058, 55.132904828919067 ], [ -6.937852071308364, 55.130235549961171 ], [ -6.939993225424358, 55.132125655669768 ], [ -6.938558163143058, 55.132904828919067 ] ] ], [ [ [ -6.942418445076245, 55.139063354197361 ], [ -6.939303090123145, 55.139918807164932 ], [ -6.939112659504478, 55.136889833617325 ], [ -6.941601620502231, 55.137262269775967 ], [ -6.942418445076245, 55.139063354197361 ] ] ], [ [ [ -6.899755230856935, 55.141698972349609 ], [ -6.899665626074206, 55.143801274159436 ], [ -6.896902115813823, 55.142262590123828 ], [ -6.899755230856935, 55.141698972349609 ] ] ], [ [ [ -6.898434394801872, 55.144690394513816 ], [ -6.900260595477714, 55.143543447540942 ], [ -6.902824994308815, 55.145022571622718 ], [ -6.898434394801872, 55.144690394513816 ] ] ], [ [ [ -6.88722098266424, 55.14837987092254 ], [ -6.88611086387875, 55.144979167345795 ], [ -6.887840236371826, 55.145153359452351 ], [ -6.88722098266424, 55.14837987092254 ] ] ], [ [ [ -6.962082038140641, 55.157678582112453 ], [ -6.963041262992522, 55.154730020372099 ], [ -6.965290095888234, 55.155970316500962 ], [ -6.962082038140641, 55.157678582112453 ] ] ], [ [ [ -6.630334816539155, 54.055196199275919 ], [ -6.634406032983593, 54.058456870396064 ], [ -6.629049553885968, 54.056637960783036 ], [ -6.630334816539155, 54.055196199275919 ] ] ], [ [ [ -6.588193029259449, 54.070403916942212 ], [ -6.584082193917576, 54.069588864587409 ], [ -6.584205884546266, 54.068866334097962 ], [ -6.588193029259449, 54.070403916942212 ] ] ], [ [ [ -6.620021895982993, 54.075301101190043 ], [ -6.620650739283202, 54.072686795122685 ], [ -6.622737642292451, 54.074619262618228 ], [ -6.620021895982993, 54.075301101190043 ] ] ], [ [ [ -6.593082998730488, 54.079151874553467 ], [ -6.591192975118813, 54.077832130738983 ], [ -6.595209386409072, 54.077369481068544 ], [ -6.593082998730488, 54.079151874553467 ] ] ], [ [ [ -6.620369999227737, 54.086399115813705 ], [ -6.620983376800107, 54.083684068758203 ], [ -6.623458346603094, 54.085093376640735 ], [ -6.620369999227737, 54.086399115813705 ] ] ], [ [ [ -6.639186145903495, 54.088968985589979 ], [ -6.635522128718336, 54.087591324803668 ], [ -6.638519989075691, 54.08731258528541 ], [ -6.639186145903495, 54.088968985589979 ] ] ], [ [ [ -6.640212245937414, 54.091265468789352 ], [ -6.63750195148677, 54.089619119594381 ], [ -6.642078007774257, 54.089316781246787 ], [ -6.640212245937414, 54.091265468789352 ] ] ], [ [ [ -6.627739060849209, 54.092378847192549 ], [ -6.625964238144172, 54.093412976859263 ], [ -6.625964552282801, 54.090624583389676 ], [ -6.627739060849209, 54.092378847192549 ] ] ], [ [ [ -6.612497890892213, 54.093748527789877 ], [ -6.61359507746827, 54.090376028358165 ], [ -6.616836482454236, 54.091073801533589 ], [ -6.612497890892213, 54.093748527789877 ] ] ], [ [ [ -6.601024795622248, 54.095400006543912 ], [ -6.603043811189763, 54.092797099068434 ], [ -6.604820546314921, 54.09428334027794 ], [ -6.601024795622248, 54.095400006543912 ] ] ], [ [ [ -6.56899820977989, 54.098084011062262 ], [ -6.569857079654198, 54.095679694054603 ], [ -6.573718564586925, 54.095768185291057 ], [ -6.56899820977989, 54.098084011062262 ] ] ], [ [ [ -6.594993504332272, 54.104612037682855 ], [ -6.594354002868845, 54.102198628128392 ], [ -6.597499876566266, 54.106297156730221 ], [ -6.594993504332272, 54.104612037682855 ] ] ], [ [ [ -6.626491312248198, 54.113374239399526 ], [ -6.625979846492993, 54.116413285947587 ], [ -6.622065025960866, 54.114557960318081 ], [ -6.621686652535104, 54.113725201543339 ], [ -6.626491312248198, 54.113374239399526 ] ] ], [ [ [ -6.583000424713043, 54.147949315356925 ], [ -6.585531406966923, 54.149726879074599 ], [ -6.583845056118999, 54.151324284264994 ], [ -6.583000424713043, 54.147949315356925 ] ] ], [ [ [ -6.562633367120328, 54.164884977827327 ], [ -6.562094259968804, 54.16759816496716 ], [ -6.558959331912827, 54.165558101086191 ], [ -6.562633367120328, 54.164884977827327 ] ] ], [ [ [ -6.634468042449801, 54.172128972660921 ], [ -6.632254920334542, 54.173155140512662 ], [ -6.631609934139496, 54.170138965983462 ], [ -6.633581351743806, 54.169431254123097 ], [ -6.634468042449801, 54.172128972660921 ] ] ], [ [ [ -6.738190617680223, 54.187707969024089 ], [ -6.735138213958507, 54.186045343926637 ], [ -6.738859799131664, 54.18647038735002 ], [ -6.738190617680223, 54.187707969024089 ] ] ], [ [ [ -6.729482713150505, 54.196530645458544 ], [ -6.726176283345331, 54.195189063150657 ], [ -6.730264831934742, 54.194021520476859 ], [ -6.729482713150505, 54.196530645458544 ] ] ], [ [ [ -6.673936347272175, 54.204454267480614 ], [ -6.675548875886347, 54.202059564440894 ], [ -6.676635022961205, 54.203860470795426 ], [ -6.673936347272175, 54.204454267480614 ] ] ], [ [ [ -6.782128000895237, 54.215791272023168 ], [ -6.786043632529771, 54.212758960490561 ], [ -6.786728108495439, 54.213159742176011 ], [ -6.782128000895237, 54.215791272023168 ] ] ], [ [ [ -6.588062582425985, 54.241419262711496 ], [ -6.589857088962434, 54.238799263009199 ], [ -6.590664764726061, 54.240662483215978 ], [ -6.588062582425985, 54.241419262711496 ] ] ], [ [ [ -6.73786182203855, 54.243480602792388 ], [ -6.735287469896377, 54.243062598120822 ], [ -6.73658936460343, 54.241063496959498 ], [ -6.738301734399826, 54.242167632948451 ], [ -6.73786182203855, 54.243480602792388 ] ] ], [ [ [ -6.592949299461163, 54.251626762390856 ], [ -6.58967692147863, 54.248605714197616 ], [ -6.591106299330733, 54.248442745209218 ], [ -6.592949299461163, 54.251626762390856 ] ] ], [ [ [ -6.605721075270665, 54.252842264986192 ], [ -6.609389382539919, 54.250838080945833 ], [ -6.609659306149242, 54.252438669264563 ], [ -6.605721075270665, 54.252842264986192 ] ] ], [ [ [ -6.609059532038026, 54.256185627395148 ], [ -6.605625031555587, 54.255349481782936 ], [ -6.607608725941313, 54.253845553536173 ], [ -6.609059532038026, 54.256185627395148 ] ] ], [ [ [ -6.608360534281523, 54.25986763121373 ], [ -6.605801374168742, 54.259911249890941 ], [ -6.60695264140523, 54.257372960702817 ], [ -6.609692899650989, 54.258447245763584 ], [ -6.608360534281523, 54.25986763121373 ] ] ], [ [ [ -6.604464215691619, 54.259643735159074 ], [ -6.600512506478642, 54.258097204162304 ], [ -6.605512376980589, 54.258547922470726 ], [ -6.604464215691619, 54.259643735159074 ] ] ], [ [ [ -6.740587588469152, 54.260709344949902 ], [ -6.738549835245516, 54.263034010492376 ], [ -6.736931466279158, 54.261298696125472 ], [ -6.740587588469152, 54.260709344949902 ] ] ], [ [ [ -6.738598411987872, 54.293015161805535 ], [ -6.738898832315803, 54.290770750419519 ], [ -6.740070270221922, 54.291619971730171 ], [ -6.738598411987872, 54.293015161805535 ] ] ], [ [ [ -6.600160845224087, 54.329947142112751 ], [ -6.597596509591536, 54.331841111783213 ], [ -6.595811184462728, 54.33021669048965 ], [ -6.600160845224087, 54.329947142112751 ] ] ], [ [ [ -6.623808724925891, 54.347341722769038 ], [ -6.617231667501013, 54.34952941640055 ], [ -6.615997792955175, 54.347549530297073 ], [ -6.623808724925891, 54.347341722769038 ] ] ], [ [ [ -6.617231667501013, 54.34952941640055 ], [ -6.622110654554294, 54.349006679057645 ], [ -6.620073520096193, 54.352829774277431 ], [ -6.617212885438423, 54.349633378776062 ], [ -6.617231667501013, 54.34952941640055 ] ] ], [ [ [ -6.60590392594525, 54.365145215966251 ], [ -6.601043212711656, 54.36481661771613 ], [ -6.603874055370206, 54.360793221445583 ], [ -6.606306016464969, 54.360368658943493 ], [ -6.60590392594525, 54.365145215966251 ] ] ], [ [ [ -6.596943577849, 54.366026823362191 ], [ -6.601043212711656, 54.36481661771613 ], [ -6.601223025022872, 54.366351830496029 ], [ -6.596943577849, 54.366026823362191 ] ] ], [ [ [ -6.781332258442261, 54.366951774267172 ], [ -6.778827123621365, 54.364818542996787 ], [ -6.781847870836855, 54.365495538655757 ], [ -6.781332258442261, 54.366951774267172 ] ] ], [ [ [ -6.60179785681465, 54.370701857885464 ], [ -6.604656187387167, 54.373414259052154 ], [ -6.600078930736945, 54.372851938522032 ], [ -6.599908711599034, 54.372170594838899 ], [ -6.60179785681465, 54.370701857885464 ] ] ], [ [ [ -6.600303402297545, 54.372884968530741 ], [ -6.605274093230598, 54.374502337794155 ], [ -6.599515461559198, 54.374681637119004 ], [ -6.600303402297545, 54.372884968530741 ] ] ], [ [ [ -6.556424546455045, 54.380266822135034 ], [ -6.558249351113607, 54.382994460218555 ], [ -6.554483610518689, 54.380526373991316 ], [ -6.556424546455045, 54.380266822135034 ] ] ], [ [ [ -6.731973419190984, 54.387215024934292 ], [ -6.728702926417033, 54.38922851908913 ], [ -6.727992609259924, 54.387617969856429 ], [ -6.731973419190984, 54.387215024934292 ] ] ], [ [ [ -6.74363432179809, 54.393131997725717 ], [ -6.739357331528586, 54.393860893096218 ], [ -6.739946059888241, 54.392786952143098 ], [ -6.74363432179809, 54.393131997725717 ] ] ], [ [ [ -6.751182161769868, 54.400685780296861 ], [ -6.75531712932009, 54.402982034348305 ], [ -6.750124950864815, 54.402157564206071 ], [ -6.751182161769868, 54.400685780296861 ] ] ], [ [ [ -6.574256377285922, 54.405807869119094 ], [ -6.575733424817392, 54.403187548270871 ], [ -6.575234762274974, 54.406317761131646 ], [ -6.574256377285922, 54.405807869119094 ] ] ], [ [ [ -6.623621078712239, 54.414758504122915 ], [ -6.62651788852467, 54.413324427118056 ], [ -6.626684388369597, 54.414984390175348 ], [ -6.623621078712239, 54.414758504122915 ] ] ], [ [ [ -6.744304070774597, 54.417482393204921 ], [ -6.745534827000208, 54.414184456249437 ], [ -6.747291077498127, 54.41631151590078 ], [ -6.744304070774597, 54.417482393204921 ] ] ], [ [ [ -6.625620579696023, 54.419438392659373 ], [ -6.627630756415025, 54.419510326515329 ], [ -6.628275906530487, 54.421977431596588 ], [ -6.625147603730293, 54.420868684523683 ], [ -6.625620579696023, 54.419438392659373 ] ] ], [ [ [ -6.735665373765816, 54.420206957028974 ], [ -6.740553786214254, 54.421507097830961 ], [ -6.7384575413716, 54.422421581253303 ], [ -6.734522594227374, 54.421093393668798 ], [ -6.735665373765816, 54.420206957028974 ] ] ], [ [ [ -6.588225222744076, 54.434586029354683 ], [ -6.589045275025021, 54.438306012525054 ], [ -6.585500076706965, 54.434664851625172 ], [ -6.588225222744076, 54.434586029354683 ] ] ], [ [ [ -6.570925310922719, 54.439392749706997 ], [ -6.572714676463036, 54.436826877305855 ], [ -6.573870619218748, 54.439278806041706 ], [ -6.570925310922719, 54.439392749706997 ] ] ], [ [ [ -6.588480530254337, 54.471437335611036 ], [ -6.5884182602196, 54.468814906815012 ], [ -6.590049940211399, 54.470916721932134 ], [ -6.588480530254337, 54.471437335611036 ] ] ], [ [ [ -6.79412429866149, 54.470323769473382 ], [ -6.79681405762136, 54.472889704126132 ], [ -6.793473737421716, 54.471687088823387 ], [ -6.79412429866149, 54.470323769473382 ] ] ], [ [ [ -6.59635786546341, 54.4761668154906 ], [ -6.597845814608005, 54.481150163575151 ], [ -6.594524672107228, 54.48072764639025 ], [ -6.59635786546341, 54.4761668154906 ] ] ], [ [ [ -6.574469321693146, 54.48226840108326 ], [ -6.571692179480275, 54.480355831653505 ], [ -6.57516328997492, 54.480663888175883 ], [ -6.574469321693146, 54.48226840108326 ] ] ], [ [ [ -6.595186949702788, 54.500520821178547 ], [ -6.59281379665024, 54.497983678395443 ], [ -6.594678558610179, 54.497576877244832 ], [ -6.595186949702788, 54.500520821178547 ] ] ], [ [ [ -6.782627458232535, 54.503378281363972 ], [ -6.785699748273046, 54.50530748654861 ], [ -6.782825088925039, 54.506568552171267 ], [ -6.78047643076308, 54.503865159568875 ], [ -6.782627458232535, 54.503378281363972 ] ] ], [ [ [ -6.593841195983945, 54.529414073205913 ], [ -6.59522525531871, 54.526904800166811 ], [ -6.596506834007876, 54.527737439532558 ], [ -6.593841195983945, 54.529414073205913 ] ] ], [ [ [ -6.767403990037621, 54.532436313790676 ], [ -6.762463588286121, 54.531004631233337 ], [ -6.768094565595283, 54.532163349177225 ], [ -6.767403990037621, 54.532436313790676 ] ] ], [ [ [ -6.729405404609593, 54.533140892774576 ], [ -6.728704412980939, 54.53557579980572 ], [ -6.721116065481556, 54.536565545025169 ], [ -6.725653540076205, 54.535097017585493 ], [ -6.724980608143823, 54.53277883747247 ], [ -6.729405404609593, 54.533140892774576 ] ] ], [ [ [ -6.606764603274502, 54.547776326770304 ], [ -6.605059429788204, 54.545470878623767 ], [ -6.6077779782022, 54.546157179209239 ], [ -6.606764603274502, 54.547776326770304 ] ] ], [ [ [ -6.7510030157072, 54.565008314273122 ], [ -6.750411882916761, 54.564116667497821 ], [ -6.751483884867376, 54.565491880013866 ], [ -6.7510030157072, 54.565008314273122 ] ] ], [ [ [ -6.746122448122463, 54.564830944096407 ], [ -6.750411459104393, 54.564116371144159 ], [ -6.746644583695625, 54.565971275706744 ], [ -6.746122448122463, 54.564830944096407 ] ] ], [ [ [ -6.791564171990826, 54.571119901789629 ], [ -6.786072975958819, 54.571454341427284 ], [ -6.789061515632784, 54.569340196885584 ], [ -6.791274247477368, 54.569343811663792 ], [ -6.791564171990826, 54.571119901789629 ] ] ], [ [ [ -6.591951066837504, 54.575469482188453 ], [ -6.588134817114749, 54.573981880029045 ], [ -6.591464737897555, 54.573532945558121 ], [ -6.592612253301947, 54.574523368572699 ], [ -6.591951066837504, 54.575469482188453 ] ] ], [ [ [ -6.781493600946742, 54.576723362898719 ], [ -6.777825902201869, 54.57713855386816 ], [ -6.777320447496231, 54.576138030466247 ], [ -6.781493600946742, 54.576723362898719 ] ] ], [ [ [ -6.778209531554434, 54.578475354533502 ], [ -6.77499437220702, 54.579893655663199 ], [ -6.774707730937681, 54.579245291444124 ], [ -6.778209531554434, 54.578475354533502 ] ] ], [ [ [ -6.556196143283169, 54.585839124973091 ], [ -6.558265016376487, 54.584396168806329 ], [ -6.560934180272411, 54.585475783748883 ], [ -6.556196143283169, 54.585839124973091 ] ] ], [ [ [ -6.697825703136707, 54.591514239624019 ], [ -6.699892846168585, 54.588790316786508 ], [ -6.6999310507747, 54.591703372448265 ], [ -6.697825703136707, 54.591514239624019 ] ] ], [ [ [ -6.730163989890561, 54.601728989658717 ], [ -6.731373656169567, 54.5994014807318 ], [ -6.733108245488168, 54.601321863047453 ], [ -6.730163989890561, 54.601728989658717 ] ] ], [ [ [ -6.630385768834066, 54.611877248259731 ], [ -6.626372990169063, 54.613967424182995 ], [ -6.626854550494267, 54.611593628406979 ], [ -6.630385768834066, 54.611877248259731 ] ] ], [ [ [ -6.682964587711345, 54.613338724481956 ], [ -6.678356011693753, 54.614712340778048 ], [ -6.678079040110076, 54.613725115102753 ], [ -6.682964587711345, 54.613338724481956 ] ] ], [ [ [ -6.59114488066381, 54.618691611564508 ], [ -6.596538970221047, 54.61870919646865 ], [ -6.589545228441286, 54.62018156008574 ], [ -6.59114488066381, 54.618691611564508 ] ] ], [ [ [ -6.566252554121813, 54.646286520565951 ], [ -6.561430748266682, 54.644428328821277 ], [ -6.566327629096453, 54.645244439541699 ], [ -6.566252554121813, 54.646286520565951 ] ] ], [ [ [ -6.58183490375278, 54.653581369642929 ], [ -6.586167817189213, 54.652893172340875 ], [ -6.587667872715466, 54.653512915121006 ], [ -6.58183490375278, 54.653581369642929 ] ] ], [ [ [ -6.574759976648639, 54.657590497559774 ], [ -6.570919165533276, 54.660042004032569 ], [ -6.570718822106032, 54.655937860273049 ], [ -6.572587937782669, 54.655631914246221 ], [ -6.574759976648639, 54.657590497559774 ] ] ], [ [ [ -6.571558182175462, 54.662821186280873 ], [ -6.572212002059511, 54.659697895311965 ], [ -6.574529658367916, 54.659969347091732 ], [ -6.571558182175462, 54.662821186280873 ] ] ], [ [ [ -6.59252394748583, 54.664150483836039 ], [ -6.594260374518393, 54.663010371700423 ], [ -6.59644589831701, 54.663529188493314 ], [ -6.594677052955952, 54.665369960284927 ], [ -6.59252394748583, 54.664150483836039 ] ] ], [ [ [ -6.629311261955172, 54.693159502706841 ], [ -6.632122407470622, 54.695665108248193 ], [ -6.626352697752883, 54.693374872289851 ], [ -6.629311261955172, 54.693159502706841 ] ] ], [ [ [ -6.794996209659621, 54.706893540467085 ], [ -6.79254604591553, 54.706601716757568 ], [ -6.795742899903564, 54.703841039685287 ], [ -6.796295201199478, 54.703947742364015 ], [ -6.794996209659621, 54.706893540467085 ] ] ], [ [ [ -6.790447713443155, 54.706415059344693 ], [ -6.792965078760142, 54.704351463959462 ], [ -6.793747941434149, 54.704579628003088 ], [ -6.790447713443155, 54.706415059344693 ] ] ], [ [ [ -6.651182043028715, 54.713400904892971 ], [ -6.656078608445796, 54.714963104413975 ], [ -6.650611771930858, 54.714374136552131 ], [ -6.651182043028715, 54.713400904892971 ] ] ], [ [ [ -6.562458677048846, 54.72173160270556 ], [ -6.561869214062352, 54.723664728309707 ], [ -6.559050957028967, 54.72209135950915 ], [ -6.562458677048846, 54.72173160270556 ] ] ], [ [ [ -6.724364673936146, 54.782750972382352 ], [ -6.722165003131261, 54.780197871885768 ], [ -6.72496300254271, 54.780126171523385 ], [ -6.724364673936146, 54.782750972382352 ] ] ], [ [ [ -6.675470887461259, 54.786643359722561 ], [ -6.673920580909631, 54.783653439380629 ], [ -6.676161530143881, 54.785033846337392 ], [ -6.675470887461259, 54.786643359722561 ] ] ], [ [ [ -6.671709233854134, 54.806545860003972 ], [ -6.667662274295264, 54.806645988546656 ], [ -6.668653008024862, 54.804895310530114 ], [ -6.671734169787201, 54.805785917768183 ], [ -6.671709233854134, 54.806545860003972 ] ] ], [ [ [ -6.672989653921192, 54.80793085961399 ], [ -6.672151963676326, 54.805113329371906 ], [ -6.67768398335684, 54.806129534441872 ], [ -6.677542904791832, 54.807072595173793 ], [ -6.672989653921192, 54.80793085961399 ] ] ], [ [ [ -6.790097934354433, 54.84090375356179 ], [ -6.78872292495369, 54.838473362056973 ], [ -6.792835314431666, 54.840810765813067 ], [ -6.790097934354433, 54.84090375356179 ] ] ], [ [ [ -6.552945964403301, 54.843522654337015 ], [ -6.553497766757848, 54.841667973005947 ], [ -6.556210606809548, 54.843273229099395 ], [ -6.552945964403301, 54.843522654337015 ] ] ], [ [ [ -6.571368991960996, 54.867202564547583 ], [ -6.570351358465782, 54.864443836500058 ], [ -6.5739199510299, 54.865773376282064 ], [ -6.571368991960996, 54.867202564547583 ] ] ], [ [ [ -6.745040047874337, 54.869020072208862 ], [ -6.743471576018774, 54.866472219994826 ], [ -6.746520894280144, 54.867944475233969 ], [ -6.745040047874337, 54.869020072208862 ] ] ], [ [ [ -6.59206478883239, 54.872689472192725 ], [ -6.590043493816271, 54.8721816247334 ], [ -6.593151643146261, 54.870494953138582 ], [ -6.594551793565771, 54.871436938478176 ], [ -6.59206478883239, 54.872689472192725 ] ] ], [ [ [ -6.554122141707126, 54.876430847348658 ], [ -6.557138287531257, 54.877230189115345 ], [ -6.561189181738047, 54.877596618188448 ], [ -6.56092238194572, 54.880598665691906 ], [ -6.554122141707126, 54.876430847348658 ] ] ], [ [ [ -6.715851286422353, 54.903144399123676 ], [ -6.713908611332892, 54.899710146118757 ], [ -6.714907542554807, 54.899720718859889 ], [ -6.715851286422353, 54.903144399123676 ] ] ], [ [ [ -6.639760908122895, 54.933399027795076 ], [ -6.643511472497445, 54.933176940929194 ], [ -6.642830358782907, 54.934870702004474 ], [ -6.639760908122895, 54.933399027795076 ] ] ], [ [ [ -6.61419208704991, 54.981977058194055 ], [ -6.613433152135689, 54.982083126295286 ], [ -6.611250039896521, 54.981974372834856 ], [ -6.613691137512742, 54.980305956570135 ], [ -6.614137033766362, 54.981793407696919 ], [ -6.615770459107051, 54.979596937857295 ], [ -6.616495942242577, 54.981490841417958 ], [ -6.614182387683527, 54.981944702386308 ], [ -6.61419208704991, 54.981977058194055 ] ] ], [ [ [ -6.609142394720681, 54.981383514374585 ], [ -6.611457475185128, 54.984022635398546 ], [ -6.608417680059129, 54.982942522490028 ], [ -6.609142394720681, 54.981383514374585 ] ] ], [ [ [ -6.586133901073892, 54.984519118478971 ], [ -6.582651414847227, 54.982586474122279 ], [ -6.584975442686765, 54.982008765970789 ], [ -6.586133901073892, 54.984519118478971 ] ] ], [ [ [ -6.563268912080796, 55.004566515124147 ], [ -6.560527040050884, 55.003221044100286 ], [ -6.564235731884408, 55.003140577276504 ], [ -6.563268912080796, 55.004566515124147 ] ] ], [ [ [ -6.634775417386829, 55.008339394170456 ], [ -6.632200568150046, 55.006688397177932 ], [ -6.63525416281453, 55.005890268530734 ], [ -6.634775417386829, 55.008339394170456 ] ] ], [ [ [ -6.683014578003801, 55.014801815642613 ], [ -6.680958935126458, 55.013190442226886 ], [ -6.684628450278404, 55.012946507999771 ], [ -6.686751324798541, 55.01358928385735 ], [ -6.683014578003801, 55.014801815642613 ] ] ], [ [ [ -6.661393860956286, 55.021208671627718 ], [ -6.665480889836702, 55.019662234499201 ], [ -6.665424376560921, 55.021491721901079 ], [ -6.661393860956286, 55.021208671627718 ] ] ], [ [ [ -6.756051915985927, 55.027352348218287 ], [ -6.754462430047217, 55.025428772899815 ], [ -6.756569529189981, 55.026998311740705 ], [ -6.756051915985927, 55.027352348218287 ] ] ], [ [ [ -6.713418397919043, 55.034643709299509 ], [ -6.717131839984217, 55.037170694780329 ], [ -6.713214621366239, 55.037302351809089 ], [ -6.713418397919043, 55.034643709299509 ] ] ], [ [ [ -6.698725376686107, 55.038880744135653 ], [ -6.696424889916909, 55.0362083444669 ], [ -6.701602190498041, 55.03792267078213 ], [ -6.698725376686107, 55.038880744135653 ] ] ], [ [ [ -6.785023347256448, 55.041479167735652 ], [ -6.779885939108114, 55.040495478222816 ], [ -6.786380988232532, 55.03974187476301 ], [ -6.785023347256448, 55.041479167735652 ] ] ], [ [ [ -6.665245050302785, 55.039982975691835 ], [ -6.669141166758227, 55.04152013302555 ], [ -6.665219105759761, 55.040762982821605 ], [ -6.665245050302785, 55.039982975691835 ] ] ], [ [ [ -6.780012654816091, 55.041677032631313 ], [ -6.775814188590742, 55.042186865914694 ], [ -6.776700549228594, 55.040301572885369 ], [ -6.779821470629734, 55.040279803083315 ], [ -6.780012654816091, 55.041677032631313 ] ] ], [ [ [ -6.73711938424025, 55.042608411458595 ], [ -6.73817559055242, 55.040498058814123 ], [ -6.740243877155875, 55.041141034065163 ], [ -6.73711938424025, 55.042608411458595 ] ] ], [ [ [ -6.670933624322774, 55.051246125615975 ], [ -6.666159163797772, 55.048597151765001 ], [ -6.670265157581841, 55.048987384734758 ], [ -6.665936427565504, 55.047418475505815 ], [ -6.671880934686427, 55.047445393046146 ], [ -6.670265266560985, 55.048987395092119 ], [ -6.671557341444134, 55.049110193675197 ], [ -6.670933624322774, 55.051246125615975 ] ] ], [ [ [ -6.577901752203266, 55.050374240058943 ], [ -6.573228724514488, 55.049780540324889 ], [ -6.578112229172639, 55.049083280665634 ], [ -6.577901752203266, 55.050374240058943 ] ] ], [ [ [ -6.770289067807253, 55.05909301063668 ], [ -6.763834927681177, 55.058239387365568 ], [ -6.764852502638067, 55.056433748377046 ], [ -6.770766787645792, 55.058410611419724 ], [ -6.770289067807253, 55.05909301063668 ] ] ], [ [ [ -6.567919528059452, 55.070345852785991 ], [ -6.570631132205809, 55.071006663868964 ], [ -6.568976115249881, 55.072639915156316 ], [ -6.566995198998188, 55.072247467019523 ], [ -6.567919528059452, 55.070345852785991 ] ] ], [ [ [ -6.678038174562567, 55.072091249399548 ], [ -6.675795630931918, 55.074876024649171 ], [ -6.674336502682077, 55.073894101549726 ], [ -6.678038174562567, 55.072091249399548 ] ] ], [ [ [ -6.680512792268487, 55.077189935830027 ], [ -6.677179091210723, 55.078912207427372 ], [ -6.675976506058599, 55.076380007360235 ], [ -6.680512792268487, 55.077189935830027 ] ] ], [ [ [ -6.584803171209836, 55.079733978213646 ], [ -6.579440594335126, 55.083181329288244 ], [ -6.579700298571626, 55.07911894389229 ], [ -6.584803171209836, 55.079733978213646 ] ] ], [ [ [ -6.653367419237617, 55.086414084578287 ], [ -6.651918867432883, 55.083794705836162 ], [ -6.655113987257205, 55.085534266470624 ], [ -6.653367419237617, 55.086414084578287 ] ] ], [ [ [ -6.675716591807182, 55.098621079520825 ], [ -6.672796483509745, 55.096938723729373 ], [ -6.674929774317748, 55.09560554660036 ], [ -6.677659898842364, 55.09734688969229 ], [ -6.675716591807182, 55.098621079520825 ] ] ], [ [ [ -6.769982002467867, 55.107481039304041 ], [ -6.770045928870718, 55.104121533132897 ], [ -6.774145050419736, 55.105949980498139 ], [ -6.769982002467867, 55.107481039304041 ] ] ], [ [ [ -6.700846890276527, 55.107932415648257 ], [ -6.700931205685571, 55.105454595179111 ], [ -6.702739667592352, 55.109191011155168 ], [ -6.700846890276527, 55.107932415648257 ] ] ], [ [ [ -6.76953973063288, 55.106945223475279 ], [ -6.771335844148786, 55.110479892615636 ], [ -6.76814795350198, 55.108041236390619 ], [ -6.76953973063288, 55.106945223475279 ] ] ], [ [ [ -6.774310442229768, 55.111856828147339 ], [ -6.770800059423451, 55.11079384221896 ], [ -6.772870957278679, 55.110127428646734 ], [ -6.774310442229768, 55.111856828147339 ] ] ], [ [ [ -6.567476985225355, 55.121229745910249 ], [ -6.568234584633112, 55.118545567599718 ], [ -6.569238119523703, 55.119961377444838 ], [ -6.567476985225355, 55.121229745910249 ] ] ], [ [ [ -6.617754243734805, 55.129728414548211 ], [ -6.619491045027068, 55.12688888508135 ], [ -6.621247107117561, 55.129170423896291 ], [ -6.617754243734805, 55.129728414548211 ] ] ], [ [ [ -6.762208759367922, 55.130712095434816 ], [ -6.76304056871014, 55.128324676381183 ], [ -6.764535169477588, 55.130341695414018 ], [ -6.762208759367922, 55.130712095434816 ] ] ], [ [ [ -6.745418755414488, 55.131751091123625 ], [ -6.748329988228316, 55.133662177455442 ], [ -6.744804954802842, 55.133758222198892 ], [ -6.745418755414488, 55.131751091123625 ] ] ], [ [ [ -6.704144812101911, 55.131913776347957 ], [ -6.700708725531067, 55.133134814528574 ], [ -6.702102149935691, 55.135131544568154 ], [ -6.698920981085768, 55.134752566132093 ], [ -6.700124819854786, 55.132745401378031 ], [ -6.704144812101911, 55.131913776347957 ] ] ], [ [ [ -6.757351737331281, 55.135068247267526 ], [ -6.754482815578988, 55.136736591953664 ], [ -6.752271927864129, 55.135327313284833 ], [ -6.757351737331281, 55.135068247267526 ] ] ], [ [ [ -6.574232924110329, 55.143260019216115 ], [ -6.573129032928667, 55.14051098463662 ], [ -6.576284830750954, 55.140188570926163 ], [ -6.574232924110329, 55.143260019216115 ] ] ], [ [ [ -6.724115529994527, 55.149706598078346 ], [ -6.727700746317647, 55.148870562862633 ], [ -6.725792903035106, 55.151006561374047 ], [ -6.724115529994527, 55.149706598078346 ] ] ], [ [ [ -6.729981785779402, 55.152693298891045 ], [ -6.730676434600893, 55.149290305257409 ], [ -6.732902583263748, 55.150378356728794 ], [ -6.729981785779402, 55.152693298891045 ] ] ], [ [ [ -6.636036698400711, 55.15240619630417 ], [ -6.630466635152142, 55.153601226743959 ], [ -6.636475869999306, 55.151354421399482 ], [ -6.636036698400711, 55.15240619630417 ] ] ], [ [ [ -6.641044964490688, 55.154014153430737 ], [ -6.638061741176479, 55.153474233169355 ], [ -6.640588261759413, 55.151236010597792 ], [ -6.642350614769763, 55.154120611338939 ], [ -6.641044964490688, 55.154014153430737 ] ] ], [ [ [ -6.59800195389202, 55.153149413662042 ], [ -6.602030159116815, 55.154002611608952 ], [ -6.598665239321566, 55.154865762098048 ], [ -6.59800195389202, 55.153149413662042 ] ] ], [ [ [ -6.626180799826314, 55.15482466689096 ], [ -6.629222615189063, 55.155436700159548 ], [ -6.624165613672339, 55.157040656270674 ], [ -6.623429978855824, 55.155963092369042 ], [ -6.626180799826314, 55.15482466689096 ] ] ], [ [ [ -6.604902269332301, 55.161690978638219 ], [ -6.60433600156718, 55.158777698425595 ], [ -6.606896880743736, 55.161109371518378 ], [ -6.604902269332301, 55.161690978638219 ] ] ], [ [ [ -6.701740831530434, 55.178605136420892 ], [ -6.69971437947525, 55.177427914401946 ], [ -6.705135728156196, 55.176416739082384 ], [ -6.701740831530434, 55.178605136420892 ] ] ], [ [ [ -6.692063951662509, 55.179523224710238 ], [ -6.693322078164746, 55.176491465402052 ], [ -6.695102547034229, 55.177146700008507 ], [ -6.692063951662509, 55.179523224710238 ] ] ], [ [ [ -6.535494220361059, 54.068445324648764 ], [ -6.534605832638996, 54.065975123671784 ], [ -6.537211795471402, 54.067623159247461 ], [ -6.535494220361059, 54.068445324648764 ] ] ], [ [ [ -6.406372889031859, 54.070664253642541 ], [ -6.403650156329068, 54.068324657386356 ], [ -6.408038835957651, 54.068661401558771 ], [ -6.406372889031859, 54.070664253642541 ] ] ], [ [ [ -6.513503205467772, 54.071410021693296 ], [ -6.516315876781317, 54.069647791307297 ], [ -6.516863090392532, 54.071438034114131 ], [ -6.513503205467772, 54.071410021693296 ] ] ], [ [ [ -6.515831577752302, 54.074998293493834 ], [ -6.515642520547241, 54.071986077491218 ], [ -6.517381783185211, 54.074441093111261 ], [ -6.515831577752302, 54.074998293493834 ] ] ], [ [ [ -6.510944264050843, 54.074612903210486 ], [ -6.507478747375576, 54.074125227697849 ], [ -6.512834607835882, 54.073019025416144 ], [ -6.510944264050843, 54.074612903210486 ] ] ], [ [ [ -6.530474797605982, 54.076819282041413 ], [ -6.530399821495966, 54.074207451953242 ], [ -6.532347949046453, 54.074198731372405 ], [ -6.530474797605982, 54.076819282041413 ] ] ], [ [ [ -6.448232587171297, 54.083623564219465 ], [ -6.449446518532437, 54.085834833655746 ], [ -6.446059340019486, 54.086034504721383 ], [ -6.446147518244646, 54.083273379410322 ], [ -6.448232587171297, 54.083623564219465 ] ] ], [ [ [ -6.55229716868648, 54.084248416952946 ], [ -6.553169874770745, 54.086836513788462 ], [ -6.550777384125782, 54.086419477318337 ], [ -6.550337556881654, 54.085998487403707 ], [ -6.55229716868648, 54.084248416952946 ] ] ], [ [ [ -6.533693327377612, 54.088037957749322 ], [ -6.530033744808259, 54.086567765390271 ], [ -6.535480766273682, 54.085148787706416 ], [ -6.533693327377612, 54.088037957749322 ] ] ], [ [ [ -6.550167932057771, 54.087679254105758 ], [ -6.547200320002592, 54.086208935600759 ], [ -6.550777384125782, 54.086419477318337 ], [ -6.550167932057771, 54.087679254105758 ] ] ], [ [ [ -6.465488682253743, 54.092948474555449 ], [ -6.466212971165872, 54.090241622662646 ], [ -6.467689818342335, 54.091774172477891 ], [ -6.465488682253743, 54.092948474555449 ] ] ], [ [ [ -6.451306293887125, 54.099806347838587 ], [ -6.448833036339088, 54.097902841491084 ], [ -6.450705738549869, 54.096853243753465 ], [ -6.452406721525778, 54.099118790847712 ], [ -6.451306293887125, 54.099806347838587 ] ] ], [ [ [ -6.401763295510088, 54.104305116824321 ], [ -6.405151557005688, 54.106536622089358 ], [ -6.402473031032901, 54.106439373810041 ], [ -6.401763295510088, 54.104305116824321 ] ] ], [ [ [ -6.402807707970762, 54.112054788766102 ], [ -6.399912881875757, 54.109845401267037 ], [ -6.404505892448064, 54.110605482908213 ], [ -6.402807707970762, 54.112054788766102 ] ] ], [ [ [ -6.549322972022538, 54.119578230283409 ], [ -6.548458840764281, 54.117659328347351 ], [ -6.551944630422233, 54.119336442950264 ], [ -6.549322972022538, 54.119578230283409 ] ] ], [ [ [ -6.547843729210102, 54.120635257337611 ], [ -6.551944732151868, 54.119336771218464 ], [ -6.552566812302493, 54.12051781097982 ], [ -6.547843729210102, 54.120635257337611 ] ] ], [ [ [ -6.553241451924079, 54.125114482677063 ], [ -6.552735482388072, 54.122382901987109 ], [ -6.555266555886, 54.124328845095746 ], [ -6.553241451924079, 54.125114482677063 ] ] ], [ [ [ -6.492451465613351, 54.144306611211299 ], [ -6.489781746854875, 54.144384398459621 ], [ -6.490237132133895, 54.141581779432961 ], [ -6.491141605196171, 54.141160407273013 ], [ -6.492451465613351, 54.144306611211299 ] ] ], [ [ [ -6.41393511456013, 54.158361593623141 ], [ -6.412184231363795, 54.156012203887826 ], [ -6.414927917880232, 54.155963931792343 ], [ -6.415700431657748, 54.157915497558662 ], [ -6.41393511456013, 54.158361593623141 ] ] ], [ [ [ -6.526968075802605, 54.160482092096366 ], [ -6.530470692420498, 54.157981597011371 ], [ -6.530906308994891, 54.159854775254352 ], [ -6.526968075802605, 54.160482092096366 ] ] ], [ [ [ -6.514539991871044, 54.183729456932419 ], [ -6.513485061407329, 54.180918405699188 ], [ -6.516915312447707, 54.181295410697331 ], [ -6.514539991871044, 54.183729456932419 ] ] ], [ [ [ -6.452654965422076, 54.203960984103716 ], [ -6.448954206059668, 54.205187473690906 ], [ -6.448783147158801, 54.204112520163513 ], [ -6.452654965422076, 54.203960984103716 ] ] ], [ [ [ -6.441017366016879, 54.244988018237528 ], [ -6.439680355150625, 54.24631060682789 ], [ -6.443767024539698, 54.245713018147171 ], [ -6.441388103377505, 54.247221107637451 ], [ -6.437724202611838, 54.246596652627943 ], [ -6.439502249638212, 54.246336650979757 ], [ -6.437185805898904, 54.244827692455637 ], [ -6.441017366016879, 54.244988018237528 ] ] ], [ [ [ -6.548912359883977, 54.33661472731827 ], [ -6.548208110517573, 54.334002720373853 ], [ -6.552548588236355, 54.334698635459411 ], [ -6.548912359883977, 54.33661472731827 ] ] ], [ [ [ -6.453143020700494, 54.338422099770995 ], [ -6.456045044340375, 54.334837011928585 ], [ -6.458104813234631, 54.337312111902783 ], [ -6.455744702364544, 54.339574475861092 ], [ -6.453143020700494, 54.338422099770995 ] ] ], [ [ [ -6.451648024442843, 54.353648177837208 ], [ -6.453365279837454, 54.355910934534123 ], [ -6.451080626890964, 54.356668133547018 ], [ -6.449512125694839, 54.35556914444259 ], [ -6.451648024442843, 54.353648177837208 ] ] ], [ [ [ -6.44717087858045, 54.353927242201273 ], [ -6.448930928274035, 54.357207087199889 ], [ -6.446589577273243, 54.359100871728828 ], [ -6.446770026808814, 54.3591558835505 ], [ -6.443158328523727, 54.360530266144117 ], [ -6.441902359722855, 54.359996118333662 ], [ -6.443077392400592, 54.358030147510704 ], [ -6.446418974808186, 54.359048861883778 ], [ -6.443966107471243, 54.356656098945564 ], [ -6.44717087858045, 54.353927242201273 ] ] ], [ [ [ -6.554484807178012, 54.358549683931912 ], [ -6.549317300787427, 54.355192648137091 ], [ -6.554666140093379, 54.358200629779041 ], [ -6.554484807178012, 54.358549683931912 ] ] ], [ [ [ -6.458083376440058, 54.360363634491669 ], [ -6.457415400909126, 54.363926537568354 ], [ -6.455348412206488, 54.361495470914996 ], [ -6.458083376440058, 54.360363634491669 ] ] ], [ [ [ -6.52031304346255, 54.361405801133579 ], [ -6.523949330713998, 54.362828781950576 ], [ -6.520866428615118, 54.363335701235755 ], [ -6.52031304346255, 54.361405801133579 ] ] ], [ [ [ -6.447895783122095, 54.367576741448879 ], [ -6.445961205567572, 54.369494077961747 ], [ -6.443614482740259, 54.368307445494089 ], [ -6.447895783122095, 54.367576741448879 ] ] ], [ [ [ -6.487716759618361, 54.376213951208726 ], [ -6.484978874821907, 54.373272377925872 ], [ -6.489894664013646, 54.376055029747306 ], [ -6.487716759618361, 54.376213951208726 ] ] ], [ [ [ -6.411558683570663, 54.385965094555104 ], [ -6.41265129459978, 54.388899927068124 ], [ -6.410273737039789, 54.389277234031333 ], [ -6.411558683570663, 54.385965094555104 ] ] ], [ [ [ -6.48853533739448, 54.421407843508902 ], [ -6.483341242449866, 54.417117069618641 ], [ -6.486350558448491, 54.417477321378698 ], [ -6.490732777843736, 54.421224405823622 ], [ -6.48853533739448, 54.421407843508902 ] ] ], [ [ [ -6.507835232285261, 54.423348575275384 ], [ -6.504263636752562, 54.422915329751397 ], [ -6.506486704425098, 54.419219793039865 ], [ -6.509820454627605, 54.419795467646438 ], [ -6.507835232285261, 54.423348575275384 ] ] ], [ [ [ -6.447503748014629, 54.432588161874726 ], [ -6.43998511780317, 54.433611222032162 ], [ -6.442886068786883, 54.431751978928112 ], [ -6.447503748014629, 54.432588161874726 ] ] ], [ [ [ -6.536758181340179, 54.441198902276753 ], [ -6.533974985057827, 54.4432623369906 ], [ -6.532014474716577, 54.443058838469653 ], [ -6.536758181340179, 54.441198902276753 ] ] ], [ [ [ -6.446072141699801, 54.446329256412923 ], [ -6.447975812874074, 54.443838642293692 ], [ -6.448140446974843, 54.446253154134702 ], [ -6.446072141699801, 54.446329256412923 ] ] ], [ [ [ -6.523676202291888, 54.46114941711074 ], [ -6.519762025301209, 54.461254973096828 ], [ -6.523590364829863, 54.459818115274373 ], [ -6.523676202291888, 54.46114941711074 ] ] ], [ [ [ -6.518591465831441, 54.464431989853509 ], [ -6.515559417798654, 54.463797219045304 ], [ -6.519560533251024, 54.461522616506976 ], [ -6.520326073223822, 54.4626816556219 ], [ -6.518591465831441, 54.464431989853509 ] ] ], [ [ [ -6.518591465831441, 54.464431989853509 ], [ -6.52064727185244, 54.46304496048959 ], [ -6.522788328478275, 54.465209138764152 ], [ -6.519343277701525, 54.46459310366329 ], [ -6.518591465831441, 54.464431989853509 ] ] ], [ [ [ -6.430101170188466, 54.463431903708653 ], [ -6.429108559978173, 54.465774825555329 ], [ -6.427694309800185, 54.464048830691368 ], [ -6.430101170188466, 54.463431903708653 ] ] ], [ [ [ -6.502956224145673, 54.464625291101797 ], [ -6.506622699142159, 54.466301524569758 ], [ -6.506610162258127, 54.466645657599003 ], [ -6.502956224145673, 54.464625291101797 ] ] ], [ [ [ -6.45102024453242, 54.46805738320117 ], [ -6.449406737617326, 54.464769995159457 ], [ -6.453504907294255, 54.467906481895554 ], [ -6.45102024453242, 54.46805738320117 ] ] ], [ [ [ -6.50540945024403, 54.471122955173243 ], [ -6.504328720035525, 54.466898096984657 ], [ -6.506125447840334, 54.471299273772708 ], [ -6.50540945024403, 54.471122955173243 ] ] ], [ [ [ -6.503395566967066, 54.47176582449773 ], [ -6.501714591954943, 54.469822431647451 ], [ -6.505989151598013, 54.471399526882195 ], [ -6.503395566967066, 54.47176582449773 ] ] ], [ [ [ -6.451546765758767, 54.474253324246185 ], [ -6.452565100801841, 54.471135245830979 ], [ -6.453764086921826, 54.471869241672614 ], [ -6.451546765758767, 54.474253324246185 ] ] ], [ [ [ -6.461585973943003, 54.472593167002131 ], [ -6.457295190449003, 54.473752542913658 ], [ -6.455794231256543, 54.471744242035385 ], [ -6.461585973943003, 54.472593167002131 ] ] ], [ [ [ -6.4543529231814, 54.474904494439791 ], [ -6.451627161008343, 54.474623467852126 ], [ -6.454382480641906, 54.472372623469603 ], [ -6.456735326580871, 54.473821939742301 ], [ -6.4543529231814, 54.474904494439791 ] ] ], [ [ [ -6.484035361863849, 54.475666930516766 ], [ -6.481440670234313, 54.475101548350992 ], [ -6.483289550752226, 54.472348617392917 ], [ -6.485904525634381, 54.475380326582759 ], [ -6.484035361863849, 54.475666930516766 ] ] ], [ [ [ -6.471932922855014, 54.479276638406581 ], [ -6.466969740100703, 54.479951346914241 ], [ -6.471400271848053, 54.476091927126816 ], [ -6.472935728449857, 54.476287158819339 ], [ -6.471932922855014, 54.479276638406581 ] ] ], [ [ [ -6.400989287893071, 54.485122524632381 ], [ -6.404233166299155, 54.482475698628377 ], [ -6.40511910892798, 54.483793422999113 ], [ -6.400989287893071, 54.485122524632381 ] ] ], [ [ [ -6.430556710618751, 54.50257565383923 ], [ -6.426729573117487, 54.500751676064745 ], [ -6.425798460982544, 54.499812768974223 ], [ -6.430556710618751, 54.50257565383923 ] ] ], [ [ [ -6.419483002893659, 54.502193536180201 ], [ -6.414837658116213, 54.499990199132071 ], [ -6.421306569490493, 54.502766074374151 ], [ -6.419483002893659, 54.502193536180201 ] ] ], [ [ [ -6.489213376570229, 54.508119894833875 ], [ -6.483341719260896, 54.509007589446917 ], [ -6.480983537084587, 54.508643151748394 ], [ -6.489213376570229, 54.508119894833875 ] ] ], [ [ [ -6.550193680749679, 54.592874478266722 ], [ -6.550722379748805, 54.592695911023995 ], [ -6.554957970834034, 54.591394641281973 ], [ -6.552255532853676, 54.594326947700893 ], [ -6.550193680749679, 54.592874478266722 ] ] ], [ [ [ -6.539403270227528, 54.631171829387846 ], [ -6.544138704881549, 54.62976308397235 ], [ -6.53892845263125, 54.63234889969214 ], [ -6.539403270227528, 54.631171829387846 ] ] ], [ [ [ -6.539220870762064, 54.643748313700137 ], [ -6.536150163480728, 54.645610525167235 ], [ -6.534041808504454, 54.642641439136874 ], [ -6.53396654132125, 54.64152244412815 ], [ -6.539220870762064, 54.643748313700137 ] ] ], [ [ [ -6.536356301207756, 54.670181832120726 ], [ -6.532616369699512, 54.671762210111183 ], [ -6.531973063659329, 54.670623466900636 ], [ -6.536356301207756, 54.670181832120726 ] ] ], [ [ [ -6.486241737567716, 54.763796837941278 ], [ -6.485090481922558, 54.760536937727487 ], [ -6.487956159808117, 54.761312964092959 ], [ -6.486241737567716, 54.763796837941278 ] ] ], [ [ [ -6.486904553829267, 54.765022128136032 ], [ -6.492831469689794, 54.761943946572408 ], [ -6.496424837841785, 54.763290069347249 ], [ -6.486904553829267, 54.765022128136032 ] ] ], [ [ [ -6.48175791742718, 54.764877539905591 ], [ -6.484763666768704, 54.7629944944511 ], [ -6.484703932770111, 54.764739510209623 ], [ -6.48175791742718, 54.764877539905591 ] ] ], [ [ [ -6.47609927121957, 54.768656877251601 ], [ -6.474654902131245, 54.769411134576771 ], [ -6.472130989784833, 54.768866723659329 ], [ -6.473560868278796, 54.766798847607916 ], [ -6.471213233851933, 54.767710384959706 ], [ -6.472886020509671, 54.764363080457429 ], [ -6.474798986496649, 54.766318112196736 ], [ -6.473737254198605, 54.766730360644019 ], [ -6.47609927121957, 54.768656877251601 ] ] ], [ [ [ -6.491271430800686, 54.769106605574358 ], [ -6.496713342422216, 54.767780771853971 ], [ -6.497517860740424, 54.768702948661279 ], [ -6.491271430800686, 54.769106605574358 ] ] ], [ [ [ -6.517038085690317, 54.770893930790663 ], [ -6.515940745908541, 54.768548383982598 ], [ -6.519387553284515, 54.76992526131599 ], [ -6.517038085690317, 54.770893930790663 ] ] ], [ [ [ -6.479089939935479, 54.771262735844068 ], [ -6.474318751728716, 54.770085316239992 ], [ -6.47609927121957, 54.768656877251601 ], [ -6.479089939935479, 54.771262735844068 ] ] ], [ [ [ -6.520983950510153, 54.776323579066442 ], [ -6.518540230168263, 54.776374565025804 ], [ -6.519430348922909, 54.774576704721241 ], [ -6.516449174713119, 54.77378822581958 ], [ -6.522007449984387, 54.773608873132893 ], [ -6.521514233996626, 54.775127863190512 ], [ -6.519704772142497, 54.774649285826378 ], [ -6.520983950510153, 54.776323579066442 ] ] ], [ [ [ -6.474532776331625, 54.776886578265611 ], [ -6.479819450856552, 54.77639973371712 ], [ -6.474817332236005, 54.778252310264492 ], [ -6.474532776331625, 54.776886578265611 ] ] ], [ [ [ -6.477862620165502, 54.777964912446144 ], [ -6.477310373741507, 54.779951632820321 ], [ -6.474817332236005, 54.778252310264492 ], [ -6.476941926234601, 54.777804481092886 ], [ -6.477862620165502, 54.777964912446144 ] ] ], [ [ [ -6.478555317437499, 54.780559870666515 ], [ -6.477878361529987, 54.77795008893564 ], [ -6.480800716857736, 54.779298393880438 ], [ -6.478555317437499, 54.780559870666515 ] ] ], [ [ [ -6.547338671403108, 54.794391516334194 ], [ -6.546251492318342, 54.792092573234882 ], [ -6.549048787719656, 54.793254266575744 ], [ -6.547338671403108, 54.794391516334194 ] ] ], [ [ [ -6.482919648027476, 54.806155497364578 ], [ -6.482169271046548, 54.809408986494667 ], [ -6.478810986655423, 54.80927426111213 ], [ -6.481684216212358, 54.805753925928144 ], [ -6.482919648027476, 54.806155497364578 ] ] ], [ [ [ -6.447198772246653, 54.810156373585876 ], [ -6.448396067436741, 54.812340191721567 ], [ -6.444948287743623, 54.812245561175345 ], [ -6.444693564410871, 54.811080812687763 ], [ -6.447198772246653, 54.810156373585876 ] ] ], [ [ [ -6.474469586328078, 54.816789577808407 ], [ -6.471044421681053, 54.815682227842487 ], [ -6.475267296380754, 54.815843886585156 ], [ -6.474469586328078, 54.816789577808407 ] ] ], [ [ [ -6.460146643611415, 54.881279591287615 ], [ -6.461044509039938, 54.879247037426893 ], [ -6.462320737267151, 54.881472796164395 ], [ -6.460146643611415, 54.881279591287615 ] ] ], [ [ [ -6.473864518576118, 54.937669465043342 ], [ -6.471889066060364, 54.936662327667776 ], [ -6.475954427929018, 54.936496623527795 ], [ -6.473864518576118, 54.937669465043342 ] ] ], [ [ [ -6.462014570116508, 54.939345320136916 ], [ -6.458878509580354, 54.938541163033065 ], [ -6.462696986650569, 54.937037518809987 ], [ -6.462014570116508, 54.939345320136916 ] ] ], [ [ [ -6.497581821686454, 54.950758457293283 ], [ -6.495527390854088, 54.949762083999225 ], [ -6.498559463253522, 54.947224985726535 ], [ -6.50022660655481, 54.948863718900398 ], [ -6.497581821686454, 54.950758457293283 ] ] ], [ [ [ -6.433015330684039, 54.964089368515985 ], [ -6.430391584661193, 54.965130491396678 ], [ -6.428597210988883, 54.963893861317885 ], [ -6.433015330684039, 54.964089368515985 ] ] ], [ [ [ -6.538342134907332, 54.992135067270794 ], [ -6.543413856381736, 54.99064670570823 ], [ -6.543377245286405, 54.991800334161027 ], [ -6.538342134907332, 54.992135067270794 ] ] ], [ [ [ -6.431752583600067, 55.005895687230314 ], [ -6.436190008394331, 55.003508480317585 ], [ -6.437000058365841, 55.004184662176627 ], [ -6.431752583600067, 55.005895687230314 ] ] ], [ [ [ -6.430121384446537, 55.036160219414221 ], [ -6.430910068580797, 55.034232942215219 ], [ -6.434288513260895, 55.036328167555411 ], [ -6.430121384446537, 55.036160219414221 ] ] ], [ [ [ -6.411284390241526, 55.040605599903429 ], [ -6.41109010513837, 55.037503252406495 ], [ -6.414251284428859, 55.038854841035828 ], [ -6.411284390241526, 55.040605599903429 ] ] ], [ [ [ -6.471669693291059, 55.054142453181527 ], [ -6.46974572621654, 55.055350777401735 ], [ -6.469148125451286, 55.052648490449499 ], [ -6.471669693291059, 55.054142453181527 ] ] ], [ [ [ -6.486478714594295, 55.088153739098253 ], [ -6.484521660706262, 55.085567870910175 ], [ -6.48716309357376, 55.087440343779626 ], [ -6.486478714594295, 55.088153739098253 ] ] ], [ [ [ -6.525470867966975, 55.095035751167821 ], [ -6.532151111123879, 55.092629800130439 ], [ -6.532484779733061, 55.093834245858581 ], [ -6.525470867966975, 55.095035751167821 ] ] ], [ [ [ -6.526082411986589, 55.09777725899373 ], [ -6.53343776936648, 55.095416449573278 ], [ -6.534014204335773, 55.096223617684394 ], [ -6.526082411986589, 55.09777725899373 ] ] ], [ [ [ -6.517760251358093, 55.100217611190018 ], [ -6.515770381610474, 55.096050875891876 ], [ -6.518063451022901, 55.095972990601247 ], [ -6.517760251358093, 55.100217611190018 ] ] ], [ [ [ -6.514677104366946, 55.099966594257303 ], [ -6.512157825847908, 55.096300133461803 ], [ -6.515696668057342, 55.09628821729639 ], [ -6.514677104366946, 55.099966594257303 ] ] ], [ [ [ -6.496720190747171, 55.09976693863814 ], [ -6.498753743716327, 55.096586279769895 ], [ -6.500325076516164, 55.097375993195413 ], [ -6.496720190747171, 55.09976693863814 ] ] ], [ [ [ -6.500205531822415, 55.100719651284628 ], [ -6.497214039138568, 55.099891659340223 ], [ -6.499273754895336, 55.09833045544034 ], [ -6.501629127885802, 55.098329048796337 ], [ -6.500205531822415, 55.100719651284628 ] ] ], [ [ [ -6.504671995895547, 55.101420813736731 ], [ -6.501951300297476, 55.098249447915514 ], [ -6.506161258991806, 55.099670563051106 ], [ -6.504671995895547, 55.101420813736731 ] ] ], [ [ [ -6.493937566870616, 55.101369276711978 ], [ -6.494399067181075, 55.098958544913579 ], [ -6.496720190747171, 55.09976693863814 ], [ -6.493937566870616, 55.101369276711978 ] ] ], [ [ [ -6.489228610022298, 55.105059316189966 ], [ -6.485507184523053, 55.105704060494077 ], [ -6.487295967433422, 55.103337485103275 ], [ -6.489815281827115, 55.103377692421034 ], [ -6.489228610022298, 55.105059316189966 ] ] ], [ [ [ -6.417115208976372, 55.107495876985226 ], [ -6.420765252490289, 55.106762783286243 ], [ -6.420339272012644, 55.107446773192684 ], [ -6.417115208976372, 55.107495876985226 ] ] ], [ [ [ -6.499257823450391, 55.109824681355867 ], [ -6.49531694316457, 55.107884084443391 ], [ -6.496884647802966, 55.107078322857525 ], [ -6.499257823450391, 55.109824681355867 ] ] ], [ [ [ -6.427019866483308, 55.118441711398269 ], [ -6.422982457395733, 55.115819722863527 ], [ -6.428275965217527, 55.118407000727814 ], [ -6.427019866483308, 55.118441711398269 ] ] ], [ [ [ -6.425457402851889, 55.122226897443923 ], [ -6.430042425507684, 55.122836651036145 ], [ -6.429605409846608, 55.12413226847913 ], [ -6.425457402851889, 55.122226897443923 ] ] ], [ [ [ -6.502827420068753, 55.124934658146884 ], [ -6.498992791611987, 55.125511413593742 ], [ -6.502574537134822, 55.123314540438116 ], [ -6.502827420068753, 55.124934658146884 ] ] ], [ [ [ -6.505756837033426, 55.126311109048501 ], [ -6.503332248294989, 55.125188305439579 ], [ -6.506814687266215, 55.124005982625626 ], [ -6.507800007775645, 55.125710515947098 ], [ -6.505756837033426, 55.126311109048501 ] ] ], [ [ [ -6.506434354172111, 55.129956929813488 ], [ -6.507800007775645, 55.125710515947098 ], [ -6.509399524771644, 55.129893738526604 ], [ -6.506434354172111, 55.129956929813488 ] ] ], [ [ [ -6.499814833710089, 55.129628092114558 ], [ -6.502925372949907, 55.127629164330209 ], [ -6.50351283217279, 55.128741415220262 ], [ -6.499814833710089, 55.129628092114558 ] ] ], [ [ [ -6.504713303225526, 55.130872059033663 ], [ -6.499814833710089, 55.129628092114558 ], [ -6.50456167149603, 55.129954923149015 ], [ -6.504713303225526, 55.130872059033663 ] ] ], [ [ [ -6.490988825768544, 55.13116560471974 ], [ -6.489301761046131, 55.131287899959972 ], [ -6.484869055016802, 55.13019655170104 ], [ -6.490988825768544, 55.13116560471974 ] ] ], [ [ [ -6.438062030717843, 55.130579735979182 ], [ -6.442167789790684, 55.131082882334042 ], [ -6.438020348644791, 55.132488413217246 ], [ -6.438062030717843, 55.130579735979182 ] ] ], [ [ [ -6.419169190887885, 55.134991040765321 ], [ -6.416913013878532, 55.131472499596399 ], [ -6.418108830730819, 55.131291761861263 ], [ -6.419169190887885, 55.134991040765321 ] ] ], [ [ [ -6.461771505815462, 55.134367311339844 ], [ -6.464752900171144, 55.134284251295696 ], [ -6.463635518281998, 55.136867446926239 ], [ -6.461771505815462, 55.134367311339844 ] ] ], [ [ [ -6.457976637905787, 55.143967380162074 ], [ -6.455914035543611, 55.141540646483776 ], [ -6.458440470120401, 55.141988829284642 ], [ -6.457976637905787, 55.143967380162074 ] ] ], [ [ [ -6.536590264020654, 55.144758349648889 ], [ -6.533456705397736, 55.143501553277744 ], [ -6.539401153510695, 55.142464774257718 ], [ -6.54048176141881, 55.143846143134382 ], [ -6.536590264020654, 55.144758349648889 ] ] ], [ [ [ -6.437340943910581, 55.148827220641799 ], [ -6.431755260360393, 55.14780832515212 ], [ -6.434886294019258, 55.147123923387284 ], [ -6.437340943910581, 55.148827220641799 ] ] ], [ [ [ -6.40393100799246, 55.153725689763654 ], [ -6.400658688317892, 55.153364902040792 ], [ -6.399141154706147, 55.152229619361002 ], [ -6.40393100799246, 55.153725689763654 ] ] ], [ [ [ -6.432554319812018, 55.158008171752094 ], [ -6.4307116982169, 55.156756006890539 ], [ -6.435321619338003, 55.155935078236418 ], [ -6.435857195126029, 55.157267985431403 ], [ -6.432554319812018, 55.158008171752094 ] ] ], [ [ [ -6.465539379878388, 55.176535447586474 ], [ -6.464872160127408, 55.174409978292829 ], [ -6.467895114245247, 55.175526016124174 ], [ -6.465539379878388, 55.176535447586474 ] ] ], [ [ [ -6.470326605300974, 55.178998760059812 ], [ -6.470051072687521, 55.180445809538568 ], [ -6.467073960992756, 55.179031699591675 ], [ -6.470326605300974, 55.178998760059812 ] ] ], [ [ [ -6.489481643834656, 55.184931111894485 ], [ -6.483925882255109, 55.183884410027595 ], [ -6.484573767316284, 55.182417097426146 ], [ -6.489481643834656, 55.184931111894485 ] ] ], [ [ [ -6.412554348144968, 55.18420525223808 ], [ -6.407482641770533, 55.183762776695019 ], [ -6.413189951624859, 55.183395359234126 ], [ -6.412554348144968, 55.18420525223808 ] ] ], [ [ [ -6.475884647745855, 55.18766385711136 ], [ -6.476087916210758, 55.18487040977994 ], [ -6.478920622632216, 55.187139561944157 ], [ -6.475884647745855, 55.18766385711136 ] ] ], [ [ [ -6.481609317678656, 55.194441843870898 ], [ -6.47958468433697, 55.193818719235701 ], [ -6.484344614222429, 55.192175443264411 ], [ -6.48600705829676, 55.193261534899563 ], [ -6.481609317678656, 55.194441843870898 ] ] ], [ [ [ -6.462858025689078, 55.192460814975192 ], [ -6.463773769186032, 55.195567801974612 ], [ -6.461689126613555, 55.193055242157612 ], [ -6.459775797827322, 55.19303108629714 ], [ -6.462858025689078, 55.192460814975192 ] ] ], [ [ [ -6.430045045830987, 55.198920887645507 ], [ -6.426846814675303, 55.201186162330885 ], [ -6.425618132085381, 55.198736451320791 ], [ -6.430045045830987, 55.198920887645507 ] ] ], [ [ [ -6.452536755759737, 55.200121272673321 ], [ -6.460066014069727, 55.201347858746885 ], [ -6.454074543693156, 55.201940274343137 ], [ -6.452216392568275, 55.201252958286318 ], [ -6.452536755759737, 55.200121272673321 ] ] ], [ [ [ -6.476797495902461, 55.204345533958204 ], [ -6.474259531583274, 55.202718506154298 ], [ -6.47904207978512, 55.203387684328924 ], [ -6.476797495902461, 55.204345533958204 ] ] ], [ [ [ -6.453337661918253, 55.205628167168591 ], [ -6.452497193734527, 55.202112067013864 ], [ -6.453733761108719, 55.201976510484776 ], [ -6.453337661918253, 55.205628167168591 ] ] ], [ [ [ -6.485069693436388, 55.206113283166403 ], [ -6.48145531798865, 55.206501098737235 ], [ -6.483730747144091, 55.204303916350014 ], [ -6.485752712480539, 55.204917681378078 ], [ -6.485069693436388, 55.206113283166403 ] ] ], [ [ [ -6.479842038087356, 55.207216666935189 ], [ -6.476659501667421, 55.205093399191853 ], [ -6.479517825321027, 55.205069337628345 ], [ -6.479842038087356, 55.207216666935189 ] ] ], [ [ [ -6.52216000641933, 55.209425964636125 ], [ -6.526599280027368, 55.211539359275299 ], [ -6.524049632243234, 55.212511252152588 ], [ -6.521014732407902, 55.210741063515997 ], [ -6.52216000641933, 55.209425964636125 ] ] ], [ [ [ -6.414955272649556, 55.213405078159823 ], [ -6.414818896913893, 55.216494822114477 ], [ -6.412609739654283, 55.214952728002338 ], [ -6.414955272649556, 55.213405078159823 ] ] ], [ [ [ -6.502524018427122, 55.216740467695949 ], [ -6.505609671217688, 55.214030868718638 ], [ -6.507188136479106, 55.214762314461325 ], [ -6.502524018427122, 55.216740467695949 ] ] ], [ [ [ -6.413013600726038, 55.217589076992923 ], [ -6.411336306253938, 55.218102083115994 ], [ -6.40834592522855, 55.216070647432268 ], [ -6.413013600726038, 55.217589076992923 ] ] ], [ [ [ -6.413028562165157, 55.226893593656918 ], [ -6.409825378539431, 55.2270828690828 ], [ -6.409829202724511, 55.227240084333836 ], [ -6.406314955079181, 55.22445185423944 ], [ -6.409777588294848, 55.225118174607324 ], [ -6.409825353139815, 55.227081824884621 ], [ -6.413777694735258, 55.225207652292028 ], [ -6.413028562165157, 55.226893593656918 ] ] ], [ [ [ -6.469641359011078, 55.240949677678458 ], [ -6.464082758611521, 55.240264001678703 ], [ -6.466585776388717, 55.239306555268314 ], [ -6.469814643708649, 55.2399230509996 ], [ -6.469641359011078, 55.240949677678458 ] ] ], [ [ [ -6.476775936473422, 55.244839952935102 ], [ -6.468073198584769, 55.244629235778682 ], [ -6.475210732043813, 55.242447114009146 ], [ -6.471951933138405, 55.243670439620047 ], [ -6.476775936473422, 55.244839952935102 ] ] ], [ [ [ -6.392912476806135, 54.072284111711312 ], [ -6.390822482684883, 54.070549668531704 ], [ -6.393688532634176, 54.06991494064588 ], [ -6.392912476806135, 54.072284111711312 ] ] ], [ [ [ -6.388930224605657, 54.074095571820578 ], [ -6.389103041766697, 54.07111919801001 ], [ -6.390070145093127, 54.071404027061448 ], [ -6.388930224605657, 54.074095571820578 ] ] ], [ [ [ -6.377524143799111, 54.074743195451909 ], [ -6.374181161470565, 54.07238630880331 ], [ -6.379639595097325, 54.072666620932928 ], [ -6.377524143799111, 54.074743195451909 ] ] ], [ [ [ -6.362366819144054, 54.076604487718399 ], [ -6.367588847185954, 54.077278913438036 ], [ -6.362258831362149, 54.077659656637451 ], [ -6.362366819144054, 54.076604487718399 ] ] ], [ [ [ -6.362965006367057, 54.082234257714006 ], [ -6.367696631846076, 54.083279825976426 ], [ -6.363305222791262, 54.083843325491799 ], [ -6.362965006367057, 54.082234257714006 ] ] ], [ [ [ -6.369728760975454, 54.086797967387255 ], [ -6.366016691940986, 54.084712748957735 ], [ -6.370216452255069, 54.085007575769858 ], [ -6.369728760975454, 54.086797967387255 ] ] ], [ [ [ -6.330537254333366, 54.118247071263426 ], [ -6.328395241265206, 54.115801118184059 ], [ -6.331557433233112, 54.116813456386602 ], [ -6.330537254333366, 54.118247071263426 ] ] ], [ [ [ -6.326806566673838, 54.11876856304427 ], [ -6.322385316124205, 54.118521911492756 ], [ -6.322520283278292, 54.117057355546521 ], [ -6.326806566673838, 54.11876856304427 ] ] ], [ [ [ -6.332087077642922, 54.143152842363008 ], [ -6.327991918226567, 54.142465401786161 ], [ -6.333393700003948, 54.142213916952201 ], [ -6.332087077642922, 54.143152842363008 ] ] ], [ [ [ -6.310565871278293, 54.163080952860199 ], [ -6.306270972950733, 54.16353500113631 ], [ -6.309995141186826, 54.161261981177539 ], [ -6.312641426790845, 54.163805804639445 ], [ -6.310565871278293, 54.163080952860199 ] ] ], [ [ [ -6.342715363032156, 54.210333875375937 ], [ -6.341286289626697, 54.206523630531827 ], [ -6.344822328095416, 54.205059248072239 ], [ -6.346445157310356, 54.207832692724729 ], [ -6.342715363032156, 54.210333875375937 ] ] ], [ [ [ -6.379452451371514, 54.210828709603177 ], [ -6.375635878002353, 54.209578189548651 ], [ -6.379487695926614, 54.209484001357232 ], [ -6.379452451371514, 54.210828709603177 ] ] ], [ [ [ -6.36852120220471, 54.211816905735049 ], [ -6.366113297423099, 54.210523348150844 ], [ -6.369423800794784, 54.209615004437175 ], [ -6.36852120220471, 54.211816905735049 ] ] ], [ [ [ -6.382233382903578, 54.212935143265113 ], [ -6.377853571020066, 54.211565732604996 ], [ -6.380885373162005, 54.210311917793689 ], [ -6.383226284397383, 54.212461220770692 ], [ -6.382233382903578, 54.212935143265113 ] ] ], [ [ [ -6.348094985923763, 54.210729212885909 ], [ -6.351488179726347, 54.212057891084797 ], [ -6.34803470830135, 54.214088281346129 ], [ -6.346323711663947, 54.21245001902232 ], [ -6.348094985923763, 54.210729212885909 ] ] ], [ [ [ -6.348583081351456, 54.215713016627134 ], [ -6.349898327369715, 54.213410283806617 ], [ -6.351314719550499, 54.213636660537091 ], [ -6.348583081351456, 54.215713016627134 ] ] ], [ [ [ -6.392413673648862, 54.271292694462119 ], [ -6.390986146451247, 54.272711201337437 ], [ -6.387524991708467, 54.270688307603443 ], [ -6.392413673648862, 54.271292694462119 ] ] ], [ [ [ -6.354693529780297, 54.277800629735573 ], [ -6.351379885359826, 54.276308967475174 ], [ -6.352543025839326, 54.275965479924402 ], [ -6.354693529780297, 54.277800629735573 ] ] ], [ [ [ -6.259092261112786, 54.282285637472484 ], [ -6.256553466784149, 54.284678353905583 ], [ -6.255273133387415, 54.28235757389966 ], [ -6.259092261112786, 54.282285637472484 ] ] ], [ [ [ -6.311179500477063, 54.290638349334259 ], [ -6.309237672913534, 54.287989840229315 ], [ -6.311785252700724, 54.28782012499974 ], [ -6.311179500477063, 54.290638349334259 ] ] ], [ [ [ -6.361217908942369, 54.301209820908369 ], [ -6.356950243360237, 54.298268557747285 ], [ -6.362767659760983, 54.299224771611783 ], [ -6.361217908942369, 54.301209820908369 ] ] ], [ [ [ -6.387143235315923, 54.322485030689009 ], [ -6.384162503559834, 54.323855821816842 ], [ -6.38184310639222, 54.320818965279372 ], [ -6.385786919051013, 54.319126680561226 ], [ -6.387143235315923, 54.322485030689009 ] ] ], [ [ [ -6.295261851993351, 54.363568539501344 ], [ -6.298308132593172, 54.366098229226701 ], [ -6.29440835595189, 54.364815661333765 ], [ -6.295261851993351, 54.363568539501344 ] ] ], [ [ [ -6.290526596581728, 54.365123604127511 ], [ -6.28955175557754, 54.366652702366316 ], [ -6.285330531254057, 54.365753804473904 ], [ -6.290526596581728, 54.365123604127511 ] ] ], [ [ [ -6.283301574056509, 54.369339679966821 ], [ -6.287127083150841, 54.368465649916025 ], [ -6.290007308112243, 54.369780195594387 ], [ -6.283301574056509, 54.369339679966821 ] ] ], [ [ [ -6.288135141537364, 54.371607695354932 ], [ -6.285008936123662, 54.372006339393934 ], [ -6.286203387483723, 54.369852025249905 ], [ -6.288135141537364, 54.371607695354932 ] ] ], [ [ [ -6.293496191891347, 54.370735444546263 ], [ -6.290194100150905, 54.373078239502199 ], [ -6.286359667240798, 54.372024942808174 ], [ -6.293496191891347, 54.370735444546263 ] ] ], [ [ [ -6.384646292601101, 54.375590579955329 ], [ -6.380065053426303, 54.375001325424513 ], [ -6.382262366468516, 54.373638902148883 ], [ -6.384646292601101, 54.375590579955329 ] ] ], [ [ [ -6.30387477258309, 54.379513791098518 ], [ -6.301334730429462, 54.380579430824021 ], [ -6.300681918381374, 54.379460806661136 ], [ -6.30387477258309, 54.379513791098518 ] ] ], [ [ [ -6.300868208452323, 54.381726084007958 ], [ -6.299258863284822, 54.378920204371028 ], [ -6.301334730429462, 54.380579430824021 ], [ -6.300868208452323, 54.381726084007958 ] ] ], [ [ [ -6.300374369987321, 54.384710347728507 ], [ -6.297938819222592, 54.384111707694487 ], [ -6.300924143937675, 54.383066165857045 ], [ -6.300374369987321, 54.384710347728507 ] ] ], [ [ [ -6.377741860920263, 54.39399176713971 ], [ -6.381005664912733, 54.396142522506729 ], [ -6.376706960887171, 54.396230293861436 ], [ -6.377741860920263, 54.39399176713971 ] ] ], [ [ [ -6.307568743304561, 54.404263754513693 ], [ -6.305080718132298, 54.402313264855458 ], [ -6.308380852225217, 54.401324844353127 ], [ -6.309421390334496, 54.402660687539935 ], [ -6.307568743304561, 54.404263754513693 ] ] ], [ [ [ -6.305080718132298, 54.402313264855458 ], [ -6.305931511871225, 54.404965061452437 ], [ -6.303465121551471, 54.402728633684639 ], [ -6.305080718132298, 54.402313264855458 ] ] ], [ [ [ -6.398819424258186, 54.406686298333064 ], [ -6.396373647451531, 54.40845740649803 ], [ -6.394586858495492, 54.406803988685297 ], [ -6.398819424258186, 54.406686298333064 ] ] ], [ [ [ -6.392758975215629, 54.410856022796814 ], [ -6.391252126656006, 54.409638099700921 ], [ -6.395678780320693, 54.409319969898164 ], [ -6.392758975215629, 54.410856022796814 ] ] ], [ [ [ -6.305143136252967, 54.446557109201599 ], [ -6.306780914183479, 54.449188070313674 ], [ -6.302674707763933, 54.448891803174632 ], [ -6.305143136252967, 54.446557109201599 ] ] ], [ [ [ -6.253026525482068, 54.453383029141008 ], [ -6.256313553949062, 54.454667004361085 ], [ -6.255298255156709, 54.457069339848793 ], [ -6.250899675537422, 54.455209130794103 ], [ -6.253026525482068, 54.453383029141008 ] ] ], [ [ [ -6.396559597463215, 54.47260239895742 ], [ -6.391531772487983, 54.47354012774089 ], [ -6.396530869891513, 54.471892328971684 ], [ -6.396559597463215, 54.47260239895742 ] ] ], [ [ [ -6.400040445167837, 54.474110859165272 ], [ -6.39875377989177, 54.476931185493058 ], [ -6.396320854438702, 54.475844934368851 ], [ -6.400040445167837, 54.474110859165272 ] ] ], [ [ [ -6.327283610963317, 54.50206958672505 ], [ -6.324833196673282, 54.503323791774825 ], [ -6.322831993321233, 54.502508186534754 ], [ -6.326299314697112, 54.500770564894601 ], [ -6.327283610963317, 54.50206958672505 ] ] ], [ [ [ -6.318555845099455, 54.508145289413477 ], [ -6.315998593991436, 54.506642179365315 ], [ -6.321038452801431, 54.50447905296668 ], [ -6.322762309639912, 54.505238213961867 ], [ -6.318555845099455, 54.508145289413477 ] ] ], [ [ [ -6.279916295035594, 54.509774224859086 ], [ -6.278764421818604, 54.512849798972887 ], [ -6.27531399180764, 54.512163578840962 ], [ -6.273037238807014, 54.510140816056257 ], [ -6.279916295035594, 54.509774224859086 ] ] ], [ [ [ -6.278764421818604, 54.512849798972887 ], [ -6.283259223958797, 54.511116810166996 ], [ -6.283823822541625, 54.511749775016149 ], [ -6.278764421818604, 54.512849798972887 ] ] ], [ [ [ -6.281154286340937, 54.513146834447134 ], [ -6.285045039087016, 54.51275332519036 ], [ -6.285796833149162, 54.513064226532585 ], [ -6.281154286340937, 54.513146834447134 ] ] ], [ [ [ -6.335203640127426, 54.516191936746239 ], [ -6.333431638796466, 54.514797725030398 ], [ -6.337033098341127, 54.513777184897755 ], [ -6.33866390895249, 54.515561672783214 ], [ -6.335203640127426, 54.516191936746239 ] ] ], [ [ [ -6.283198927140925, 54.516524273718375 ], [ -6.284695506588517, 54.518826990494595 ], [ -6.281074206921081, 54.518754721669232 ], [ -6.283198927140925, 54.516524273718375 ] ] ], [ [ [ -6.337978969921936, 54.52086605151959 ], [ -6.33517975217586, 54.519335907538405 ], [ -6.337828533699716, 54.51881502398134 ], [ -6.337978969921936, 54.52086605151959 ] ] ], [ [ [ -6.281333706582058, 54.537176055828574 ], [ -6.277791045500216, 54.538312725028057 ], [ -6.281329804322161, 54.53499484022521 ], [ -6.28461243092652, 54.537857227088061 ], [ -6.281333706582058, 54.537176055828574 ] ] ], [ [ [ -6.315644729188448, 54.542107079736347 ], [ -6.313602570970593, 54.540114620514942 ], [ -6.318158907140956, 54.541092083988801 ], [ -6.315644729188448, 54.542107079736347 ] ] ], [ [ [ -6.313965720488074, 54.556151920798378 ], [ -6.310555291559917, 54.555073631856409 ], [ -6.313143032092664, 54.554498272038472 ], [ -6.313965720488074, 54.556151920798378 ] ] ], [ [ [ -6.306302468424008, 54.557068076429481 ], [ -6.303951677683231, 54.555766262060132 ], [ -6.307063059387819, 54.555296828229366 ], [ -6.306302468424008, 54.557068076429481 ] ] ], [ [ [ -6.308288515474788, 54.558064404041566 ], [ -6.307933556478035, 54.55552447569476 ], [ -6.310701596305957, 54.557242346931574 ], [ -6.308288515474788, 54.558064404041566 ] ] ], [ [ [ -6.310862714775461, 54.557187405914462 ], [ -6.313965720488074, 54.556151920798378 ], [ -6.31723435552096, 54.556042818085501 ], [ -6.317363537522236, 54.55767468421385 ], [ -6.315225413767988, 54.558082110042712 ], [ -6.312434049219995, 54.558507361918167 ], [ -6.310862714775461, 54.557187405914462 ] ] ], [ [ [ -6.247524764759408, 54.577624912236892 ], [ -6.251714316372227, 54.575533158634812 ], [ -6.250781220449375, 54.579624964584667 ], [ -6.247524764759408, 54.577624912236892 ] ] ], [ [ [ -6.266119722893911, 54.617667819561923 ], [ -6.262968562404348, 54.618180865002344 ], [ -6.261804470681925, 54.614735263092072 ], [ -6.264396307353708, 54.614202795997848 ], [ -6.266119722893911, 54.617667819561923 ] ] ], [ [ [ -6.392781155177002, 54.709522802567399 ], [ -6.397084340030465, 54.708199503170299 ], [ -6.395997439878535, 54.710209361435389 ], [ -6.392781155177002, 54.709522802567399 ] ] ], [ [ [ -6.282832883937868, 54.734397863000055 ], [ -6.279303009689332, 54.737091244279355 ], [ -6.278423116650218, 54.73587208422547 ], [ -6.282832883937868, 54.734397863000055 ] ] ], [ [ [ -6.257528396609843, 54.751713126497592 ], [ -6.258994433299898, 54.748732825151279 ], [ -6.260127264215399, 54.750042113212942 ], [ -6.257528396609843, 54.751713126497592 ] ] ], [ [ [ -6.278718737430736, 54.754072372488316 ], [ -6.281633242677454, 54.752138752899796 ], [ -6.282897715889004, 54.753192134036219 ], [ -6.278718737430736, 54.754072372488316 ] ] ], [ [ [ -6.256892949528621, 54.761646394067924 ], [ -6.254588117635269, 54.759867277422046 ], [ -6.258288591573987, 54.760174121689516 ], [ -6.256892949528621, 54.761646394067924 ] ] ], [ [ [ -6.267468052457581, 54.768058714617617 ], [ -6.264738809104187, 54.766811122832017 ], [ -6.266886566938913, 54.766053137187541 ], [ -6.269540864422447, 54.767063582071806 ], [ -6.267468052457581, 54.768058714617617 ] ] ], [ [ [ -6.25876423928004, 54.776272293049885 ], [ -6.253139089205723, 54.776883917516635 ], [ -6.25980917270007, 54.773635957328402 ], [ -6.256444912197936, 54.775577396762486 ], [ -6.25876423928004, 54.776272293049885 ] ] ], [ [ [ -6.376813278490763, 54.776760856565929 ], [ -6.373160864477316, 54.774840536938498 ], [ -6.375946686751197, 54.774198161718893 ], [ -6.37789346949999, 54.776000525674036 ], [ -6.376813278490763, 54.776760856565929 ] ] ], [ [ [ -6.276984628660561, 54.897122376757537 ], [ -6.279934996899334, 54.895001604247447 ], [ -6.28055487365925, 54.895596538730366 ], [ -6.276984628660561, 54.897122376757537 ] ] ], [ [ [ -6.25356492990525, 54.899027119673448 ], [ -6.249741789433089, 54.898373399491334 ], [ -6.253305402530243, 54.897561035721516 ], [ -6.25356492990525, 54.899027119673448 ] ] ], [ [ [ -6.257501679900945, 54.905881913989958 ], [ -6.257605787474383, 54.902744743345913 ], [ -6.259988628046749, 54.903609624655488 ], [ -6.260220931221032, 54.904894904831743 ], [ -6.257501679900945, 54.905881913989958 ] ] ], [ [ [ -6.271559452772705, 54.91362619550447 ], [ -6.267325622645077, 54.911576752289847 ], [ -6.268710760226544, 54.910592644668284 ], [ -6.271559452772705, 54.91362619550447 ] ] ], [ [ [ -6.271134473300725, 54.915161007546104 ], [ -6.270601129051612, 54.913971917340774 ], [ -6.272273049843987, 54.914945471209272 ], [ -6.271134473300725, 54.915161007546104 ] ] ], [ [ [ -6.269076113121156, 54.914964043777879 ], [ -6.268772939864442, 54.915234127195411 ], [ -6.268625707725641, 54.915116951627873 ], [ -6.269076113121156, 54.914964043777879 ] ] ], [ [ [ -6.262067525556444, 54.921800617474602 ], [ -6.258322670215759, 54.921422435972545 ], [ -6.257935862809205, 54.920000594749851 ], [ -6.262067525556444, 54.921800617474602 ] ] ], [ [ [ -6.288683500252096, 54.926805574148887 ], [ -6.284700900281412, 54.925082016192221 ], [ -6.289094424109457, 54.924475526941841 ], [ -6.288683500252096, 54.926805574148887 ] ] ], [ [ [ -6.301572889190598, 54.926806757155511 ], [ -6.299551490071987, 54.92492464312317 ], [ -6.303151482351844, 54.924607483940981 ], [ -6.301572889190598, 54.926806757155511 ] ] ], [ [ [ -6.393798809248405, 54.941848071853379 ], [ -6.389965288232668, 54.939726119258403 ], [ -6.3934202325153, 54.938477153092862 ], [ -6.395648452540443, 54.940551033462455 ], [ -6.393798809248405, 54.941848071853379 ] ] ], [ [ [ -6.284891490083672, 54.948866331760676 ], [ -6.284126657723461, 54.951818677078037 ], [ -6.283118665735008, 54.950268075568019 ], [ -6.284891490083672, 54.948866331760676 ] ] ], [ [ [ -6.342660725414228, 54.964025260961094 ], [ -6.34160734202906, 54.961690672696363 ], [ -6.344525920937892, 54.963254897287747 ], [ -6.342660725414228, 54.964025260961094 ] ] ], [ [ [ -6.287725583970825, 54.963842361771071 ], [ -6.282066744148999, 54.963684223508551 ], [ -6.287486165930837, 54.962566988549128 ], [ -6.287725583970825, 54.963842361771071 ] ] ], [ [ [ -6.282505028099798, 54.973741925745593 ], [ -6.278720363723985, 54.973387011997616 ], [ -6.280836877795952, 54.971629602503597 ], [ -6.28300544315433, 54.972606230191936 ], [ -6.282505028099798, 54.973741925745593 ] ] ], [ [ [ -6.302881918204968, 54.979873373570243 ], [ -6.298824915611796, 54.979118753342519 ], [ -6.299254733938949, 54.978512981702082 ], [ -6.302881918204968, 54.979873373570243 ] ] ], [ [ [ -6.387964431673701, 54.983420588153301 ], [ -6.390716494920568, 54.981204145382975 ], [ -6.393477491563487, 54.982139031801644 ], [ -6.387964431673701, 54.983420588153301 ] ] ], [ [ [ -6.280942172274161, 54.983920319652867 ], [ -6.278555464748603, 54.98128495582543 ], [ -6.281008940217601, 54.981858703488562 ], [ -6.280942172274161, 54.983920319652867 ] ] ], [ [ [ -6.247026833413184, 54.980690521426951 ], [ -6.251227258378816, 54.984678442213038 ], [ -6.247658763475684, 54.98475595207821 ], [ -6.247790894264235, 54.985157785269671 ], [ -6.247226075304974, 54.984765350326683 ], [ -6.246536089389603, 54.984780337237616 ], [ -6.246557012775302, 54.984300487185351 ], [ -6.243221366180693, 54.981982887431109 ], [ -6.24666847269699, 54.981744301966707 ], [ -6.243851294803935, 54.981866717840873 ], [ -6.247026833413184, 54.980690521426951 ] ] ], [ [ [ -6.256780748646938, 54.987176930935959 ], [ -6.257417533011679, 54.984406119646572 ], [ -6.25839299583848, 54.98669881107989 ], [ -6.256780748646938, 54.987176930935959 ] ] ], [ [ [ -6.248683225815125, 54.987579739952302 ], [ -6.246812638020164, 54.985297372473731 ], [ -6.252104259458945, 54.986066614236066 ], [ -6.248683225815125, 54.987579739952302 ] ] ], [ [ [ -6.2525845753973, 54.98999052224373 ], [ -6.249660695555354, 54.991647907153762 ], [ -6.246965954629997, 54.989367161171806 ], [ -6.2525845753973, 54.98999052224373 ] ] ], [ [ [ -6.262464159012135, 54.992044847056775 ], [ -6.2647432419504, 54.989325631733671 ], [ -6.266714004829442, 54.990018361832171 ], [ -6.262464159012135, 54.992044847056775 ] ] ], [ [ [ -6.29011550667167, 54.992082008293401 ], [ -6.29069487935077, 54.989620761590757 ], [ -6.293697465924938, 54.991504385615777 ], [ -6.29011550667167, 54.992082008293401 ] ] ], [ [ [ -6.251530556397505, 54.993289594737156 ], [ -6.249894007486043, 54.991796979612495 ], [ -6.254827816706377, 54.991226850153865 ], [ -6.251530556397505, 54.993289594737156 ] ] ], [ [ [ -6.290205824968896, 54.993241693724613 ], [ -6.293697465924938, 54.991504385615777 ], [ -6.297454145993968, 54.992974840702423 ], [ -6.290205824968896, 54.993241693724613 ] ] ], [ [ [ -6.376579929478117, 54.998089537312453 ], [ -6.378709420520321, 54.999451645392448 ], [ -6.376762924026306, 55.000761161004085 ], [ -6.37508569304137, 54.999208199221535 ], [ -6.376579929478117, 54.998089537312453 ] ] ], [ [ [ -6.293666730436191, 55.002807608419801 ], [ -6.291936478765245, 55.000651582425242 ], [ -6.294342477353696, 55.001848132601509 ], [ -6.293666730436191, 55.002807608419801 ] ] ], [ [ [ -6.290421467683094, 55.0102706140393 ], [ -6.289501219084392, 55.008014081490529 ], [ -6.291979029025375, 55.009561136749916 ], [ -6.290421467683094, 55.0102706140393 ] ] ], [ [ [ -6.269898340757565, 55.0154806144498 ], [ -6.268038857163405, 55.015094796253265 ], [ -6.270169710196393, 55.0146270776386 ], [ -6.269007289249912, 55.014389870560059 ], [ -6.272008973956541, 55.014223362373123 ], [ -6.273740812836516, 55.013843226686035 ], [ -6.272974423069493, 55.014169807387475 ], [ -6.274164410077314, 55.014103796930506 ], [ -6.27319961198727, 55.015245368417204 ], [ -6.271340621337781, 55.014866017251578 ], [ -6.269898340757565, 55.0154806144498 ] ] ], [ [ [ -6.381435261969757, 55.019909324137551 ], [ -6.37948720174576, 55.017286116936951 ], [ -6.383316218279612, 55.017835572388279 ], [ -6.381435261969757, 55.019909324137551 ] ] ], [ [ [ -6.31814060600815, 55.020556620446001 ], [ -6.320648025582782, 55.018592114509808 ], [ -6.323625411911611, 55.020496751568011 ], [ -6.31814060600815, 55.020556620446001 ] ] ], [ [ [ -6.28208736147904, 55.031247265235912 ], [ -6.278664303263333, 55.02789363502356 ], [ -6.283951586966525, 55.03052887224483 ], [ -6.28208736147904, 55.031247265235912 ] ] ], [ [ [ -6.276450037038016, 55.03323807731968 ], [ -6.282351689241556, 55.031705876418492 ], [ -6.283934767312544, 55.034202051629272 ], [ -6.276307316021626, 55.033719010254764 ], [ -6.276450037038016, 55.03323807731968 ] ] ], [ [ [ -6.3179471674128, 55.03291209522591 ], [ -6.318796822058919, 55.035032256718438 ], [ -6.315194823204437, 55.034826194372975 ], [ -6.313625223371259, 55.034627333738328 ], [ -6.3179471674128, 55.03291209522591 ] ] ], [ [ [ -6.289628602383534, 55.040273039358489 ], [ -6.295012962566569, 55.039703733251208 ], [ -6.292466754075802, 55.043601318273979 ], [ -6.293486350476655, 55.041699660226641 ], [ -6.289628602383534, 55.040273039358489 ] ] ], [ [ [ -6.281228360904184, 55.057200077030821 ], [ -6.286939883973653, 55.055788640499983 ], [ -6.28152201606552, 55.058049111850039 ], [ -6.281228360904184, 55.057200077030821 ] ] ], [ [ [ -6.286216311596161, 55.060802647982115 ], [ -6.286689948779677, 55.058400948067522 ], [ -6.289528399324675, 55.059853988835549 ], [ -6.286216311596161, 55.060802647982115 ] ] ], [ [ [ -6.274624334518989, 55.088452820912686 ], [ -6.274061130938801, 55.086144612334941 ], [ -6.277709183776061, 55.087867822372907 ], [ -6.274624334518989, 55.088452820912686 ] ] ], [ [ [ -6.283124336966867, 55.088616605107035 ], [ -6.281078152969521, 55.086143438050087 ], [ -6.285317164198616, 55.087986542135553 ], [ -6.283124336966867, 55.088616605107035 ] ] ], [ [ [ -6.364187677038086, 55.092115558801552 ], [ -6.363756429887146, 55.089544993564296 ], [ -6.36557372856682, 55.091051248257941 ], [ -6.364187677038086, 55.092115558801552 ] ] ], [ [ [ -6.284925150388012, 55.106748342748567 ], [ -6.288001525040996, 55.104923227012073 ], [ -6.289463938471037, 55.106079978076764 ], [ -6.284925150388012, 55.106748342748567 ] ] ], [ [ [ -6.293843284977176, 55.107602687887827 ], [ -6.291911648892186, 55.110008486122027 ], [ -6.28893498357781, 55.110652815323178 ], [ -6.286448821938253, 55.111214858829698 ], [ -6.283527952719959, 55.108206878259026 ], [ -6.287794414743596, 55.107159188913158 ], [ -6.292893822187794, 55.10708080369406 ], [ -6.29250008025263, 55.107835292781459 ], [ -6.293843284977176, 55.107602687887827 ] ], [ [ -6.288255133686052, 55.10857039691453 ], [ -6.290141066098619, 55.108243807005934 ], [ -6.287794414743596, 55.107159188913158 ], [ -6.288255133686052, 55.10857039691453 ] ] ], [ [ [ -6.308804692572759, 55.124937483169504 ], [ -6.306306478721534, 55.124456552320758 ], [ -6.309792228547062, 55.123473554938883 ], [ -6.310376890232543, 55.124826881846431 ], [ -6.308804692572759, 55.124937483169504 ] ] ], [ [ [ -6.332247650600401, 55.125351008356226 ], [ -6.334664504834127, 55.127548225207207 ], [ -6.33319508578037, 55.128121781665563 ], [ -6.332247650600401, 55.125351008356226 ] ] ], [ [ [ -6.278898305664073, 55.161543185636553 ], [ -6.283229815934572, 55.159769146807683 ], [ -6.283653143710127, 55.159954783111935 ], [ -6.278898305664073, 55.161543185636553 ] ] ], [ [ [ -6.273290409686855, 55.167069519203935 ], [ -6.268804003830382, 55.164056914368423 ], [ -6.274136923844926, 55.164858497596192 ], [ -6.273290409686855, 55.167069519203935 ] ] ], [ [ [ -6.281589453256456, 55.16633335285551 ], [ -6.279907560698564, 55.167312393706126 ], [ -6.273839062268063, 55.165644850975163 ], [ -6.281589453256456, 55.16633335285551 ] ] ], [ [ [ -6.273615790191994, 55.166234611220851 ], [ -6.279534302133948, 55.168138206842741 ], [ -6.273290409686855, 55.167069519203935 ], [ -6.273615790191994, 55.166234611220851 ] ] ], [ [ [ -6.271432808148203, 55.169423729805267 ], [ -6.267792215562227, 55.165676543987786 ], [ -6.273412910148454, 55.167109468567077 ], [ -6.271432808148203, 55.169423729805267 ] ] ], [ [ [ -6.400846771930514, 55.169556486009306 ], [ -6.399858618477215, 55.167401848460692 ], [ -6.403097573771536, 55.166804648490157 ], [ -6.403005155477373, 55.169606451143657 ], [ -6.400846771930514, 55.169556486009306 ] ] ], [ [ [ -6.262240791991442, 55.170635503161456 ], [ -6.260675375708722, 55.170249869408494 ], [ -6.260092390188281, 55.170555887364422 ], [ -6.258345774681652, 55.169231125767354 ], [ -6.266442367469072, 55.167222687825934 ], [ -6.261241080096497, 55.169952922581615 ], [ -6.267101738298073, 55.167476878454949 ], [ -6.269005310648962, 55.168210676759124 ], [ -6.271432808148203, 55.169423729805267 ], [ -6.267324468729496, 55.171690995884596 ], [ -6.267335010161, 55.171890442497926 ], [ -6.262954808354215, 55.170811398105627 ], [ -6.266906237299581, 55.172155744320797 ], [ -6.262202766593227, 55.171509267459733 ], [ -6.262240791991442, 55.170635503161456 ] ] ], [ [ [ -6.277613964546199, 55.170900449318559 ], [ -6.273412910148454, 55.167109468567077 ], [ -6.278715751276036, 55.16897489593989 ], [ -6.277613964546199, 55.170900449318559 ] ] ], [ [ [ -6.275096173203573, 55.17155583082522 ], [ -6.270970038573637, 55.171387858211496 ], [ -6.271025647926101, 55.170736376521312 ], [ -6.275096173203573, 55.17155583082522 ] ] ], [ [ [ -6.255018771156634, 55.170687930385583 ], [ -6.258334214918315, 55.170651906719726 ], [ -6.253701128054185, 55.172106451091715 ], [ -6.255018771156634, 55.170687930385583 ] ] ], [ [ [ -6.24919887792475, 55.174557299819774 ], [ -6.248883719091746, 55.170898386037138 ], [ -6.252069663135524, 55.173520457908062 ], [ -6.24919887792475, 55.174557299819774 ] ] ], [ [ [ -6.254801908573232, 55.175649808905206 ], [ -6.253462742933092, 55.174040299731409 ], [ -6.258334214918315, 55.170651906719726 ], [ -6.263099037931165, 55.172554196068184 ], [ -6.254801908573232, 55.175649808905206 ] ] ], [ [ [ -6.247026042167446, 55.171651281524113 ], [ -6.24919887792475, 55.174557299819774 ], [ -6.253466414050465, 55.173746567349319 ], [ -6.251235580604888, 55.17566783466706 ], [ -6.246890919880985, 55.174116948457481 ], [ -6.247026042167446, 55.171651281524113 ] ] ], [ [ [ -6.27477521558934, 55.174391739493458 ], [ -6.271116690772892, 55.174417299793838 ], [ -6.269975571997288, 55.173933274774598 ], [ -6.27477521558934, 55.174391739493458 ] ] ], [ [ [ -6.260528369214339, 55.176737660247291 ], [ -6.256077541384779, 55.175194933176236 ], [ -6.263932494750673, 55.173275611618436 ], [ -6.26341662380219, 55.173800260398515 ], [ -6.268409160577952, 55.175534696036614 ], [ -6.264618609722357, 55.178633124232611 ], [ -6.265229474417501, 55.17649415481258 ], [ -6.260915203918279, 55.176433108157013 ], [ -6.261206309710056, 55.176048184216341 ], [ -6.260528369214339, 55.176737660247291 ] ] ], [ [ [ -6.320473910852506, 55.184543831517615 ], [ -6.316829817878784, 55.183136059955238 ], [ -6.320444586718929, 55.183375609968905 ], [ -6.320473910852506, 55.184543831517615 ] ] ], [ [ [ -6.398294321130943, 55.18538238616231 ], [ -6.395779736510138, 55.182596017242048 ], [ -6.397908794310158, 55.182503433290201 ], [ -6.398294321130943, 55.18538238616231 ] ] ], [ [ [ -6.318148060140127, 55.212029827212639 ], [ -6.321747916220342, 55.211152706412157 ], [ -6.322813263354323, 55.213551072501886 ], [ -6.318148060140127, 55.212029827212639 ] ] ], [ [ [ -6.357806424097686, 55.222143568575383 ], [ -6.35871401380205, 55.219206884811669 ], [ -6.36048970938437, 55.22156016811909 ], [ -6.357806424097686, 55.222143568575383 ] ] ], [ [ [ -6.400104783212355, 55.231715163696158 ], [ -6.39432187895985, 55.230276358107218 ], [ -6.400372327378776, 55.231074523978599 ], [ -6.400104783212355, 55.231715163696158 ] ] ], [ [ [ -6.384714092183496, 55.234261143281749 ], [ -6.394250839468427, 55.229627075725354 ], [ -6.404460969132601, 55.23040940203785 ], [ -6.39432187895985, 55.230276358107218 ], [ -6.396645491689102, 55.231744265902506 ], [ -6.386697125209358, 55.235631047803722 ], [ -6.384714092183496, 55.234261143281749 ] ] ], [ [ [ -6.156004937493428, 54.073245739292588 ], [ -6.153884259348269, 54.070784254985817 ], [ -6.157257575328982, 54.071344399605017 ], [ -6.156004937493428, 54.073245739292588 ] ] ], [ [ [ -6.194697795109394, 54.114239243301697 ], [ -6.188937802470508, 54.11444262394437 ], [ -6.189084262158798, 54.113501386221365 ], [ -6.194697795109394, 54.114239243301697 ] ] ], [ [ [ -6.236435027363502, 54.145557887905916 ], [ -6.233928447681411, 54.143441138775344 ], [ -6.236383859567042, 54.143108054605584 ], [ -6.236435027363502, 54.145557887905916 ] ] ], [ [ [ -6.188881876466898, 54.15228933131494 ], [ -6.188580134929347, 54.14969198920744 ], [ -6.190553590908102, 54.149971751249673 ], [ -6.188881876466898, 54.15228933131494 ] ] ], [ [ [ -6.236551173415344, 54.153745217152938 ], [ -6.23372173013501, 54.15459356856536 ], [ -6.234973232972724, 54.152055640345623 ], [ -6.236551173415344, 54.153745217152938 ] ] ], [ [ [ -6.233693472781153, 54.195144184773866 ], [ -6.237317325940477, 54.194425847265556 ], [ -6.237033370806816, 54.194880790526923 ], [ -6.233693472781153, 54.195144184773866 ] ] ], [ [ [ -6.115166648546674, 54.234760173688215 ], [ -6.112724750953394, 54.233136771889384 ], [ -6.117077642257684, 54.232500318777866 ], [ -6.117661616537027, 54.233109563994461 ], [ -6.115166648546674, 54.234760173688215 ] ] ], [ [ [ -6.105685410790055, 54.253440939462806 ], [ -6.100137994686542, 54.252846594114168 ], [ -6.105941654533777, 54.252782753511944 ], [ -6.105685410790055, 54.253440939462806 ] ] ], [ [ [ -6.107267273692294, 54.254393012175015 ], [ -6.107055661379992, 54.254215012604568 ], [ -6.107469988834292, 54.253905623523885 ], [ -6.107267273692294, 54.254393012175015 ] ] ], [ [ [ -6.244226897061257, 54.276425823944486 ], [ -6.247800441319682, 54.276405111012465 ], [ -6.243168727759516, 54.2792727700472 ], [ -6.244226897061257, 54.276425823944486 ] ] ], [ [ [ -6.240634843353257, 54.280134304892421 ], [ -6.238426594055812, 54.281919778604269 ], [ -6.23671383010939, 54.279416000893029 ], [ -6.240272574742249, 54.279320480697237 ], [ -6.240634843353257, 54.280134304892421 ] ] ], [ [ [ -6.222410569074471, 54.291531718376852 ], [ -6.221850760066569, 54.288563803510122 ], [ -6.224259218567412, 54.2903402725589 ], [ -6.224996363813269, 54.290573658537269 ], [ -6.222410569074471, 54.291531718376852 ] ] ], [ [ [ -6.205804199352089, 54.291437662798991 ], [ -6.208680621757109, 54.293362275999968 ], [ -6.206444204442558, 54.293653103354515 ], [ -6.205804199352089, 54.291437662798991 ] ] ], [ [ [ -6.208758752208298, 54.315023289186961 ], [ -6.212847640143884, 54.317621926491562 ], [ -6.210773224042358, 54.319330470142745 ], [ -6.208092517688848, 54.316208646519854 ], [ -6.208758752208298, 54.315023289186961 ] ] ], [ [ [ -6.088780154141089, 54.326033006205584 ], [ -6.08724977618792, 54.323663642554294 ], [ -6.091058279984952, 54.325508728922166 ], [ -6.088780154141089, 54.326033006205584 ] ] ], [ [ [ -6.230721940297688, 54.338648929447224 ], [ -6.230011051775344, 54.335839647736741 ], [ -6.233050773793609, 54.336518430306512 ], [ -6.230721940297688, 54.338648929447224 ] ] ], [ [ [ -6.131914451065417, 54.361832881845665 ], [ -6.134415867799196, 54.361389811015293 ], [ -6.13300765050483, 54.363343629621717 ], [ -6.129941255934545, 54.36194113228909 ], [ -6.131914451065417, 54.361832881845665 ] ] ], [ [ [ -6.167867786562854, 54.364705732637965 ], [ -6.171107404844873, 54.366972531353596 ], [ -6.168767589043095, 54.367558713750903 ], [ -6.167867786562854, 54.364705732637965 ] ] ], [ [ [ -6.157490106348381, 54.371834998470945 ], [ -6.153725271303609, 54.371646454245692 ], [ -6.157574367540307, 54.37059685150885 ], [ -6.157490106348381, 54.371834998470945 ] ] ], [ [ [ -6.152513744103172, 54.404103129093706 ], [ -6.149595626775509, 54.400503891280813 ], [ -6.153582442792638, 54.402935201380593 ], [ -6.152513744103172, 54.404103129093706 ] ] ], [ [ [ -6.225921288052619, 54.419233855195145 ], [ -6.223938447379704, 54.415635666503469 ], [ -6.229292985139309, 54.416485785531577 ], [ -6.225921288052619, 54.419233855195145 ] ] ], [ [ [ -6.10399704375351, 54.454808322486343 ], [ -6.108546597980935, 54.457064792111872 ], [ -6.108252587757505, 54.460985895300247 ], [ -6.104735139743553, 54.45683039716328 ], [ -6.10024547497181, 54.457053728004254 ], [ -6.104772329898155, 54.451997258870698 ], [ -6.10399704375351, 54.454808322486343 ] ] ], [ [ [ -6.100726623580531, 54.458095448497431 ], [ -6.102458733492323, 54.460588167742401 ], [ -6.09914048474746, 54.459371435896045 ], [ -6.100726623580531, 54.458095448497431 ] ] ], [ [ [ -6.153552716111863, 54.461507355722411 ], [ -6.155917517930781, 54.458778551211395 ], [ -6.157599270889444, 54.460893085483484 ], [ -6.155136560153975, 54.461593934188336 ], [ -6.153552716111863, 54.461507355722411 ] ] ], [ [ [ -6.209042083731573, 54.46237796469363 ], [ -6.209246252924283, 54.464788983741073 ], [ -6.206544593400502, 54.464192651048066 ], [ -6.206303559130587, 54.46229514938328 ], [ -6.209042083731573, 54.46237796469363 ] ] ], [ [ [ -6.188432552202634, 54.466409810705464 ], [ -6.192306596626202, 54.46379516563627 ], [ -6.19385064489993, 54.465867620535349 ], [ -6.188432552202634, 54.466409810705464 ] ] ], [ [ [ -6.196530967416153, 54.466500893941209 ], [ -6.193829640128718, 54.464637805949437 ], [ -6.198707591125208, 54.465924182195096 ], [ -6.196530967416153, 54.466500893941209 ] ] ], [ [ [ -6.179919539460152, 54.466837505515151 ], [ -6.182578595902891, 54.469743217852006 ], [ -6.179218471932371, 54.468803591101775 ], [ -6.178678419328834, 54.466998495656917 ], [ -6.179919539460152, 54.466837505515151 ] ] ], [ [ [ -6.171650713725493, 54.502257945466518 ], [ -6.168615038140025, 54.502628264145336 ], [ -6.172635262802789, 54.501466464671331 ], [ -6.171650713725493, 54.502257945466518 ] ] ], [ [ [ -6.113961911357539, 54.501944885869612 ], [ -6.111738735589944, 54.504071090719215 ], [ -6.109763479334443, 54.503052934134523 ], [ -6.113961911357539, 54.501944885869612 ] ] ], [ [ [ -6.130252945621571, 54.504134247755623 ], [ -6.131830339195621, 54.501930409346485 ], [ -6.13447704334732, 54.503394323375701 ], [ -6.130252945621571, 54.504134247755623 ] ] ], [ [ [ -6.112068565228795, 54.508117614828947 ], [ -6.111904385040746, 54.506048874071865 ], [ -6.118798186409522, 54.505932309398041 ], [ -6.120225517118122, 54.508370017284712 ], [ -6.112068565228795, 54.508117614828947 ] ] ], [ [ [ -6.12172268263298, 54.511230261612809 ], [ -6.124140424563736, 54.512381367423224 ], [ -6.121967084811955, 54.512988994460045 ], [ -6.118883882138697, 54.512045582168604 ], [ -6.12172268263298, 54.511230261612809 ] ] ], [ [ [ -6.175575268195263, 54.530163261990573 ], [ -6.178889266185285, 54.531233267440832 ], [ -6.173758240834231, 54.531206408897447 ], [ -6.175575268195263, 54.530163261990573 ] ] ], [ [ [ -6.185836455315419, 54.532537894996921 ], [ -6.189516259894606, 54.534219748334159 ], [ -6.186546757337993, 54.534445044864469 ], [ -6.185836455315419, 54.532537894996921 ] ] ], [ [ [ -6.167851492005036, 54.535965069459536 ], [ -6.170924494826275, 54.537947278165113 ], [ -6.167826893312578, 54.537583684621126 ], [ -6.167851492005036, 54.535965069459536 ] ] ], [ [ [ -6.236602745147701, 54.561836995704745 ], [ -6.233251805264766, 54.55999118052015 ], [ -6.237019647688051, 54.559341742649039 ], [ -6.236602745147701, 54.561836995704745 ] ] ], [ [ [ -6.222120415525963, 54.626478225215884 ], [ -6.219453500373166, 54.626094729079767 ], [ -6.217051645403822, 54.624821609480598 ], [ -6.222120415525963, 54.626478225215884 ] ] ], [ [ [ -6.191638734664211, 54.64667267576619 ], [ -6.189987871436659, 54.648256710821855 ], [ -6.188562485728943, 54.64529477890963 ], [ -6.191638734664211, 54.64667267576619 ] ] ], [ [ [ -6.196831863534074, 54.650197726270747 ], [ -6.194623047068892, 54.649892545250886 ], [ -6.19630798113071, 54.648033642781954 ], [ -6.198435860077675, 54.648963773983077 ], [ -6.196831863534074, 54.650197726270747 ] ] ], [ [ [ -6.165299742999047, 54.658710035434716 ], [ -6.162680102098669, 54.658030974825991 ], [ -6.166153352650631, 54.656069148675812 ], [ -6.167672790728045, 54.656791013604689 ], [ -6.165299742999047, 54.658710035434716 ] ] ], [ [ [ -6.114512096070847, 54.659871207761306 ], [ -6.112648760206953, 54.656844107417157 ], [ -6.11465893489126, 54.656803869983911 ], [ -6.114512096070847, 54.659871207761306 ] ] ], [ [ [ -6.232941234793903, 54.657539384315953 ], [ -6.233566308210561, 54.660588723351921 ], [ -6.23022924287342, 54.660670585259453 ], [ -6.228793581616379, 54.658379734750383 ], [ -6.232941234793903, 54.657539384315953 ] ] ], [ [ [ -6.165498957723288, 54.667199403691001 ], [ -6.168519209445254, 54.669769624876949 ], [ -6.164768157651011, 54.670692718596008 ], [ -6.165498957723288, 54.667199403691001 ] ] ], [ [ [ -6.190391094618131, 54.684026040765247 ], [ -6.188866807328879, 54.68676480642749 ], [ -6.187807468600735, 54.684799521433519 ], [ -6.190391094618131, 54.684026040765247 ] ] ], [ [ [ -6.113061150281571, 54.705883524784213 ], [ -6.107897418238948, 54.708441787259019 ], [ -6.108473707956239, 54.706185803972026 ], [ -6.11655636901035, 54.705219145035372 ], [ -6.113061150281571, 54.705883524784213 ] ] ], [ [ [ -6.115408359019633, 54.718315556051763 ], [ -6.113446743575472, 54.715830391398683 ], [ -6.116966648356017, 54.715350601257136 ], [ -6.118010377169703, 54.717718783580104 ], [ -6.115408359019633, 54.718315556051763 ] ] ], [ [ [ -6.20813497290412, 54.764684432070467 ], [ -6.205104706834699, 54.762873405268806 ], [ -6.21149233053272, 54.763209745957248 ], [ -6.20813497290412, 54.764684432070467 ] ] ], [ [ [ -6.118839774324059, 54.793719746649316 ], [ -6.12289007510195, 54.79468828681685 ], [ -6.119562949574648, 54.796545725573083 ], [ -6.118152190328045, 54.7951462411786 ], [ -6.118839774324059, 54.793719746649316 ] ] ], [ [ [ -6.10010488522868, 54.798311380943169 ], [ -6.104742835322403, 54.796162206678225 ], [ -6.105083273064378, 54.797041713396432 ], [ -6.10010488522868, 54.798311380943169 ] ] ], [ [ [ -6.163455115177194, 54.814466947151793 ], [ -6.161939191680825, 54.812526076731196 ], [ -6.16773037033662, 54.813174568954587 ], [ -6.163455115177194, 54.814466947151793 ] ] ], [ [ [ -6.131445122788068, 54.828744128459455 ], [ -6.12899528582987, 54.827096550854797 ], [ -6.131667781220215, 54.827312045066776 ], [ -6.131445122788068, 54.828744128459455 ] ] ], [ [ [ -6.138534515679392, 54.83374398453612 ], [ -6.137416497517491, 54.831514737095304 ], [ -6.139429462957669, 54.831806109704601 ], [ -6.138534515679392, 54.83374398453612 ] ] ], [ [ [ -6.143053377895625, 54.832925086590166 ], [ -6.144125479630858, 54.834112218977971 ], [ -6.145815651774434, 54.834505711482478 ], [ -6.145795020618353, 54.835501751083527 ], [ -6.14058279564129, 54.835358188418091 ], [ -6.143053377895625, 54.832925086590166 ] ] ], [ [ [ -6.124238651659261, 54.834042699102717 ], [ -6.12476507326897, 54.835415357254966 ], [ -6.124141708372589, 54.835431802009055 ], [ -6.123494551975541, 54.835960859168281 ], [ -6.121505887155561, 54.836575176805027 ], [ -6.124238651659261, 54.834042699102717 ] ] ], [ [ [ -6.121000815955539, 54.836389631399143 ], [ -6.119080940364134, 54.837150344734937 ], [ -6.119996385119864, 54.837702998774006 ], [ -6.122175168561828, 54.837557637915289 ], [ -6.124926177595818, 54.83894145432135 ], [ -6.122725677273185, 54.839350672566319 ], [ -6.123390449182718, 54.839751995397172 ], [ -6.121127476971306, 54.839939692745112 ], [ -6.116959483359451, 54.835804557473402 ], [ -6.121000815955539, 54.836389631399143 ] ] ], [ [ [ -6.127209905269261, 54.843119730541446 ], [ -6.123071717463805, 54.84243708215643 ], [ -6.126969466518878, 54.841064410208404 ], [ -6.127594746899677, 54.841218509260784 ], [ -6.127209905269261, 54.843119730541446 ] ] ], [ [ [ -6.108691552053349, 54.852938045031188 ], [ -6.103485071646516, 54.851644484275376 ], [ -6.109019955808077, 54.8517469844112 ], [ -6.108691552053349, 54.852938045031188 ] ] ], [ [ [ -6.132236546394108, 54.858279559050544 ], [ -6.129477793029077, 54.857252241589798 ], [ -6.136369568400116, 54.855029191592124 ], [ -6.136086924021111, 54.854796579439459 ], [ -6.14062928168569, 54.855678247075218 ], [ -6.138710790051504, 54.856955982459567 ], [ -6.136371969943935, 54.855031168027246 ], [ -6.132236546394108, 54.858279559050544 ] ] ], [ [ [ -6.13782209160336, 54.859206197856714 ], [ -6.133291403385193, 54.8576040789888 ], [ -6.135265559644488, 54.856575019456834 ], [ -6.138224026130958, 54.858157106340109 ], [ -6.13782209160336, 54.859206197856714 ] ] ], [ [ [ -6.1897966179398, 54.862169082820678 ], [ -6.187464947402584, 54.860938006629731 ], [ -6.191549085755493, 54.860161808719042 ], [ -6.193181459567428, 54.861087520717589 ], [ -6.1897966179398, 54.862169082820678 ] ] ], [ [ [ -6.128351230044779, 54.862573951439614 ], [ -6.125716687210573, 54.864475950598965 ], [ -6.124796555990599, 54.863387196828455 ], [ -6.128351230044779, 54.862573951439614 ] ] ], [ [ [ -6.103907639838327, 54.869427523652789 ], [ -6.102564134916427, 54.870674516749467 ], [ -6.100153022561759, 54.869738373488197 ], [ -6.103907639838327, 54.869427523652789 ] ] ], [ [ [ -6.107708377800221, 54.878225301054592 ], [ -6.103342850508385, 54.875897612756262 ], [ -6.106056610696602, 54.873064981732469 ], [ -6.110443452826821, 54.877025469198635 ], [ -6.107708377800221, 54.878225301054592 ] ] ], [ [ [ -6.104978601345843, 54.878977833333195 ], [ -6.107708377800221, 54.878225301054592 ], [ -6.109042765344525, 54.879380211137388 ], [ -6.104978601345843, 54.878977833333195 ] ] ], [ [ [ -6.104403375700353, 54.885289492317291 ], [ -6.102874056409606, 54.885872364927835 ], [ -6.099908357066806, 54.886444562266369 ], [ -6.101013617481049, 54.88376743691493 ], [ -6.104403375700353, 54.885289492317291 ] ] ], [ [ [ -6.228334488876732, 54.89500231869674 ], [ -6.22925615268708, 54.891990903672635 ], [ -6.231288639384672, 54.893632803985888 ], [ -6.228334488876732, 54.89500231869674 ] ] ], [ [ [ -6.24359350038745, 54.897947954404195 ], [ -6.24732735329775, 54.898689140448084 ], [ -6.241868777089972, 54.898365520468886 ], [ -6.24359350038745, 54.897947954404195 ] ] ], [ [ [ -6.210917403839438, 54.897714570160282 ], [ -6.213700059696032, 54.899133291114815 ], [ -6.209306689987363, 54.899210068443651 ], [ -6.208567784064371, 54.898268942793351 ], [ -6.210917403839438, 54.897714570160282 ] ] ], [ [ [ -6.198734475085358, 54.899759322612717 ], [ -6.195071543956931, 54.901825694424232 ], [ -6.194920176746199, 54.900844241966858 ], [ -6.198734475085358, 54.899759322612717 ] ] ], [ [ [ -6.128563658511523, 54.903062164174337 ], [ -6.130000986916124, 54.905685840695284 ], [ -6.128010788902017, 54.90515111042496 ], [ -6.126421439260363, 54.903208823397172 ], [ -6.128563658511523, 54.903062164174337 ] ] ], [ [ [ -6.117980625660416, 54.907570469980108 ], [ -6.113062997244686, 54.906029551070517 ], [ -6.118836581477588, 54.906042654623704 ], [ -6.117980625660416, 54.907570469980108 ] ] ], [ [ [ -6.158040821650941, 54.908735644391228 ], [ -6.154580966393171, 54.905980489343818 ], [ -6.158599902201684, 54.907030236985982 ], [ -6.158040821650941, 54.908735644391228 ] ] ], [ [ [ -6.156691622157734, 54.908469076282628 ], [ -6.153655768629068, 54.909587626496396 ], [ -6.154374254797614, 54.907379813218903 ], [ -6.156691622157734, 54.908469076282628 ] ] ], [ [ [ -6.164273377206169, 54.918449409275304 ], [ -6.160192680503168, 54.917528022357594 ], [ -6.164523793520413, 54.917141991261197 ], [ -6.164273377206169, 54.918449409275304 ] ] ], [ [ [ -6.133921107046595, 54.929029668458334 ], [ -6.132202608956938, 54.926529544286076 ], [ -6.135579544635521, 54.928153509326975 ], [ -6.133921107046595, 54.929029668458334 ] ] ], [ [ [ -6.132177676139725, 54.930968972283353 ], [ -6.13515529863083, 54.932485868291423 ], [ -6.131856850114023, 54.932734389850978 ], [ -6.132177676139725, 54.930968972283353 ] ] ], [ [ [ -6.235903057584157, 54.942260818037795 ], [ -6.237195913717879, 54.940047923546253 ], [ -6.237909884303884, 54.942287090450719 ], [ -6.235903057584157, 54.942260818037795 ] ] ], [ [ [ -6.195445168483158, 54.967489672809258 ], [ -6.192742610249685, 54.965529180527234 ], [ -6.195902726788388, 54.966753016919348 ], [ -6.195445168483158, 54.967489672809258 ] ] ], [ [ [ -6.226788623077287, 54.975930753309427 ], [ -6.223156990548276, 54.975834031816134 ], [ -6.224311041207643, 54.973995284910316 ], [ -6.228268593856612, 54.974522650908867 ], [ -6.226788623077287, 54.975930753309427 ] ] ], [ [ [ -6.171283849342172, 55.000669708601478 ], [ -6.174302619510956, 54.998630734955697 ], [ -6.175240892242413, 54.999635449360383 ], [ -6.171283849342172, 55.000669708601478 ] ] ], [ [ [ -6.16792669771788, 55.001123737626934 ], [ -6.170294089323096, 54.999040966886149 ], [ -6.171283849342172, 55.000669708601478 ], [ -6.16792669771788, 55.001123737626934 ] ] ], [ [ [ -6.184132868988759, 55.00209591177763 ], [ -6.187121924266156, 55.001917566937919 ], [ -6.190304553041019, 55.00339366650261 ], [ -6.188273070637607, 55.004469223245643 ], [ -6.182788608825102, 55.002951878941445 ], [ -6.184132868988759, 55.00209591177763 ] ] ], [ [ [ -6.183352868886988, 55.007031593574652 ], [ -6.183468693608862, 55.004469895480874 ], [ -6.186800752176022, 55.005241766866305 ], [ -6.183352868886988, 55.007031593574652 ] ] ], [ [ [ -6.218905695609615, 55.007135123921451 ], [ -6.21285572764446, 55.005923231915325 ], [ -6.219177882367407, 55.006392555057857 ], [ -6.218905695609615, 55.007135123921451 ] ] ], [ [ [ -6.197918557708499, 55.009878796378914 ], [ -6.20203743152684, 55.00866199014505 ], [ -6.20205656077948, 55.009330567258317 ], [ -6.197918557708499, 55.009878796378914 ] ] ], [ [ [ -6.094635253207815, 55.018944586516525 ], [ -6.096860552408157, 55.015942474890437 ], [ -6.098889133633246, 55.016351698365646 ], [ -6.094635253207815, 55.018944586516525 ] ] ], [ [ [ -6.110126608025213, 55.052811691039317 ], [ -6.112558761940694, 55.049930042241918 ], [ -6.113624705591393, 55.051095226834633 ], [ -6.110126608025213, 55.052811691039317 ] ] ], [ [ [ -6.119562310450761, 55.121896153130557 ], [ -6.116866032211744, 55.119635172213655 ], [ -6.11956017655325, 55.121579712653777 ], [ -6.119562310450761, 55.121896153130557 ] ] ], [ [ [ -6.092654171996473, 55.130002241217618 ], [ -6.088541263718031, 55.129467225347952 ], [ -6.091757931123507, 55.128663076354158 ], [ -6.092658380471007, 55.128668024558728 ], [ -6.092654171996473, 55.130002241217618 ] ] ], [ [ [ -6.093240958520402, 55.132271933403082 ], [ -6.095966215765761, 55.13047661169071 ], [ -6.097134475964936, 55.132127471637624 ], [ -6.093240958520402, 55.132271933403082 ] ] ], [ [ [ -6.24411830797531, 55.135336192983516 ], [ -6.246525324434383, 55.135349769857832 ], [ -6.250539168769036, 55.13679599432426 ], [ -6.24411830797531, 55.135336192983516 ] ] ], [ [ [ -6.190994511783979, 55.149630692677135 ], [ -6.192508941244222, 55.149121862343932 ], [ -6.191290465528165, 55.14855409681428 ], [ -6.19291619793147, 55.148985028928237 ], [ -6.193756418280914, 55.148702724858225 ], [ -6.196194611209103, 55.149854036374535 ], [ -6.196496493561867, 55.149934056186019 ], [ -6.192338846418567, 55.147849061251655 ], [ -6.195086909594015, 55.146488304192168 ], [ -6.198870603772733, 55.149059318455024 ], [ -6.196753182513714, 55.150002096604247 ], [ -6.198687491537222, 55.150514822975978 ], [ -6.197392313905743, 55.151397337044912 ], [ -6.19434785346996, 55.149978728804271 ], [ -6.190994511783979, 55.149630692677135 ] ] ], [ [ [ -6.190591029889085, 55.153757266620666 ], [ -6.190295178786859, 55.151217351501792 ], [ -6.191153618902476, 55.153046912620574 ], [ -6.194885234805492, 55.153856412829754 ], [ -6.190591029889085, 55.153757266620666 ] ] ], [ [ [ -6.241342128967368, 55.157263693319621 ], [ -6.237076097201948, 55.155739452159018 ], [ -6.238718011681564, 55.154434677874029 ], [ -6.24240046065395, 55.156218638247189 ], [ -6.241342128967368, 55.157263693319621 ] ] ], [ [ [ -6.230872829246755, 55.16001339401911 ], [ -6.226393285158127, 55.158581113364598 ], [ -6.230948766019499, 55.158813817137521 ], [ -6.230872829246755, 55.16001339401911 ] ] ], [ [ [ -6.234019087626691, 55.161946020407804 ], [ -6.227823465143916, 55.161114346286148 ], [ -6.234231713077877, 55.161319430395217 ], [ -6.234019087626691, 55.161946020407804 ] ] ], [ [ [ -6.235888188016563, 55.16318681154106 ], [ -6.235063037572123, 55.160552893697989 ], [ -6.24126911565898, 55.160777699019512 ], [ -6.242860741765949, 55.162690755600806 ], [ -6.235888188016563, 55.16318681154106 ] ] ], [ [ [ -6.236432493466748, 55.164148064000933 ], [ -6.242860741765949, 55.162690755600806 ], [ -6.243369894007577, 55.163218972484621 ], [ -6.236432493466748, 55.164148064000933 ] ] ], [ [ [ -6.245776455630583, 55.172041185449736 ], [ -6.240910378435492, 55.172420388392979 ], [ -6.240612138012654, 55.169941793939145 ], [ -6.238301737002052, 55.166778541425487 ], [ -6.236432493466748, 55.164148064000933 ], [ -6.244916832557037, 55.164844200965632 ], [ -6.239104419769245, 55.166543826485984 ], [ -6.24553942228594, 55.164960835298537 ], [ -6.248622712529182, 55.170955538162566 ], [ -6.245014002233612, 55.171504364689703 ], [ -6.245776464329423, 55.172041182140468 ], [ -6.245904684380637, 55.171992403888417 ], [ -6.246890919880985, 55.174116948457481 ], [ -6.245331474844294, 55.176837451741669 ], [ -6.242258865115397, 55.173379368636638 ], [ -6.245776455630583, 55.172041185449736 ] ], [ [ -6.241536837602881, 55.169056239513097 ], [ -6.238884851338394, 55.166608031166923 ], [ -6.238301737002052, 55.166778541425487 ], [ -6.241536837602881, 55.169056239513097 ] ] ], [ [ [ -6.228386159507023, 55.167886253490387 ], [ -6.234269580103915, 55.165400924340872 ], [ -6.234543154374121, 55.166204085084004 ], [ -6.228386159507023, 55.167886253490387 ] ] ], [ [ [ -6.229253660533312, 55.170124700914606 ], [ -6.237571222373184, 55.166020182306049 ], [ -6.238405321815581, 55.167035122884968 ], [ -6.229253660533312, 55.170124700914606 ] ] ], [ [ [ -6.172135893187547, 55.168035671901848 ], [ -6.174833891017205, 55.16972183827437 ], [ -6.171824260755534, 55.169468413116284 ], [ -6.172135893187547, 55.168035671901848 ] ] ], [ [ [ -6.170654848458702, 55.168861052197933 ], [ -6.170188148142951, 55.170985569186371 ], [ -6.1649872029649, 55.169804730103174 ], [ -6.165103951005994, 55.172062578376362 ], [ -6.161870955219013, 55.171403158329547 ], [ -6.164744653286979, 55.169749660855274 ], [ -6.164265193996551, 55.169640802897817 ], [ -6.164472728202611, 55.168921165537178 ], [ -6.170654848458702, 55.168861052197933 ] ] ], [ [ [ -6.225804637011501, 55.171164540973791 ], [ -6.225174296702372, 55.170850335590707 ], [ -6.229253660533312, 55.170124700914606 ], [ -6.225804637011501, 55.171164540973791 ] ] ], [ [ [ -6.119232249657893, 55.176643607917619 ], [ -6.119391699509436, 55.178079523037106 ], [ -6.114367433205913, 55.178897673046031 ], [ -6.115422391222791, 55.180269835028476 ], [ -6.112356057482707, 55.181132843151453 ], [ -6.110199765838076, 55.17966853615664 ], [ -6.113707894855797, 55.178039825211791 ], [ -6.11436742941529, 55.178897668115646 ], [ -6.119232249657893, 55.176643607917619 ] ] ], [ [ [ -6.116349523304671, 55.180965237562987 ], [ -6.11619406862966, 55.178623293088648 ], [ -6.119740290272673, 55.178244107756065 ], [ -6.116349523304671, 55.180965237562987 ] ] ], [ [ [ -6.177887298086684, 55.182495918911165 ], [ -6.174174654512785, 55.180738224109724 ], [ -6.178861424211098, 55.181791770824013 ], [ -6.177887298086684, 55.182495918911165 ] ] ], [ [ [ -6.116269917326239, 55.185109657864537 ], [ -6.113681427144538, 55.184681955696846 ], [ -6.116831392800568, 55.18122406234604 ], [ -6.119191864374161, 55.181930788517285 ], [ -6.116269917326239, 55.185109657864537 ] ] ], [ [ [ -6.23728012922078, 55.189825098227381 ], [ -6.233241468772906, 55.188702401950223 ], [ -6.237582820730435, 55.18954034557882 ], [ -6.23728012922078, 55.189825098227381 ] ] ], [ [ [ -6.116158028672254, 55.196029693407304 ], [ -6.118007203605343, 55.192900139477132 ], [ -6.12195612678737, 55.194104560959275 ], [ -6.116158028672254, 55.196029693407304 ] ] ], [ [ [ -6.09538282315788, 55.196694171811743 ], [ -6.092868450387612, 55.194054065769549 ], [ -6.097920410030414, 55.195300091951935 ], [ -6.09538282315788, 55.196694171811743 ] ] ], [ [ [ -6.130319543134988, 55.202822192551317 ], [ -6.131348789886645, 55.199938829700379 ], [ -6.133602621739084, 55.202864382060127 ], [ -6.130319543134988, 55.202822192551317 ] ] ], [ [ [ -6.086847583677244, 55.203021920431397 ], [ -6.088627234547549, 55.200137073086246 ], [ -6.091857156054902, 55.202063566367002 ], [ -6.091807585232615, 55.203099646432811 ], [ -6.086847583677244, 55.203021920431397 ] ] ], [ [ [ -6.119557538213772, 55.203420110813241 ], [ -6.115477132489397, 55.202943105852754 ], [ -6.12019680341686, 55.201949756838921 ], [ -6.119557538213772, 55.203420110813241 ] ] ], [ [ [ -6.117132778550074, 55.207120064022618 ], [ -6.114942079320293, 55.204218253424472 ], [ -6.118735400120562, 55.206064795833406 ], [ -6.117132778550074, 55.207120064022618 ] ] ], [ [ [ -6.117547300799147, 55.208233702684701 ], [ -6.118735400120562, 55.206064795833406 ], [ -6.12161865046872, 55.207021514928677 ], [ -6.117547300799147, 55.208233702684701 ] ] ], [ [ [ -6.177872363466748, 55.210330779269512 ], [ -6.173633534130879, 55.211180439184432 ], [ -6.170670683725714, 55.210597000479616 ], [ -6.174690693858944, 55.208286785805662 ], [ -6.177872363466748, 55.210330779269512 ] ] ], [ [ [ -6.197551794457997, 55.210535045166772 ], [ -6.189275294457497, 55.210515328558351 ], [ -6.193386897588067, 55.209075975873688 ], [ -6.197623834348239, 55.210012483321165 ], [ -6.197551794457997, 55.210535045166772 ] ] ], [ [ [ -6.134073154514438, 55.213232389173832 ], [ -6.131654078257358, 55.208816265735173 ], [ -6.13797634775583, 55.208839439156911 ], [ -6.134073154514438, 55.213232389173832 ] ] ], [ [ [ -6.164643123690728, 55.215174357129342 ], [ -6.160664289311209, 55.213383290983593 ], [ -6.166995605216745, 55.2145046286103 ], [ -6.164643123690728, 55.215174357129342 ] ] ], [ [ [ -6.166753243120382, 55.217279645542526 ], [ -6.164754874125715, 55.216984536345151 ], [ -6.169944810991785, 55.216536062508702 ], [ -6.166753243120382, 55.217279645542526 ] ] ], [ [ [ -6.161709731958628, 55.219794751142565 ], [ -6.157525856342171, 55.22224725246145 ], [ -6.158244832945707, 55.220292148343169 ], [ -6.15255289501841, 55.217165146473448 ], [ -6.161709731958628, 55.219794751142565 ] ] ], [ [ [ -6.152849831508819, 55.221412609223478 ], [ -6.152993911673804, 55.218303544660515 ], [ -6.155110610157418, 55.220963480715412 ], [ -6.152849831508819, 55.221412609223478 ] ] ], [ [ [ -6.187472760492908, 55.27644321902109 ], [ -6.187519343314987, 55.279085920377852 ], [ -6.184088908998159, 55.277631598715566 ], [ -6.184437859779299, 55.276212184946687 ], [ -6.187472760492908, 55.27644321902109 ] ] ], [ [ [ -6.184756535376692, 55.279678702952957 ], [ -6.18267880668793, 55.277198835330886 ], [ -6.187519343314987, 55.279085920377852 ], [ -6.184756535376692, 55.279678702952957 ] ] ], [ [ [ -6.018695181539776, 54.119266173388091 ], [ -6.016037531122524, 54.118383624822158 ], [ -6.01766916187368, 54.116789373460406 ], [ -6.020116388317033, 54.118831032015294 ], [ -6.018695181539776, 54.119266173388091 ] ] ], [ [ [ -5.96225226271766, 54.12213887737915 ], [ -5.958996065493564, 54.11978502494182 ], [ -5.962591158353977, 54.120064186914753 ], [ -5.96225226271766, 54.12213887737915 ] ] ], [ [ [ -5.944919739387628, 54.126042629701821 ], [ -5.943553534408357, 54.122756327774326 ], [ -5.946245092546524, 54.124449694293922 ], [ -5.944919739387628, 54.126042629701821 ] ] ], [ [ [ -6.041477418090414, 54.127733996658463 ], [ -6.039253967478317, 54.128354439701177 ], [ -6.038468413744415, 54.127719195490918 ], [ -6.041477418090414, 54.127733996658463 ] ] ], [ [ [ -5.95477927836502, 54.133450908770349 ], [ -5.954164762015928, 54.130237167355823 ], [ -5.956244485800219, 54.132929670135013 ], [ -5.95477927836502, 54.133450908770349 ] ] ], [ [ [ -5.95477927836502, 54.133450908770349 ], [ -5.95379880230223, 54.133271556004104 ], [ -5.954539629783498, 54.133531694940174 ], [ -5.951123947505333, 54.135236294029781 ], [ -5.952191716448489, 54.132707233520478 ], [ -5.952541392428371, 54.132830020997559 ], [ -5.950342288987313, 54.131185346800052 ], [ -5.95477927836502, 54.133450908770349 ] ] ], [ [ [ -5.952191716448489, 54.132707233520478 ], [ -5.949816545090424, 54.13384099626478 ], [ -5.94886437483311, 54.131279775456122 ], [ -5.952191716448489, 54.132707233520478 ] ] ], [ [ [ -6.08969369386365, 54.192816276372739 ], [ -6.082953185499921, 54.189483021023086 ], [ -6.090594187946074, 54.191053530152494 ], [ -6.08969369386365, 54.192816276372739 ] ] ], [ [ [ -6.029080245372868, 54.202599333895513 ], [ -6.031790173915933, 54.198805104699254 ], [ -6.032609048229604, 54.201889015058818 ], [ -6.029080245372868, 54.202599333895513 ] ] ], [ [ [ -6.011520297341819, 54.249200943466398 ], [ -6.016002471502415, 54.248642858192341 ], [ -6.017108326461358, 54.249585626934106 ], [ -6.011520297341819, 54.249200943466398 ] ] ], [ [ [ -6.013528807679764, 54.254199726640408 ], [ -6.015203897947421, 54.25587757214155 ], [ -6.012710149832687, 54.25656076916971 ], [ -6.011571311441686, 54.254828585700977 ], [ -6.013528807679764, 54.254199726640408 ] ] ], [ [ [ -6.054160095700679, 54.292079214304373 ], [ -6.051064674524178, 54.293063714049161 ], [ -6.051018027159082, 54.292772473673224 ], [ -6.050832895410879, 54.293266527858094 ], [ -6.049018891851932, 54.291021140033564 ], [ -6.050748726662513, 54.291091110155712 ], [ -6.050667175710527, 54.290581951066756 ], [ -6.053191118047399, 54.290487122154076 ], [ -6.054160095700679, 54.292079214304373 ] ] ], [ [ [ -5.986046110048701, 54.295533214289563 ], [ -5.986496168200476, 54.292844725512261 ], [ -5.988746549633574, 54.294961606589155 ], [ -5.986046110048701, 54.295533214289563 ] ] ], [ [ [ -6.079081579493663, 54.314440645883394 ], [ -6.078936506923718, 54.314479008803978 ], [ -6.08352692464892, 54.316122531602389 ], [ -6.079333114921757, 54.317608203066619 ], [ -6.077106267659483, 54.316452832529905 ], [ -6.078886497039249, 54.314492233393757 ], [ -6.076280814037448, 54.315181278952828 ], [ -6.074844723804675, 54.313024848169569 ], [ -6.078506081708933, 54.313599433294833 ], [ -6.079081579493663, 54.314440645883394 ] ] ], [ [ [ -5.959511095783579, 54.370458337220079 ], [ -5.959092509996212, 54.367845282166009 ], [ -5.960765165567475, 54.369277513731404 ], [ -5.959511095783579, 54.370458337220079 ] ] ], [ [ [ -5.990606373379096, 54.388022121182011 ], [ -5.992931734811494, 54.385730577315172 ], [ -5.993829837431019, 54.387083441945862 ], [ -5.990606373379096, 54.388022121182011 ] ] ], [ [ [ -5.986573591991188, 54.403509791085675 ], [ -5.983954204406342, 54.40438411414695 ], [ -5.985913131354542, 54.401340179990555 ], [ -5.987613695684193, 54.401517401608281 ], [ -5.986573591991188, 54.403509791085675 ] ] ], [ [ [ -5.951698153265568, 54.417268523168097 ], [ -5.948126503984498, 54.417781771871056 ], [ -5.948720473659169, 54.41575960739619 ], [ -5.951698153265568, 54.417268523168097 ] ] ], [ [ [ -6.064198700781089, 54.452537382127751 ], [ -6.066539197579618, 54.450665662510126 ], [ -6.068255419213696, 54.452631111482603 ], [ -6.064198700781089, 54.452537382127751 ] ] ], [ [ [ -5.947979722365003, 54.452579722402795 ], [ -5.944358599955914, 54.452307558243149 ], [ -5.946863653000771, 54.451146781102707 ], [ -5.947979722365003, 54.452579722402795 ] ] ], [ [ [ -6.016766458565014, 54.520904464301218 ], [ -6.011477716178808, 54.51981239266707 ], [ -6.017484637707056, 54.52054762302275 ], [ -6.016766458565014, 54.520904464301218 ] ] ], [ [ [ -5.939567397261836, 54.532497334485285 ], [ -5.942600224223547, 54.530390143066377 ], [ -5.943412306432573, 54.532228088237844 ], [ -5.939567397261836, 54.532497334485285 ] ] ], [ [ [ -6.032651416219872, 54.532370333475804 ], [ -6.029876292444049, 54.533920274030287 ], [ -6.029845655094046, 54.532418990898002 ], [ -6.032651416219872, 54.532370333475804 ] ] ], [ [ [ -6.060883135794111, 54.583226610920143 ], [ -6.05771814593252, 54.582598146629259 ], [ -6.060058129238737, 54.581057026833726 ], [ -6.062120094523736, 54.582334760958716 ], [ -6.060883135794111, 54.583226610920143 ] ] ], [ [ [ -6.06023924824019, 54.58375537719008 ], [ -6.06348032230521, 54.584866937615196 ], [ -6.059366711657645, 54.585718043285745 ], [ -6.06023924824019, 54.58375537719008 ] ] ], [ [ [ -6.045965768023237, 54.615691327798601 ], [ -6.050270370992282, 54.616299842295774 ], [ -6.046092940896516, 54.616998276820006 ], [ -6.045965768023237, 54.615691327798601 ] ] ], [ [ [ -6.042838766277431, 54.617569995341078 ], [ -6.048719544919141, 54.617173327037868 ], [ -6.042422546566145, 54.617641927357617 ], [ -6.042838766277431, 54.617569995341078 ] ] ], [ [ [ -6.004736754555858, 54.629394385536891 ], [ -6.002348305876416, 54.627169098555349 ], [ -6.005178829822887, 54.627239082635072 ], [ -6.004736754555858, 54.629394385536891 ] ] ], [ [ [ -5.953449827119509, 54.652617698397691 ], [ -5.958892622000589, 54.649141590366376 ], [ -5.960307585439916, 54.650145991298146 ], [ -5.953449827119509, 54.652617698397691 ] ] ], [ [ [ -6.043839108572007, 54.651715107104522 ], [ -6.040500350476042, 54.654414470669927 ], [ -6.038669576075004, 54.65217771163038 ], [ -6.043839108572007, 54.651715107104522 ] ] ], [ [ [ -5.966351395875721, 54.654913647861846 ], [ -5.960325361171054, 54.653130392601184 ], [ -5.966606209286979, 54.654097258239013 ], [ -5.966351395875721, 54.654913647861846 ] ] ], [ [ [ -5.955058212762207, 54.654701521407418 ], [ -5.952474785694738, 54.654937291918912 ], [ -5.954021217834009, 54.653581284339758 ], [ -5.956729789948145, 54.655188872407784 ], [ -5.955058212762207, 54.654701521407418 ] ] ], [ [ [ -6.058176383282358, 54.656735862828654 ], [ -6.054615750739945, 54.656262098174807 ], [ -6.056701343948911, 54.655539490803015 ], [ -6.058176383282358, 54.656735862828654 ] ] ], [ [ [ -6.062090657976643, 54.65709758069228 ], [ -6.061082971218779, 54.657443999114768 ], [ -6.05915192122988, 54.655195703587999 ], [ -6.062090657976643, 54.65709758069228 ] ] ], [ [ [ -6.052482640781228, 54.661978035637034 ], [ -6.049864607782566, 54.659193085868452 ], [ -6.051528807601011, 54.658510030135908 ], [ -6.052482640781228, 54.661978035637034 ] ] ], [ [ [ -6.056832690568993, 54.661760750843129 ], [ -6.052748431442893, 54.663557602262991 ], [ -6.052603049601337, 54.662285093501779 ], [ -6.056832690568993, 54.661760750843129 ] ] ], [ [ [ -6.055343799400646, 54.666358607048387 ], [ -6.052099370336312, 54.66597693830019 ], [ -6.054866238660332, 54.664618925759989 ], [ -6.055343799400646, 54.666358607048387 ] ] ], [ [ [ -6.056822764369177, 54.667562867899065 ], [ -6.054866238660332, 54.664618925759989 ], [ -6.061037000207771, 54.666097273361835 ], [ -6.056822764369177, 54.667562867899065 ] ] ], [ [ [ -6.069944643242106, 54.667062006119814 ], [ -6.067639943865918, 54.665279574870624 ], [ -6.070919970591567, 54.665226137396033 ], [ -6.069944643242106, 54.667062006119814 ] ] ], [ [ [ -6.039619090700351, 54.665184668285029 ], [ -6.039371132305479, 54.667462928403111 ], [ -6.037519479230076, 54.665150659600442 ], [ -6.039619090700351, 54.665184668285029 ] ] ], [ [ [ -6.060218631667224, 54.669070547163429 ], [ -6.062186482993194, 54.666959630773214 ], [ -6.06425171319156, 54.668517306353188 ], [ -6.060218631667224, 54.669070547163429 ] ] ], [ [ [ -6.055648514070922, 54.667729841698183 ], [ -6.052490912615997, 54.669165947439652 ], [ -6.052204466078848, 54.667354225743885 ], [ -6.055648514070922, 54.667729841698183 ] ] ], [ [ [ -6.062037340990223, 54.671722160229919 ], [ -6.064936988496663, 54.669601898196248 ], [ -6.065196850407128, 54.670396202050341 ], [ -6.062037340990223, 54.671722160229919 ] ] ], [ [ [ -6.062579717216362, 54.67777338617077 ], [ -6.05983155205347, 54.675932454204599 ], [ -6.06475493551393, 54.675370338785136 ], [ -6.065780802390762, 54.675668226219344 ], [ -6.062579717216362, 54.67777338617077 ] ] ], [ [ [ -6.06589179799866, 54.679854669214393 ], [ -6.06411175165828, 54.678160951589547 ], [ -6.067623074173691, 54.677875970701592 ], [ -6.068423938273159, 54.678775840017721 ], [ -6.06589179799866, 54.679854669214393 ] ] ], [ [ [ -6.039377354083182, 54.684545597608782 ], [ -6.039991022870991, 54.682667161144714 ], [ -6.043099772699519, 54.683358860536238 ], [ -6.039377354083182, 54.684545597608782 ] ] ], [ [ [ -6.054674836243575, 54.686990761161447 ], [ -6.050452171307906, 54.684946236634865 ], [ -6.054767589495905, 54.684474828786342 ], [ -6.054674836243575, 54.686990761161447 ] ] ], [ [ [ -6.040222673992385, 54.685183113936617 ], [ -6.043246424338354, 54.686368386770432 ], [ -6.03994867374342, 54.686731801269012 ], [ -6.040222673992385, 54.685183113936617 ] ] ], [ [ [ -6.045193901288628, 54.685807002964431 ], [ -6.049399488683722, 54.6886898082183 ], [ -6.045675741158553, 54.687384981763159 ], [ -6.045193901288628, 54.685807002964431 ] ] ], [ [ [ -6.054241957758052, 54.688338403210892 ], [ -6.057742633786399, 54.686687163074474 ], [ -6.058612767572282, 54.688029471019476 ], [ -6.054241957758052, 54.688338403210892 ] ] ], [ [ [ -6.042074758780977, 54.689510796098325 ], [ -6.037924124053453, 54.690373229775332 ], [ -6.038791067632967, 54.688224852033315 ], [ -6.042090241020024, 54.688973787606848 ], [ -6.042074758780977, 54.689510796098325 ] ] ], [ [ [ -6.059789957683131, 54.689991160907049 ], [ -6.063731181025858, 54.688974885228831 ], [ -6.063654578463257, 54.690181430645808 ], [ -6.059789957683131, 54.689991160907049 ] ] ], [ [ [ -6.037924124053453, 54.690373229775332 ], [ -6.033203354187452, 54.690238566984348 ], [ -6.037847525930943, 54.688900543841321 ], [ -6.037924124053453, 54.690373229775332 ] ] ], [ [ [ -6.025406054770796, 54.710746375121573 ], [ -6.024661123857577, 54.707787855963524 ], [ -6.028326694068791, 54.709489506735387 ], [ -6.025406054770796, 54.710746375121573 ] ] ], [ [ [ -6.083042689862993, 54.725537799981005 ], [ -6.086443867155133, 54.726616977044209 ], [ -6.083237965666024, 54.726322934385713 ], [ -6.083042689862993, 54.725537799981005 ] ] ], [ [ [ -6.025154697569152, 54.735970669607774 ], [ -6.022564126834569, 54.734287710464152 ], [ -6.024701505614185, 54.733461017240707 ], [ -6.028875566005723, 54.734624812310997 ], [ -6.025154697569152, 54.735970669607774 ] ] ], [ [ [ -6.065575755842932, 54.774353361786751 ], [ -6.071009080177801, 54.771627443799645 ], [ -6.071193566561194, 54.772284705354821 ], [ -6.065575755842932, 54.774353361786751 ] ] ], [ [ [ -6.052493114650468, 54.77825914686256 ], [ -6.050213397543443, 54.776591775170118 ], [ -6.052758009411274, 54.777714642722032 ], [ -6.052493114650468, 54.77825914686256 ] ] ], [ [ [ -6.07066526860832, 54.780293973867046 ], [ -6.069399378724968, 54.77715880515435 ], [ -6.072272388842938, 54.779514975525501 ], [ -6.07066526860832, 54.780293973867046 ] ] ], [ [ [ -6.059558979186802, 54.805306497755033 ], [ -6.060180879984521, 54.808394838382782 ], [ -6.057415094034487, 54.805272184708429 ], [ -6.059558979186802, 54.805306497755033 ] ] ], [ [ [ -6.079213848340885, 54.813885034575719 ], [ -6.08319830885872, 54.812596556901639 ], [ -6.084757237944381, 54.813649492628187 ], [ -6.079213848340885, 54.813885034575719 ] ] ], [ [ [ -6.027641678235403, 54.822581192193532 ], [ -6.024630138227607, 54.821094668459224 ], [ -6.029887940361107, 54.821188982828382 ], [ -6.027641678235403, 54.822581192193532 ] ] ], [ [ [ -6.060835184222054, 54.836632931560942 ], [ -6.064581395553215, 54.837551229514801 ], [ -6.061696289417472, 54.838831976286222 ], [ -6.060835184222054, 54.836632931560942 ] ] ], [ [ [ -6.005268395505934, 54.837476925956274 ], [ -6.003530434797736, 54.84011285006855 ], [ -6.001341122317671, 54.838158086569983 ], [ -6.004078766481292, 54.837411310724775 ], [ -6.005268395505934, 54.837476925956274 ] ] ], [ [ [ -6.05870902013194, 54.841557616386204 ], [ -6.054362172374279, 54.840262856463646 ], [ -6.058005247235211, 54.838350673091639 ], [ -6.05870902013194, 54.841557616386204 ] ] ], [ [ [ -6.031783217742797, 54.838543387583364 ], [ -6.034242475668096, 54.837809878014596 ], [ -6.033818932097976, 54.842267722224435 ], [ -6.034599397829537, 54.841394609090351 ], [ -6.037541429302216, 54.842970314576341 ], [ -6.033184383224733, 54.842977597024884 ], [ -6.033818915648102, 54.842267740627037 ], [ -6.029992209029172, 54.841804957158857 ], [ -6.031783217742797, 54.838543387583364 ] ] ], [ [ [ -6.013638274723286, 54.841571400053894 ], [ -6.011259839801047, 54.839286647105787 ], [ -6.013440858671546, 54.839252969738311 ], [ -6.013638274723286, 54.841571400053894 ] ] ], [ [ [ -6.05342484200353, 54.8421208751626 ], [ -6.051015181652519, 54.845391385608451 ], [ -6.049409395653972, 54.845520738781261 ], [ -6.048521991263894, 54.84418193699404 ], [ -6.05342484200353, 54.8421208751626 ] ] ], [ [ [ -6.039099580255555, 54.845505655949957 ], [ -6.041291799402147, 54.842747960559905 ], [ -6.0428126207771, 54.843491256550088 ], [ -6.039099580255555, 54.845505655949957 ] ] ], [ [ [ -6.043532131646819, 54.845026143472111 ], [ -6.039099580255555, 54.845505655949957 ], [ -6.043807374126478, 54.843168149195975 ], [ -6.045333250438786, 54.844250639659691 ], [ -6.043532131646819, 54.845026143472111 ] ] ], [ [ [ -6.063232487241945, 54.875340408571923 ], [ -6.066278103237479, 54.873666910982458 ], [ -6.066224337999111, 54.874789439113087 ], [ -6.063232487241945, 54.875340408571923 ] ] ], [ [ [ -6.057051619419035, 54.879014319275861 ], [ -6.054081555752794, 54.881047820229078 ], [ -6.053024848779789, 54.879905288647059 ], [ -6.057051619419035, 54.879014319275861 ] ] ], [ [ [ -6.02047561126414, 54.881279307809052 ], [ -6.023905544034044, 54.883126423262048 ], [ -6.018430499638037, 54.882415443528728 ], [ -6.02047561126414, 54.881279307809052 ] ] ], [ [ [ -5.946295602477567, 54.888207595560502 ], [ -5.947909170170009, 54.888278983647425 ], [ -5.952597312346637, 54.886935594726388 ], [ -5.951124201221672, 54.888421224296678 ], [ -5.949864635286265, 54.891816820431856 ], [ -5.94542006504189, 54.89042759367856 ], [ -5.946295602477567, 54.888207595560502 ] ] ], [ [ [ -5.952885449313214, 54.89200658093727 ], [ -5.949792805080846, 54.892011059041735 ], [ -5.951124201221672, 54.888421224296678 ], [ -5.953032646856637, 54.888497948131032 ], [ -5.952885449313214, 54.89200658093727 ] ] ], [ [ [ -6.047483691100228, 54.890912816453792 ], [ -6.048092452174415, 54.893530518560731 ], [ -6.045116760944873, 54.892403907959789 ], [ -6.04563086343919, 54.889620793162436 ], [ -6.047483691100228, 54.890912816453792 ] ] ], [ [ [ -5.988602713352223, 54.895475553614695 ], [ -5.981605432690772, 54.893329784895684 ], [ -5.988421091689092, 54.894736771853147 ], [ -5.988602713352223, 54.895475553614695 ] ] ], [ [ [ -5.940273963641822, 54.907747537715935 ], [ -5.943387644092554, 54.911301960101795 ], [ -5.942777576758346, 54.913011409434453 ], [ -5.940273963641822, 54.907747537715935 ] ] ], [ [ [ -6.020143240861018, 54.916922800323448 ], [ -6.014434627878828, 54.918512261682544 ], [ -6.016139573620349, 54.915288938172267 ], [ -6.020143240861018, 54.916922800323448 ] ] ], [ [ [ -6.030007080034434, 54.918690667411354 ], [ -6.025178655874746, 54.918469218839761 ], [ -6.031734604410993, 54.916509826578931 ], [ -6.032595336648645, 54.916998762299166 ], [ -6.030007080034434, 54.918690667411354 ] ] ], [ [ [ -6.025425677963693, 54.920391718189883 ], [ -6.021496303782689, 54.919394358787144 ], [ -6.028251636276833, 54.918783435640009 ], [ -6.025425677963693, 54.920391718189883 ] ] ], [ [ [ -6.018543181864002, 54.922061340150549 ], [ -6.010890653431908, 54.919940915027453 ], [ -6.014434627878828, 54.918512261682544 ], [ -6.018543181864002, 54.922061340150549 ] ] ], [ [ [ -5.942588672975844, 54.922683720426221 ], [ -5.940052947216695, 54.922657046969839 ], [ -5.942321456405575, 54.920475171106332 ], [ -5.945208645302893, 54.922765147825629 ], [ -5.942588672975844, 54.922683720426221 ] ] ], [ [ [ -6.03010132067956, 54.922234962261733 ], [ -6.025578600091221, 54.923205765706506 ], [ -6.023165291114728, 54.922437369884676 ], [ -6.03010132067956, 54.922234962261733 ] ] ], [ [ [ -5.966649030373659, 54.925122049628392 ], [ -5.96278458967053, 54.92178572255083 ], [ -5.969145353314016, 54.921590825738825 ], [ -5.966649030373659, 54.925122049628392 ] ] ], [ [ [ -6.024945574317216, 54.925200316120979 ], [ -6.017536613889432, 54.922460361072808 ], [ -6.020059813665366, 54.921723318027411 ], [ -6.026807721253849, 54.923600619861034 ], [ -6.024945574317216, 54.925200316120979 ] ] ], [ [ [ -5.93759754580601, 54.928740013576004 ], [ -5.937548460952542, 54.925902510857405 ], [ -5.940052947216695, 54.922657046969839 ], [ -5.945208645302893, 54.922765147825629 ], [ -5.945601064402651, 54.92562336858574 ], [ -5.93759754580601, 54.928740013576004 ] ] ], [ [ [ -6.018881727116836, 54.925812504991278 ], [ -6.013850810478353, 54.922814956428297 ], [ -6.020292372309454, 54.925147157241184 ], [ -6.018881727116836, 54.925812504991278 ] ] ], [ [ [ -6.015904416813858, 54.922818614059409 ], [ -6.017536613889432, 54.922460361072808 ], [ -6.026587062093505, 54.926460022652904 ], [ -6.015904416813858, 54.922818614059409 ] ] ], [ [ [ -6.010082405808723, 54.924414223162159 ], [ -6.007015315374552, 54.926078981844228 ], [ -6.00620836991297, 54.925771346687839 ], [ -6.010082405808723, 54.924414223162159 ] ] ], [ [ [ -5.950177561200316, 54.934885573847801 ], [ -5.949100680516395, 54.938720721818633 ], [ -5.944730226831714, 54.938418089039267 ], [ -5.942774729953112, 54.933347978558579 ], [ -5.950177561200316, 54.934885573847801 ] ] ], [ [ [ -5.991322537246655, 54.939411919283444 ], [ -5.993680359131206, 54.935038329231368 ], [ -5.999479584725811, 54.938300291144955 ], [ -5.991322537246655, 54.939411919283444 ] ] ], [ [ [ -5.965768309046166, 54.937039470037504 ], [ -5.966093016135184, 54.940854715565919 ], [ -5.966683430898138, 54.941871224967386 ], [ -5.962616870639722, 54.942130164062 ], [ -5.962688450011447, 54.935967503590525 ], [ -5.965401145640793, 54.935740811879342 ], [ -5.965550317645881, 54.935836871897571 ], [ -5.965768309046166, 54.937039470037504 ] ] ], [ [ [ -5.944888873554257, 54.94269365643131 ], [ -5.944891355319349, 54.942801093480284 ], [ -5.943879338792883, 54.941502486712452 ], [ -5.943607166946137, 54.942562183816712 ], [ -5.940637275324255, 54.940158672069252 ], [ -5.936913955551387, 54.941742064200838 ], [ -5.932009485184147, 54.944075052687857 ], [ -5.930491154304292, 54.941917166664233 ], [ -5.935405254463658, 54.9409106256443 ], [ -5.933498719483822, 54.939859942573598 ], [ -5.926959026073797, 54.943726026381704 ], [ -5.924938200285721, 54.942586809180973 ], [ -5.923741869115096, 54.94308143111239 ], [ -5.92453881041679, 54.944906141790646 ], [ -5.922302513418631, 54.946083685511674 ], [ -5.923659919930579, 54.943115312921144 ], [ -5.921058339921156, 54.944190933585887 ], [ -5.921687798262344, 54.940077891046904 ], [ -5.924038484130937, 54.941818167784142 ], [ -5.933318615026991, 54.93976068779687 ], [ -5.931634246630908, 54.938832439756681 ], [ -5.942423743715711, 54.934698128135963 ], [ -5.944730226831714, 54.938418089039267 ], [ -5.944685490169915, 54.938437113910247 ], [ -5.95107764333511, 54.939995278716957 ], [ -5.950475011641691, 54.941772406616906 ], [ -5.944888873554257, 54.94269365643131 ] ], [ [ -5.944664336450183, 54.938446109815892 ], [ -5.944426623089546, 54.939371643308505 ], [ -5.944708067309912, 54.939245270381932 ], [ -5.944668333620708, 54.938444409965022 ], [ -5.944664336450183, 54.938446109815892 ] ] ], [ [ [ -6.039876694368142, 54.940994419462825 ], [ -6.033649798245404, 54.940946945434305 ], [ -6.040640043598413, 54.940088837540536 ], [ -6.039876694368142, 54.940994419462825 ] ] ], [ [ [ -6.05106328868367, 54.945480472865974 ], [ -6.052979108919516, 54.941203247460535 ], [ -6.057707998140851, 54.943772523137397 ], [ -6.05106328868367, 54.945480472865974 ] ] ], [ [ [ -5.942520207251473, 54.945722620566009 ], [ -5.944891355319349, 54.942801093480284 ], [ -5.94489108115641, 54.945436735494269 ], [ -5.942520207251473, 54.945722620566009 ] ] ], [ [ [ -6.02855136542143, 54.947391149833344 ], [ -6.02566972086878, 54.946708002089899 ], [ -6.02765800125338, 54.944108317859573 ], [ -6.030735349321522, 54.945837041842807 ], [ -6.02855136542143, 54.947391149833344 ] ] ], [ [ [ -6.036402608030489, 54.947962264355716 ], [ -6.031346271610865, 54.946248659524095 ], [ -6.038383128285443, 54.945433899371309 ], [ -6.036402608030489, 54.947962264355716 ] ] ], [ [ [ -5.993669440904021, 54.951898863651387 ], [ -5.991020085236761, 54.948979898021356 ], [ -5.993331386451557, 54.948266937834411 ], [ -5.993669440904021, 54.951898863651387 ] ] ], [ [ [ -6.02451738483022, 54.953527804463889 ], [ -6.020923881714298, 54.952945881531946 ], [ -6.023553151662544, 54.951797598682212 ], [ -6.026508762389357, 54.952576204878774 ], [ -6.02451738483022, 54.953527804463889 ] ] ], [ [ [ -5.942940942045609, 54.955042593151873 ], [ -5.94321177556213, 54.95247786419759 ], [ -5.946252795923834, 54.954752085439374 ], [ -5.942940942045609, 54.955042593151873 ] ] ], [ [ [ -5.994106610748434, 54.960221492235462 ], [ -5.99048602831985, 54.958973518523621 ], [ -5.992508062709386, 54.95663412274552 ], [ -5.996750180634338, 54.957909120740474 ], [ -5.994106610748434, 54.960221492235462 ] ] ], [ [ [ -5.994188804254543, 54.960250565712478 ], [ -5.992776511792868, 54.961616074719259 ], [ -5.99048602831985, 54.958973518523621 ], [ -5.994188804254543, 54.960250565712478 ] ] ], [ [ [ -6.045615375676952, 54.963737880479641 ], [ -6.042789360701666, 54.963867647904436 ], [ -6.047118220506511, 54.959042572487512 ], [ -6.049826132589479, 54.960527801259211 ], [ -6.045615375676952, 54.963737880479641 ] ] ], [ [ [ -6.041396557454118, 54.966904446228511 ], [ -6.038473034050144, 54.964506422351938 ], [ -6.041343946046385, 54.964473215541226 ], [ -6.041396557454118, 54.966904446228511 ] ] ], [ [ [ -6.036000260997628, 54.967957971857984 ], [ -6.038473034050144, 54.964506422351938 ], [ -6.039640603517338, 54.967435451449418 ], [ -6.036000260997628, 54.967957971857984 ] ] ], [ [ [ -6.024261660389539, 54.967558480516068 ], [ -6.022687573207602, 54.964967718445145 ], [ -6.026238129943501, 54.966593207579962 ], [ -6.024261660389539, 54.967558480516068 ] ] ], [ [ [ -6.014591635222093, 54.978847135956727 ], [ -6.013565715473908, 54.976757288164144 ], [ -6.018168694015651, 54.977040893735293 ], [ -6.014591635222093, 54.978847135956727 ] ] ], [ [ [ -6.012100257303374, 54.993217627132367 ], [ -6.010473697136255, 54.991418340491528 ], [ -6.014858378384073, 54.990294770703905 ], [ -6.012100257303374, 54.993217627132367 ] ] ], [ [ [ -6.02620116354628, 54.995620658735824 ], [ -6.019991091902908, 54.995345146482499 ], [ -6.022314136839999, 54.994093410163224 ], [ -6.02620116354628, 54.995620658735824 ] ] ], [ [ [ -6.024972449864859, 55.004616791455533 ], [ -6.021765293521143, 55.004644828122665 ], [ -6.023926273710788, 55.002410016116485 ], [ -6.025959052591311, 55.002905615757726 ], [ -6.024972449864859, 55.004616791455533 ] ] ], [ [ [ -6.002411744846438, 55.022047766592621 ], [ -5.997738149879773, 55.017088846515982 ], [ -6.003074024486228, 55.016353427688969 ], [ -6.005174691850338, 55.020515883771516 ], [ -6.002411744846438, 55.022047766592621 ] ] ], [ [ [ -5.99330489356108, 55.021511574068839 ], [ -5.988371676065497, 55.021674207633424 ], [ -5.988208547395561, 55.01871979200115 ], [ -5.993365678908693, 55.020798522028642 ], [ -5.99330489356108, 55.021511574068839 ] ] ], [ [ [ -5.98689767053844, 55.02600911410731 ], [ -5.989770152768799, 55.027826004129018 ], [ -5.986225259751206, 55.027335827306175 ], [ -5.98689767053844, 55.02600911410731 ] ] ], [ [ [ -5.9804459317344, 55.033870431764555 ], [ -5.977428422650559, 55.033192432350191 ], [ -5.980183085974917, 55.031082806781257 ], [ -5.983337760521485, 55.030798461706546 ], [ -5.9804459317344, 55.033870431764555 ] ] ], [ [ [ -5.973249467781276, 55.041008309889932 ], [ -5.970707996867493, 55.04113455509097 ], [ -5.973908718337348, 55.03546230336277 ], [ -5.97766680484463, 55.033839588757466 ], [ -5.973249467781276, 55.041008309889932 ] ] ], [ [ [ -6.0822597809193, 55.128448217989991 ], [ -6.078119217654769, 55.128550547809702 ], [ -6.08377919942504, 55.128226793425036 ], [ -6.084925685200048, 55.130006249111894 ], [ -6.0822597809193, 55.128448217989991 ] ] ], [ [ [ -6.06797911345174, 55.130733864379536 ], [ -6.067325718879963, 55.13127587758941 ], [ -6.063639256829178, 55.128517350670172 ], [ -6.06797911345174, 55.130733864379536 ] ] ], [ [ [ -6.06828721102201, 55.134637700841168 ], [ -6.067455308675024, 55.13184771575812 ], [ -6.069985918518279, 55.132673080357158 ], [ -6.06828721102201, 55.134637700841168 ] ] ], [ [ [ -6.078631272857472, 55.137551463085337 ], [ -6.074372369318881, 55.134021004998502 ], [ -6.0769262095936, 55.133729244157578 ], [ -6.080803254444718, 55.136634920430822 ], [ -6.078631272857472, 55.137551463085337 ] ] ], [ [ [ -6.032376570266727, 55.144816341281398 ], [ -6.028209683813049, 55.14330181965542 ], [ -6.028130977813183, 55.139989461016491 ], [ -6.032583420732689, 55.14158871412058 ], [ -6.031076370136505, 55.142211620247231 ], [ -6.032766505008289, 55.144174868978808 ], [ -6.032376570266727, 55.144816341281398 ] ] ], [ [ [ -6.028259434412813, 55.155410442623207 ], [ -6.026433517874045, 55.152838662339292 ], [ -6.028731821596853, 55.152863333242834 ], [ -6.028259434412813, 55.155410442623207 ] ] ], [ [ [ -6.046306717271301, 55.165169584073375 ], [ -6.040558612214322, 55.16624401136928 ], [ -6.042827684482123, 55.164724569593879 ], [ -6.046306717271301, 55.165169584073375 ] ] ], [ [ [ -6.050555291684238, 55.170799314641414 ], [ -6.048146136836643, 55.168850005758145 ], [ -6.052487220643938, 55.169236986362435 ], [ -6.050555291684238, 55.170799314641414 ] ] ], [ [ [ -6.048133882416123, 55.171960668393176 ], [ -6.04615102990336, 55.171063734372538 ], [ -6.048467899606334, 55.169542098366676 ], [ -6.049525278394973, 55.171510398303582 ], [ -6.048133882416123, 55.171960668393176 ] ] ], [ [ [ -6.054499810147414, 55.175817218317114 ], [ -6.054986646383112, 55.172683438801243 ], [ -6.056881259904238, 55.174743721679697 ], [ -6.054499810147414, 55.175817218317114 ] ] ], [ [ [ -6.073841181607414, 55.176104817859141 ], [ -6.069985287725354, 55.174007359492386 ], [ -6.073731231563884, 55.174066620025286 ], [ -6.073841181607414, 55.176104817859141 ] ] ], [ [ [ -6.068543155637527, 55.176874097607538 ], [ -6.065536211112353, 55.176109422575657 ], [ -6.06831029747874, 55.173801143496263 ], [ -6.070291342394937, 55.174734439979453 ], [ -6.068543155637527, 55.176874097607538 ] ] ], [ [ [ -5.910071054409159, 54.117994448797909 ], [ -5.906269395411414, 54.11759960938614 ], [ -5.904626591458284, 54.117151265288797 ], [ -5.910071054409159, 54.117994448797909 ] ] ], [ [ [ -5.91983944435993, 54.121795527472997 ], [ -5.91461535857437, 54.119988168078208 ], [ -5.91528250642258, 54.119257918866253 ], [ -5.91983944435993, 54.121795527472997 ] ] ], [ [ [ -5.905969266241951, 54.130266381055378 ], [ -5.904022799838303, 54.127843929019747 ], [ -5.907001818272295, 54.128654421665779 ], [ -5.905969266241951, 54.130266381055378 ] ] ], [ [ [ -5.912994473139518, 54.130422403966662 ], [ -5.914273735804382, 54.127924456556009 ], [ -5.915472328366415, 54.129167443504805 ], [ -5.912994473139518, 54.130422403966662 ] ] ], [ [ [ -5.916595140844736, 54.129676525530272 ], [ -5.91888853748295, 54.128848250312885 ], [ -5.918344376874953, 54.131405613213978 ], [ -5.916595140844736, 54.129676525530272 ] ] ], [ [ [ -5.90772590989237, 54.139608120428242 ], [ -5.90930743212907, 54.137178591471191 ], [ -5.911091261855224, 54.138135375538596 ], [ -5.90772590989237, 54.139608120428242 ] ] ], [ [ [ -5.883018351738533, 54.160245347234216 ], [ -5.883485880534072, 54.156680284103217 ], [ -5.885786051884733, 54.156376102449592 ], [ -5.883018351738533, 54.160245347234216 ] ] ], [ [ [ -5.777740620760625, 54.248295863197598 ], [ -5.774633514978555, 54.247270752319452 ], [ -5.777714173630277, 54.244753892355739 ], [ -5.782267902184937, 54.247785362341503 ], [ -5.777740620760625, 54.248295863197598 ] ] ], [ [ [ -5.780147172380182, 54.251676017867574 ], [ -5.772099141361268, 54.250476833176108 ], [ -5.77541868833871, 54.249088743962567 ], [ -5.780147172380182, 54.251676017867574 ] ] ], [ [ [ -5.859809440423861, 54.262438396413295 ], [ -5.859419644289917, 54.265559826694364 ], [ -5.85633861093176, 54.265327008915534 ], [ -5.857200592721747, 54.262203103559912 ], [ -5.859809440423861, 54.262438396413295 ] ] ], [ [ [ -5.844914646034185, 54.271006270120743 ], [ -5.843915528243495, 54.269085927421557 ], [ -5.847912669002951, 54.267866350493421 ], [ -5.848807180175337, 54.269458530503726 ], [ -5.844914646034185, 54.271006270120743 ] ] ], [ [ [ -5.739919796379943, 54.273039236511146 ], [ -5.741065772099813, 54.270210748792501 ], [ -5.743003901074395, 54.271842654637233 ], [ -5.739919796379943, 54.273039236511146 ] ] ], [ [ [ -5.830293226005058, 54.289823896648848 ], [ -5.825889605100371, 54.289621907983936 ], [ -5.82839722515669, 54.28821345336722 ], [ -5.830293226005058, 54.289823896648848 ] ] ], [ [ [ -5.772859294839964, 54.305825037129857 ], [ -5.775417923893599, 54.30261513214991 ], [ -5.776247238073084, 54.303582429789309 ], [ -5.772859294839964, 54.305825037129857 ] ] ], [ [ [ -5.777261664291913, 54.304982995119296 ], [ -5.77387414384426, 54.305290627026956 ], [ -5.776247238073084, 54.303582429789309 ], [ -5.777261664291913, 54.304982995119296 ] ] ], [ [ [ -5.760261078641336, 54.315362965300274 ], [ -5.759721329424603, 54.312979330516185 ], [ -5.761556101469609, 54.314666837384046 ], [ -5.760261078641336, 54.315362965300274 ] ] ], [ [ [ -5.933842188693628, 54.321853989260198 ], [ -5.930782344824956, 54.321142084473031 ], [ -5.929690087653051, 54.320209197551208 ], [ -5.933842188693628, 54.321853989260198 ] ] ], [ [ [ -5.890625014522151, 54.331492451571521 ], [ -5.892232749080271, 54.328618116628633 ], [ -5.894609026668342, 54.330875563294406 ], [ -5.890625014522151, 54.331492451571521 ] ] ], [ [ [ -5.87093809622983, 54.33322765474125 ], [ -5.873437716713823, 54.331091410038432 ], [ -5.873115228015941, 54.333838394734627 ], [ -5.87093809622983, 54.33322765474125 ] ] ], [ [ [ -5.932094923112291, 54.335768109858556 ], [ -5.931094266112656, 54.336276961330647 ], [ -5.928469459651885, 54.335479345308087 ], [ -5.929497739661671, 54.332712397834918 ], [ -5.932094923112291, 54.335768109858556 ] ] ], [ [ [ -5.921380040732431, 54.336929165381513 ], [ -5.922852400211962, 54.334339208578157 ], [ -5.923993247848415, 54.336296321408049 ], [ -5.921380040732431, 54.336929165381513 ] ] ], [ [ [ -5.924898763623839, 54.336589415502765 ], [ -5.928469459651885, 54.335479345308087 ], [ -5.925145688161678, 54.337435045047698 ], [ -5.924898763623839, 54.336589415502765 ] ] ], [ [ [ -5.938246372308772, 54.340605985460144 ], [ -5.936970191255689, 54.3368401300458 ], [ -5.939856344606825, 54.340140154546809 ], [ -5.938246372308772, 54.340605985460144 ] ] ], [ [ [ -5.89724911344064, 54.384255111335278 ], [ -5.895858072499966, 54.381355543911653 ], [ -5.899313620921769, 54.382673700889796 ], [ -5.89724911344064, 54.384255111335278 ] ] ], [ [ [ -5.939127526847488, 54.38452032728334 ], [ -5.934398042180007, 54.384291838830002 ], [ -5.936583458788337, 54.382964614319839 ], [ -5.939127526847488, 54.38452032728334 ] ] ], [ [ [ -5.797366630009522, 54.389737974150975 ], [ -5.796846154650086, 54.387508420590187 ], [ -5.798908226766707, 54.3874213213752 ], [ -5.797366630009522, 54.389737974150975 ] ] ], [ [ [ -5.802432679399071, 54.393073532148186 ], [ -5.800265957608362, 54.39233011797841 ], [ -5.80393386212399, 54.390991294442152 ], [ -5.802432679399071, 54.393073532148186 ] ] ], [ [ [ -5.741862772529491, 54.393825183395904 ], [ -5.738374474239218, 54.391942500750567 ], [ -5.741089558429081, 54.391688701279705 ], [ -5.741862772529491, 54.393825183395904 ] ] ], [ [ [ -5.856679400789396, 54.396827505425875 ], [ -5.853275258547332, 54.396138357011331 ], [ -5.855795546220407, 54.394724354714732 ], [ -5.857819652549373, 54.394859754115501 ], [ -5.856679400789396, 54.396827505425875 ] ] ], [ [ [ -5.853855789870332, 54.400097122011339 ], [ -5.853182576936662, 54.397250399707573 ], [ -5.855488165950532, 54.398281877019805 ], [ -5.853855789870332, 54.400097122011339 ] ] ], [ [ [ -5.852370222498473, 54.400537095483699 ], [ -5.847623255404298, 54.399266565460032 ], [ -5.853928142535372, 54.400195283169843 ], [ -5.852370222498473, 54.400537095483699 ] ] ], [ [ [ -5.840725620333682, 54.400237204122185 ], [ -5.845596385847555, 54.401927040894989 ], [ -5.849254405636934, 54.400753390914126 ], [ -5.851136635481627, 54.402550407144325 ], [ -5.846087535619689, 54.402289952845486 ], [ -5.844182840138938, 54.402380567116658 ], [ -5.844905856012756, 54.402148592546993 ], [ -5.842721671222462, 54.402680375111856 ], [ -5.840725620333682, 54.400237204122185 ] ] ], [ [ [ -5.757603262930364, 54.401092463355859 ], [ -5.753275314576988, 54.402154877993112 ], [ -5.75313072703508, 54.401280607593968 ], [ -5.757603262930364, 54.401092463355859 ] ] ], [ [ [ -5.799890677482296, 54.408770036107896 ], [ -5.796057138677631, 54.407913529406812 ], [ -5.790421191549814, 54.407184817054642 ], [ -5.798754306541626, 54.406603982600942 ], [ -5.799890677482296, 54.408770036107896 ] ] ], [ [ [ -5.792483189221901, 54.40833348953943 ], [ -5.788969297673706, 54.408188592293556 ], [ -5.78731344049971, 54.407169354544692 ], [ -5.792483189221901, 54.40833348953943 ] ] ], [ [ [ -5.781417584478387, 54.411356964270794 ], [ -5.779606846734859, 54.413257299969139 ], [ -5.778422706892873, 54.411798640541178 ], [ -5.781417584478387, 54.411356964270794 ] ] ], [ [ [ -5.752525983105074, 54.414858861444607 ], [ -5.755342788527719, 54.412973652387556 ], [ -5.756623641204935, 54.413927712627192 ], [ -5.752525983105074, 54.414858861444607 ] ] ], [ [ [ -5.81976823973734, 54.415526045442782 ], [ -5.81686102586962, 54.41476019056595 ], [ -5.818575588161202, 54.413029199376723 ], [ -5.821837390078893, 54.415133339606072 ], [ -5.81976823973734, 54.415526045442782 ] ] ], [ [ [ -5.876734885059411, 54.429792212509639 ], [ -5.87448403491708, 54.428083074339774 ], [ -5.878708141462376, 54.427920699889341 ], [ -5.876734885059411, 54.429792212509639 ] ] ], [ [ [ -5.812786443575114, 54.431251616137999 ], [ -5.812276612954959, 54.428537185420488 ], [ -5.814701303905914, 54.430545299478787 ], [ -5.812786443575114, 54.431251616137999 ] ] ], [ [ [ -5.935521263202062, 54.438185077287834 ], [ -5.933078955040679, 54.436618053726569 ], [ -5.93506489666813, 54.435348347601177 ], [ -5.937129342024893, 54.437083515433628 ], [ -5.935521263202062, 54.438185077287834 ] ] ], [ [ [ -5.858711032857268, 54.438433943836095 ], [ -5.855411372585917, 54.4366812739948 ], [ -5.860597531538079, 54.438164106180615 ], [ -5.858711032857268, 54.438433943836095 ] ] ], [ [ [ -5.860830528333392, 54.441779229132997 ], [ -5.857777075935774, 54.441847203658341 ], [ -5.860547682084745, 54.43959128591559 ], [ -5.862758350802972, 54.440491189733912 ], [ -5.860830528333392, 54.441779229132997 ] ] ], [ [ [ -5.825417849939349, 54.444192917940818 ], [ -5.82737672374888, 54.441521885863672 ], [ -5.829131513393498, 54.443418037926158 ], [ -5.825417849939349, 54.444192917940818 ] ] ], [ [ [ -5.871962405502876, 54.445540281454292 ], [ -5.871739769098688, 54.443201292154228 ], [ -5.873894475517742, 54.444386567314041 ], [ -5.871962405502876, 54.445540281454292 ] ] ], [ [ [ -5.828335309833721, 54.446827168592755 ], [ -5.825607502280055, 54.445168569092047 ], [ -5.828513647061083, 54.443959254095368 ], [ -5.830883203006365, 54.445915177459888 ], [ -5.828335309833721, 54.446827168592755 ] ] ], [ [ [ -5.865465914348244, 54.447242636803679 ], [ -5.863304176987826, 54.446073934034196 ], [ -5.867039159769942, 54.444942949794779 ], [ -5.8681234730924, 54.445549811184804 ], [ -5.865465914348244, 54.447242636803679 ] ] ], [ [ [ -5.876626137632801, 54.449044155198656 ], [ -5.873908921025571, 54.449148869652731 ], [ -5.874910569430705, 54.447092468118527 ], [ -5.876958998275036, 54.447648289779472 ], [ -5.876626137632801, 54.449044155198656 ] ] ], [ [ [ -5.881593076221741, 54.449711711093563 ], [ -5.881391819213429, 54.451100680125656 ], [ -5.877837566679798, 54.44957854938616 ], [ -5.881593076221741, 54.449711711093563 ] ] ], [ [ [ -5.86542792309839, 54.451170332574797 ], [ -5.860479491915163, 54.450303329716249 ], [ -5.860414814192191, 54.449564149144386 ], [ -5.86542792309839, 54.451170332574797 ] ] ], [ [ [ -5.738429404815379, 54.454473056425513 ], [ -5.739737157073955, 54.451923167636785 ], [ -5.741941699695462, 54.453639940578157 ], [ -5.738429404815379, 54.454473056425513 ] ] ], [ [ [ -5.817598258344145, 54.467285845470983 ], [ -5.814998213483217, 54.464636634092486 ], [ -5.81745264975649, 54.464066928831301 ], [ -5.818735963150139, 54.466161399278754 ], [ -5.817598258344145, 54.467285845470983 ] ] ], [ [ [ -5.767286254733664, 54.484583811141462 ], [ -5.766672189372255, 54.481823358709008 ], [ -5.770104394100936, 54.481626573112784 ], [ -5.767286254733664, 54.484583811141462 ] ] ], [ [ [ -5.742291893237459, 54.503479786994028 ], [ -5.74389644180089, 54.500746240361963 ], [ -5.744727719955239, 54.503191648161241 ], [ -5.742291893237459, 54.503479786994028 ] ] ], [ [ [ -5.791584379877456, 54.51325186090007 ], [ -5.788964481223013, 54.513120496940807 ], [ -5.789850671532621, 54.510826765533444 ], [ -5.79394755040216, 54.511561252182339 ], [ -5.791584379877456, 54.51325186090007 ] ] ], [ [ [ -5.798375921225817, 54.530482124741994 ], [ -5.795152987510896, 54.532499212571167 ], [ -5.794281373775553, 54.531519513373702 ], [ -5.798375921225817, 54.530482124741994 ] ] ], [ [ [ -5.786574244236183, 54.532176235297115 ], [ -5.789568085955827, 54.533144859946653 ], [ -5.787492604566745, 54.53473684085693 ], [ -5.786285674615819, 54.53411763952095 ], [ -5.786574244236183, 54.532176235297115 ] ] ], [ [ [ -5.841569736801753, 54.538700734879527 ], [ -5.844294141763255, 54.53970961780513 ], [ -5.84069000388995, 54.542040595663408 ], [ -5.839414944597798, 54.541552325211754 ], [ -5.841569736801753, 54.538700734879527 ] ] ], [ [ [ -5.777030767154151, 54.540434549862248 ], [ -5.775815248590784, 54.543497342861805 ], [ -5.774613042571617, 54.542363593799763 ], [ -5.777030767154151, 54.540434549862248 ] ] ], [ [ [ -5.851740774879066, 54.547927955506417 ], [ -5.853653604406945, 54.549909389879119 ], [ -5.850259776829852, 54.548169139549998 ], [ -5.851740774879066, 54.547927955506417 ] ] ], [ [ [ -5.795035176255136, 54.555943127155615 ], [ -5.798490468213597, 54.557593227280158 ], [ -5.793682012366812, 54.556976155495576 ], [ -5.795035176255136, 54.555943127155615 ] ] ], [ [ [ -5.7449445598919, 54.56012228575235 ], [ -5.742001273306564, 54.559102757513607 ], [ -5.744758015796707, 54.558516971808274 ], [ -5.7449445598919, 54.56012228575235 ] ] ], [ [ [ -5.750611259615649, 54.561464114558873 ], [ -5.749669342816349, 54.558147687201384 ], [ -5.752535233412462, 54.559475614432948 ], [ -5.750611259615649, 54.561464114558873 ] ] ], [ [ [ -5.772142580885105, 54.561899919069788 ], [ -5.766242866364192, 54.560892545844418 ], [ -5.771989206669947, 54.561151234446996 ], [ -5.772142580885105, 54.561899919069788 ] ] ], [ [ [ -5.744699134102953, 54.562674312973925 ], [ -5.748385047281421, 54.561093593394403 ], [ -5.750528142997129, 54.563028153578273 ], [ -5.744699134102953, 54.562674312973925 ] ] ], [ [ [ -5.753514057022679, 54.562534845591266 ], [ -5.757408527912567, 54.561688686504134 ], [ -5.758972202493436, 54.562403518309054 ], [ -5.753514057022679, 54.562534845591266 ] ] ], [ [ [ -5.758383036526959, 54.561780990328892 ], [ -5.762311988131822, 54.563051109041893 ], [ -5.763307882141424, 54.564161481028236 ], [ -5.758383036526959, 54.561780990328892 ] ] ], [ [ [ -5.75871043976318, 54.564527045773971 ], [ -5.751949425350264, 54.563752959931044 ], [ -5.758749851982151, 54.563808943454347 ], [ -5.75871043976318, 54.564527045773971 ] ] ], [ [ [ -5.750528142997129, 54.563028153578273 ], [ -5.752750435269021, 54.56497080867176 ], [ -5.75059889022907, 54.565814106846034 ], [ -5.747578720014133, 54.564499932932783 ], [ -5.750528142997129, 54.563028153578273 ] ] ], [ [ [ -5.758015943004018, 54.564514172401744 ], [ -5.761588670867731, 54.564760062900881 ], [ -5.759529553893969, 54.566507383494965 ], [ -5.754215160448186, 54.565342191137049 ], [ -5.758015943004018, 54.564514172401744 ] ] ], [ [ [ -5.761588670867731, 54.564760062900881 ], [ -5.764799376222104, 54.565409912430304 ], [ -5.766797824756804, 54.567544282584315 ], [ -5.761588670867731, 54.564760062900881 ] ] ], [ [ [ -5.804500777827104, 54.568246449079204 ], [ -5.800954102305089, 54.568097141225572 ], [ -5.802154046822614, 54.56611041241932 ], [ -5.80485489787214, 54.566801155974233 ], [ -5.804500777827104, 54.568246449079204 ] ] ], [ [ [ -5.76173822838877, 54.569730485549897 ], [ -5.755309134395731, 54.570778251789399 ], [ -5.757855982463578, 54.568824202638986 ], [ -5.762736697569763, 54.568864479298114 ], [ -5.76173822838877, 54.569730485549897 ] ] ], [ [ [ -5.778109849383631, 54.57478954292543 ], [ -5.772573360985087, 54.576836605959173 ], [ -5.771885696767157, 54.575588128511988 ], [ -5.778109849383631, 54.57478954292543 ] ] ], [ [ [ -5.804701693575607, 54.577443619659078 ], [ -5.802117028442431, 54.575359810230744 ], [ -5.805951190715672, 54.576054392706894 ], [ -5.804701693575607, 54.577443619659078 ] ] ], [ [ [ -5.794459075375712, 54.575577155200619 ], [ -5.799309409765287, 54.575598849131772 ], [ -5.795316492418346, 54.577779390125777 ], [ -5.793619997439045, 54.576643485257456 ], [ -5.794459075375712, 54.575577155200619 ] ] ], [ [ [ -5.747619849050222, 54.576426784375975 ], [ -5.750625629726152, 54.578456059794128 ], [ -5.747485990085679, 54.578412124183266 ], [ -5.747619849050222, 54.576426784375975 ] ] ], [ [ [ -5.777349600349448, 54.579786754751311 ], [ -5.77494225887018, 54.582267442009254 ], [ -5.772839471808033, 54.580189290836884 ], [ -5.777349600349448, 54.579786754751311 ] ] ], [ [ [ -5.8062415703926, 54.598415394225199 ], [ -5.810310236127458, 54.598782211749445 ], [ -5.806130579181465, 54.599869435727378 ], [ -5.8062415703926, 54.598415394225199 ] ] ], [ [ [ -5.734872449291115, 54.626082283543411 ], [ -5.732714597100299, 54.623707590394559 ], [ -5.736260201202345, 54.623805572017062 ], [ -5.734872449291115, 54.626082283543411 ] ] ], [ [ [ -5.863193581444733, 54.71939596316858 ], [ -5.86164832238248, 54.719436745625892 ], [ -5.864045699976346, 54.720148431378725 ], [ -5.858744982560373, 54.720831731866518 ], [ -5.859282828564026, 54.718734524893819 ], [ -5.860264821494502, 54.719026039413599 ], [ -5.86074475409842, 54.717391882491221 ], [ -5.863193581444733, 54.71939596316858 ] ] ], [ [ [ -5.913538754725291, 54.731947105813099 ], [ -5.911350729326895, 54.72840809182609 ], [ -5.915732713246928, 54.729264196190769 ], [ -5.913538754725291, 54.731947105813099 ] ] ], [ [ [ -5.916991626802023, 54.732017219362724 ], [ -5.913248752025994, 54.732340635698272 ], [ -5.91683751652588, 54.729964768310509 ], [ -5.916991626802023, 54.732017219362724 ] ] ], [ [ [ -5.909733148587229, 54.733380646026227 ], [ -5.907076904222939, 54.732444349622384 ], [ -5.910263461754599, 54.729411161711468 ], [ -5.913538754725291, 54.731947105813099 ], [ -5.909733148587229, 54.733380646026227 ] ] ], [ [ [ -5.883152251672604, 54.785928959114699 ], [ -5.882586948262625, 54.783254912296634 ], [ -5.884144653947683, 54.784547410608972 ], [ -5.883152251672604, 54.785928959114699 ] ] ], [ [ [ -5.781551931927702, 54.785481169156 ], [ -5.778517567239431, 54.786243160266629 ], [ -5.782270159589804, 54.784485081413088 ], [ -5.783967007308645, 54.785962651511021 ], [ -5.781551931927702, 54.785481169156 ] ] ], [ [ [ -5.921980968195359, 54.826960971010884 ], [ -5.921912207088769, 54.828214046717882 ], [ -5.921870643755991, 54.830099206872831 ], [ -5.918987925074742, 54.82852628498545 ], [ -5.918820962261557, 54.828544112328807 ], [ -5.91761315394255, 54.826895943400331 ], [ -5.921980968195359, 54.826960971010884 ] ] ], [ [ [ -5.918764826084563, 54.829810996409719 ], [ -5.915397677401947, 54.82788974632863 ], [ -5.91761315394255, 54.826895943400331 ], [ -5.918764826084563, 54.829810996409719 ] ] ], [ [ [ -5.9206960165442, 54.833126090541356 ], [ -5.921199919395318, 54.830789354771831 ], [ -5.925139450318778, 54.832309983962794 ], [ -5.9206960165442, 54.833126090541356 ] ] ], [ [ [ -5.915761299853628, 54.834708596402592 ], [ -5.916187856102368, 54.831326910144035 ], [ -5.918392033515928, 54.834076644848047 ], [ -5.915761299853628, 54.834708596402592 ] ] ], [ [ [ -5.918613500991754, 54.835756728338048 ], [ -5.920932721698656, 54.833817847861013 ], [ -5.921468194142602, 54.835405541845006 ], [ -5.918613500991754, 54.835756728338048 ] ] ], [ [ [ -5.917807211919725, 54.83596803755114 ], [ -5.911267977408666, 54.836431455836696 ], [ -5.915866933101128, 54.834805133388734 ], [ -5.917807211919725, 54.83596803755114 ] ] ], [ [ [ -5.917922923148608, 54.836134872444504 ], [ -5.911528998476806, 54.837946254117782 ], [ -5.910827316792808, 54.837268484299585 ], [ -5.917922923148608, 54.836134872444504 ] ] ], [ [ [ -5.866161989578444, 54.865906633509908 ], [ -5.862123281831217, 54.864461220857031 ], [ -5.86695571035496, 54.865237367410288 ], [ -5.866161989578444, 54.865906633509908 ] ] ], [ [ [ -5.931091121162154, 54.870448294152659 ], [ -5.926781104852468, 54.87117602968668 ], [ -5.925052012567351, 54.870810228066468 ], [ -5.931091121162154, 54.870448294152659 ] ] ], [ [ [ -5.913902597835586, 54.885361773212779 ], [ -5.907831656887048, 54.881205639470991 ], [ -5.908488811848001, 54.880904917921768 ], [ -5.905892881394588, 54.880761992189669 ], [ -5.908040533235121, 54.879074327567366 ], [ -5.910281260090597, 54.880084673315167 ], [ -5.913037119827476, 54.87882356070282 ], [ -5.913902597835586, 54.885361773212779 ] ] ], [ [ [ -5.85522600139647, 54.882179685705353 ], [ -5.85830040310841, 54.884311016346707 ], [ -5.856185344973222, 54.884596108558185 ], [ -5.854328592416888, 54.883197541559028 ], [ -5.85522600139647, 54.882179685705353 ] ] ], [ [ [ -5.905747305411597, 54.886366776176025 ], [ -5.905657504807635, 54.883813884527818 ], [ -5.908649936680429, 54.885065972340655 ], [ -5.905747305411597, 54.886366776176025 ] ] ], [ [ [ -5.935743182616171, 54.887177270893815 ], [ -5.939899781437068, 54.885057406406666 ], [ -5.941097717098009, 54.885413651659007 ], [ -5.935743182616171, 54.887177270893815 ] ] ], [ [ [ -5.936530569331853, 54.889509114616629 ], [ -5.944954208171843, 54.890821550769651 ], [ -5.942113347572894, 54.893306627295622 ], [ -5.935120027781144, 54.8914752628271 ], [ -5.936530569331853, 54.889509114616629 ] ] ], [ [ [ -5.922243790942081, 54.894039879067385 ], [ -5.920531401524971, 54.891864974411057 ], [ -5.923547386688787, 54.891794751718123 ], [ -5.924354278665824, 54.89371515031889 ], [ -5.922243790942081, 54.894039879067385 ] ] ], [ [ [ -5.927498802322233, 54.895945059002642 ], [ -5.925732026785417, 54.894063734098282 ], [ -5.929404884614428, 54.893228713260825 ], [ -5.930613153093031, 54.895812988921364 ], [ -5.927498802322233, 54.895945059002642 ] ] ], [ [ [ -5.904391957364798, 54.899137827913762 ], [ -5.901111607157732, 54.899333957651315 ], [ -5.897740600771937, 54.896260948602119 ], [ -5.89780693533344, 54.896250678686215 ], [ -5.895578880771189, 54.893101309553018 ], [ -5.901531726671841, 54.894832227504018 ], [ -5.901728309749426, 54.89562558192479 ], [ -5.8986883139001, 54.896114223668626 ], [ -5.901628430686474, 54.895659034828121 ], [ -5.904119561212877, 54.895467313783655 ], [ -5.904391957364798, 54.899137827913762 ] ] ], [ [ [ -5.912664413850527, 54.895529705767309 ], [ -5.915988843232083, 54.894220556096059 ], [ -5.919492563498917, 54.894946936977405 ], [ -5.912664413850527, 54.895529705767309 ] ] ], [ [ [ -5.918296628581283, 54.897111576655718 ], [ -5.914164828978659, 54.895526726279378 ], [ -5.920019901856751, 54.895527866896842 ], [ -5.918296628581283, 54.897111576655718 ] ] ], [ [ [ -5.922290119899383, 54.896394428033076 ], [ -5.929078469626853, 54.896158181054346 ], [ -5.922433407985786, 54.896794182971604 ], [ -5.922290119899383, 54.896394428033076 ] ] ], [ [ [ -5.914896165586566, 54.905961431466672 ], [ -5.918277352216646, 54.902278255389334 ], [ -5.923646984246829, 54.899933632156788 ], [ -5.927140653697614, 54.903290960958188 ], [ -5.925549191301204, 54.903660765950548 ], [ -5.923196303801106, 54.906992744894687 ], [ -5.914896165586566, 54.905961431466672 ] ] ], [ [ [ -5.910219218179324, 54.903429795850357 ], [ -5.911037843689813, 54.900883857294545 ], [ -5.912863095945369, 54.902345940487109 ], [ -5.910219218179324, 54.903429795850357 ] ] ], [ [ [ -5.911924680843033, 54.911706047905639 ], [ -5.907774050456198, 54.908177851635116 ], [ -5.912546491671208, 54.909240455047239 ], [ -5.911924680843033, 54.911706047905639 ] ] ], [ [ [ -5.90712705557708, 54.915903629631224 ], [ -5.905772323314415, 54.914329526606998 ], [ -5.910557454466708, 54.915902003095638 ], [ -5.90712705557708, 54.915903629631224 ] ] ], [ [ [ -5.905280239686229, 54.917574983381996 ], [ -5.90712705557708, 54.915903629631224 ], [ -5.90853678854376, 54.917370838337376 ], [ -5.905280239686229, 54.917574983381996 ] ] ], [ [ [ -5.908122785118728, 54.918946561482166 ], [ -5.912349661925186, 54.917085594371891 ], [ -5.913100670693988, 54.9184288385649 ], [ -5.908122785118728, 54.918946561482166 ] ] ], [ [ [ -5.910831307425667, 54.923553255842073 ], [ -5.913391028332965, 54.920827256152222 ], [ -5.915027901481621, 54.923035961306788 ], [ -5.910831307425667, 54.923553255842073 ] ] ], [ [ [ -5.910860592135151, 54.926140008129423 ], [ -5.908740338864392, 54.923823637304281 ], [ -5.910764402739908, 54.92356162896526 ], [ -5.912482222017542, 54.925751077240669 ], [ -5.910860592135151, 54.926140008129423 ] ] ], [ [ [ -5.913490241786917, 54.930976386057139 ], [ -5.913779754842794, 54.93251928249677 ], [ -5.910168915658454, 54.933449606747388 ], [ -5.909810442620552, 54.930815217446181 ], [ -5.912766597959433, 54.930944691753936 ], [ -5.912787555529365, 54.929025097323297 ], [ -5.915085357062855, 54.930420297131391 ], [ -5.913097770283944, 54.930959196508439 ], [ -5.913490241786917, 54.930976386057139 ] ] ], [ [ [ -5.908447997042175, 54.933829720126283 ], [ -5.909355652150817, 54.930215825427126 ], [ -5.910168915658454, 54.933449606747388 ], [ -5.908447997042175, 54.933829720126283 ] ] ], [ [ [ -5.920795564391411, 54.941482581871981 ], [ -5.918210448520876, 54.941487006969716 ], [ -5.919371633704946, 54.938870729956065 ], [ -5.921381786432713, 54.938655685897849 ], [ -5.920795564391411, 54.941482581871981 ] ] ], [ [ [ -5.940763255446618, 54.944881727230495 ], [ -5.934766527061393, 54.942994746061096 ], [ -5.936913955551387, 54.941742064200838 ], [ -5.940763255446618, 54.944881727230495 ] ] ], [ [ [ -5.930868250162527, 54.945847420509203 ], [ -5.929679455329032, 54.942840374566586 ], [ -5.932138729131052, 54.944473248460362 ], [ -5.930868250162527, 54.945847420509203 ] ] ], [ [ [ -5.939805653655243, 54.949398034089853 ], [ -5.936543964366027, 54.948299487368587 ], [ -5.939144117088196, 54.945835956082398 ], [ -5.941227552195504, 54.948667320785553 ], [ -5.939805653655243, 54.949398034089853 ] ] ], [ [ [ -5.933858761548219, 54.951050327868138 ], [ -5.939805653655243, 54.949398034089853 ], [ -5.935710721740311, 54.952173339555941 ], [ -5.933858761548219, 54.951050327868138 ] ] ], [ [ [ -5.920597943512273, 54.956910766378648 ], [ -5.916552380841991, 54.954352419555079 ], [ -5.916487890649701, 54.952848618175416 ], [ -5.920597943512273, 54.956910766378648 ] ] ], [ [ [ -5.916045098736254, 54.95879411312152 ], [ -5.914555973468061, 54.95596097418381 ], [ -5.917425545955635, 54.956380504472726 ], [ -5.918974102543753, 54.958109377552532 ], [ -5.916045098736254, 54.95879411312152 ] ] ], [ [ [ -5.91783742993269, 54.960452283877338 ], [ -5.91643283955161, 54.958752662879064 ], [ -5.920009041585385, 54.959813866526133 ], [ -5.92227016917369, 54.961650011343913 ], [ -5.919393148894048, 54.961943330392089 ], [ -5.919412005966187, 54.960230337087566 ], [ -5.91783742993269, 54.960452283877338 ] ] ], [ [ [ -5.709369414362589, 54.253983639831013 ], [ -5.706305249064219, 54.253700156473997 ], [ -5.706163846902497, 54.251872440751015 ], [ -5.709369414362589, 54.253983639831013 ] ] ], [ [ [ -5.721517162350914, 54.268302962973621 ], [ -5.717830856983694, 54.270881068895463 ], [ -5.71755178934687, 54.270354073230706 ], [ -5.721517162350914, 54.268302962973621 ] ] ], [ [ [ -5.69613774064226, 54.269182488826239 ], [ -5.690133455531912, 54.271559694924179 ], [ -5.694609022308224, 54.268645206975357 ], [ -5.69613774064226, 54.269182488826239 ] ] ], [ [ [ -5.694308907975873, 54.275054303384486 ], [ -5.690208046510492, 54.272872151844702 ], [ -5.694753854383042, 54.273461989417029 ], [ -5.694308907975873, 54.275054303384486 ] ] ], [ [ [ -5.575007294402615, 54.28045341577365 ], [ -5.572404962863879, 54.28078413660586 ], [ -5.57352924545827, 54.279070979793445 ], [ -5.57586341827592, 54.279700992350591 ], [ -5.575007294402615, 54.28045341577365 ] ] ], [ [ [ -5.638481237331856, 54.285997735739251 ], [ -5.636356739981872, 54.284863216445743 ], [ -5.633629972604434, 54.28325493875667 ], [ -5.638481237331856, 54.285997735739251 ] ] ], [ [ [ -5.693249309257561, 54.295073808400161 ], [ -5.696532971989082, 54.292500201427579 ], [ -5.697255164066042, 54.292981095497481 ], [ -5.693249309257561, 54.295073808400161 ] ] ], [ [ [ -5.610110753032782, 54.302528727671167 ], [ -5.610557783688803, 54.299841776674569 ], [ -5.613671913366821, 54.302030942553451 ], [ -5.610110753032782, 54.302528727671167 ] ] ], [ [ [ -5.607810938941483, 54.304719447494399 ], [ -5.603434262861381, 54.302284638128349 ], [ -5.609848983671289, 54.301743349549696 ], [ -5.607810938941483, 54.304719447494399 ] ] ], [ [ [ -5.600466449867108, 54.304557815685143 ], [ -5.601234163383914, 54.305976925537166 ], [ -5.597262881112071, 54.305101759348382 ], [ -5.600466449867108, 54.304557815685143 ] ] ], [ [ [ -5.608062878282369, 54.306225495188393 ], [ -5.612210297510334, 54.307411938187904 ], [ -5.610625136291081, 54.308907437063617 ], [ -5.606922946867728, 54.30784505280586 ], [ -5.608062878282369, 54.306225495188393 ] ] ], [ [ [ -5.625768263985718, 54.315756874527388 ], [ -5.622275913000899, 54.315382237628349 ], [ -5.625324911503845, 54.314430958691219 ], [ -5.627906404118572, 54.315049813712228 ], [ -5.625768263985718, 54.315756874527388 ] ] ], [ [ [ -5.633566080783758, 54.32887493731009 ], [ -5.635312804253465, 54.329889057732629 ], [ -5.629999696922014, 54.330074434806697 ], [ -5.630011498452681, 54.329245350950011 ], [ -5.633566080783758, 54.32887493731009 ] ] ], [ [ [ -5.639117237519693, 54.332616188840618 ], [ -5.640810954731212, 54.329577229416337 ], [ -5.64220274711149, 54.332206599800422 ], [ -5.639117237519693, 54.332616188840618 ] ] ], [ [ [ -5.634798589688376, 54.332849078081523 ], [ -5.632152461531861, 54.330734576007103 ], [ -5.635868544370152, 54.331195059690053 ], [ -5.634798589688376, 54.332849078081523 ] ] ], [ [ [ -5.62673734380628, 54.33334640717834 ], [ -5.626552563383054, 54.33336395470667 ], [ -5.628672026921627, 54.330572162169688 ], [ -5.628612847178043, 54.33316830146795 ], [ -5.626916687505767, 54.333329375944231 ], [ -5.630404107516835, 54.33430306333927 ], [ -5.628171569919044, 54.335234985551416 ], [ -5.62673734380628, 54.33334640717834 ] ] ], [ [ [ -5.628612847178043, 54.33316830146795 ], [ -5.631849894737043, 54.331383538439646 ], [ -5.632072692293366, 54.332280938372435 ], [ -5.628612847178043, 54.33316830146795 ] ] ], [ [ [ -5.580796858286888, 54.333893481209849 ], [ -5.57943512750434, 54.33494637447739 ], [ -5.578010773409914, 54.332941545046815 ], [ -5.580796858286888, 54.333893481209849 ] ] ], [ [ [ -5.638238280398195, 54.335576989591857 ], [ -5.636510981321018, 54.332827154153797 ], [ -5.640885277065623, 54.334706804840515 ], [ -5.638238280398195, 54.335576989591857 ] ] ], [ [ [ -5.596649783385762, 54.336852304662486 ], [ -5.594286953183113, 54.336720417347699 ], [ -5.591298773430875, 54.335227006508454 ], [ -5.596649783385762, 54.336852304662486 ] ] ], [ [ [ -5.681234993536925, 54.33784720420374 ], [ -5.677437738482229, 54.336725544339878 ], [ -5.681359740498141, 54.336079369960132 ], [ -5.681234993536925, 54.33784720420374 ] ] ], [ [ [ -5.62864562400504, 54.345785997229555 ], [ -5.629317314172733, 54.342593429083472 ], [ -5.631501404644648, 54.344291823700004 ], [ -5.62864562400504, 54.345785997229555 ] ] ], [ [ [ -5.627817517466267, 54.347269204235353 ], [ -5.624592423656734, 54.347552991251433 ], [ -5.627721777971514, 54.345388439647841 ], [ -5.627817517466267, 54.347269204235353 ] ] ], [ [ [ -5.584984139491812, 54.349654100978213 ], [ -5.586899600335104, 54.3473199017524 ], [ -5.588023341029105, 54.349142379480043 ], [ -5.584984139491812, 54.349654100978213 ] ] ], [ [ [ -5.63101627909146, 54.350387295922616 ], [ -5.628852266198001, 54.349789253020859 ], [ -5.630713075305151, 54.347889287139175 ], [ -5.632904218963419, 54.349174706016896 ], [ -5.63101627909146, 54.350387295922616 ] ] ], [ [ [ -5.5188272147943, 54.352640693668654 ], [ -5.521504599840191, 54.349613273095081 ], [ -5.521718795710604, 54.349620420829943 ], [ -5.523086588270899, 54.350666804673509 ], [ -5.5188272147943, 54.352640693668654 ] ] ], [ [ [ -5.577910501099296, 54.355771101670058 ], [ -5.574311865225716, 54.355377201752752 ], [ -5.577060733300463, 54.354209917521239 ], [ -5.577910501099296, 54.355771101670058 ] ] ], [ [ [ -5.645950805251704, 54.36251678816987 ], [ -5.642814772700619, 54.361476293573268 ], [ -5.644302261125426, 54.359855629497495 ], [ -5.646391070962301, 54.361408645291498 ], [ -5.645950805251704, 54.36251678816987 ] ] ], [ [ [ -5.638776777320953, 54.364744111806345 ], [ -5.638327279286784, 54.362475721890448 ], [ -5.640072237890497, 54.363360717774086 ], [ -5.638776777320953, 54.364744111806345 ] ] ], [ [ [ -5.571478424851115, 54.363630507006079 ], [ -5.57512543047479, 54.364552856247137 ], [ -5.570197070481954, 54.365352293070742 ], [ -5.571478424851115, 54.363630507006079 ] ] ], [ [ [ -5.582700481010777, 54.366021645506905 ], [ -5.582598642545348, 54.363212149997125 ], [ -5.58496573457881, 54.364549314414823 ], [ -5.582700481010777, 54.366021645506905 ] ] ], [ [ [ -5.638776777320953, 54.364744111806345 ], [ -5.636800727298884, 54.366554406880603 ], [ -5.635467609105586, 54.36404135826853 ], [ -5.638776777320953, 54.364744111806345 ] ] ], [ [ [ -5.64194339272516, 54.366750866225694 ], [ -5.638497593858005, 54.366298334059387 ], [ -5.642858567874422, 54.364098167217399 ], [ -5.64194339272516, 54.366750866225694 ] ] ], [ [ [ -5.528727127393974, 54.370122914128103 ], [ -5.528522154256006, 54.367663369690781 ], [ -5.53167542941605, 54.369302983600434 ], [ -5.528727127393974, 54.370122914128103 ] ] ], [ [ [ -5.503216813848106, 54.370184243494101 ], [ -5.500390906269429, 54.369641110080892 ], [ -5.50244892584892, 54.367787604125574 ], [ -5.504863928539071, 54.369040295388437 ], [ -5.503216813848106, 54.370184243494101 ] ] ], [ [ [ -5.597091947694923, 54.373096232744217 ], [ -5.590958281359339, 54.369902240491363 ], [ -5.594854924903166, 54.369114915497221 ], [ -5.597091947694923, 54.373096232744217 ] ] ], [ [ [ -5.591781015659728, 54.371039891760283 ], [ -5.585789027539162, 54.371323058705102 ], [ -5.588498287364088, 54.37195565701392 ], [ -5.587174490747358, 54.372205037496123 ], [ -5.584234729084137, 54.370666392790795 ], [ -5.591781015659728, 54.371039891760283 ] ] ], [ [ [ -5.588906083934153, 54.371843950580455 ], [ -5.588845851153204, 54.371860450111775 ], [ -5.588847226758224, 54.37183698729843 ], [ -5.588906083934153, 54.371843950580455 ] ] ], [ [ [ -5.531355993800505, 54.378383483782514 ], [ -5.534108048094545, 54.376095177583458 ], [ -5.535140572815497, 54.377918119685937 ], [ -5.531355993800505, 54.378383483782514 ] ] ], [ [ [ -5.498076771919563, 54.379125747160984 ], [ -5.49417037822821, 54.376976466259094 ], [ -5.495051562050012, 54.376102858247663 ], [ -5.498076771919563, 54.379125747160984 ] ] ], [ [ [ -5.53176261978258, 54.380517998798474 ], [ -5.528047924338991, 54.378588923677093 ], [ -5.530945330254287, 54.377759252705353 ], [ -5.53176261978258, 54.380517998798474 ] ] ], [ [ [ -5.515354096249517, 54.384295449618676 ], [ -5.513094027778403, 54.383962885460257 ], [ -5.516394687948408, 54.381495161539348 ], [ -5.518015563505744, 54.382588809558698 ], [ -5.515354096249517, 54.384295449618676 ] ] ], [ [ [ -5.551609602125225, 54.381870295193892 ], [ -5.554609235015974, 54.383094819005763 ], [ -5.556724790557909, 54.385515165885508 ], [ -5.554709659093697, 54.386246471403666 ], [ -5.555514728049679, 54.384631816601278 ], [ -5.551609602125225, 54.381870295193892 ] ] ], [ [ [ -5.550186200427987, 54.385256109010854 ], [ -5.55051137796208, 54.384618653279929 ], [ -5.55173381703917, 54.385286090372105 ], [ -5.550186200427987, 54.385256109010854 ] ] ], [ [ [ -5.493229240304006, 54.38900615313824 ], [ -5.491264256558646, 54.387683182492076 ], [ -5.495677847568118, 54.387008302931989 ], [ -5.49643807387598, 54.388237921893563 ], [ -5.493229240304006, 54.38900615313824 ] ] ], [ [ [ -5.541326073720994, 54.389018501110314 ], [ -5.536063278603566, 54.389029651082254 ], [ -5.541392387857911, 54.388132512598304 ], [ -5.541326073720994, 54.389018501110314 ] ] ], [ [ [ -5.554890857801364, 54.388692112735995 ], [ -5.549855441982564, 54.389915881996316 ], [ -5.553933680698342, 54.387701626020011 ], [ -5.554890857801364, 54.388692112735995 ] ] ], [ [ [ -5.540912748674022, 54.391002118512674 ], [ -5.535577455802749, 54.389924687855491 ], [ -5.54152676508172, 54.388996729184498 ], [ -5.540912748674022, 54.391002118512674 ] ] ], [ [ [ -5.545727203512032, 54.392893516131785 ], [ -5.545229071216098, 54.390921152284349 ], [ -5.547538437270862, 54.392329927488269 ], [ -5.545727203512032, 54.392893516131785 ] ] ], [ [ [ -5.552364544021217, 54.394082148445037 ], [ -5.550083069492247, 54.394217006585194 ], [ -5.551650402369095, 54.391489938531869 ], [ -5.553382472173269, 54.393117883894654 ], [ -5.552364544021217, 54.394082148445037 ] ] ], [ [ [ -5.537792653020198, 54.394444238942718 ], [ -5.533390083627118, 54.393193557994664 ], [ -5.534673513612689, 54.392335011292523 ], [ -5.537792653020198, 54.394444238942718 ] ] ], [ [ [ -5.551595224985322, 54.395839668764467 ], [ -5.54843798162143, 54.394955329364706 ], [ -5.552364544021217, 54.394082148445037 ], [ -5.553619835647313, 54.395177568440893 ], [ -5.551595224985322, 54.395839668764467 ] ] ], [ [ [ -5.488440137276044, 54.396443333299707 ], [ -5.486495257370822, 54.393864585743508 ], [ -5.4900790575459, 54.395336216880288 ], [ -5.488440137276044, 54.396443333299707 ] ] ], [ [ [ -5.497758489639861, 54.398445072021111 ], [ -5.495591324770156, 54.397638535395707 ], [ -5.498117884887172, 54.395925760855341 ], [ -5.499928781908141, 54.39666348144376 ], [ -5.497758489639861, 54.398445072021111 ] ] ], [ [ [ -5.488012346779265, 54.398843073490788 ], [ -5.48418164546321, 54.396840493952482 ], [ -5.488531475063418, 54.397905678536695 ], [ -5.488012346779265, 54.398843073490788 ] ] ], [ [ [ -5.484458039950275, 54.400467890343748 ], [ -5.484265761316904, 54.397941095058123 ], [ -5.488896856297344, 54.399066547719599 ], [ -5.484458039950275, 54.400467890343748 ] ] ], [ [ [ -5.548269054125692, 54.400634349667726 ], [ -5.551871020523925, 54.398305304779072 ], [ -5.552428073210546, 54.399276131316817 ], [ -5.548269054125692, 54.400634349667726 ] ] ], [ [ [ -5.535131620804773, 54.4015691198056 ], [ -5.532323348733898, 54.400699544145489 ], [ -5.534885431927189, 54.399239034189648 ], [ -5.535131620804773, 54.4015691198056 ] ] ], [ [ [ -5.490922322686671, 54.402097139080965 ], [ -5.488616981372989, 54.399285927315518 ], [ -5.492962576270869, 54.401491260981544 ], [ -5.490922322686671, 54.402097139080965 ] ] ], [ [ [ -5.55717040455484, 54.402448127508002 ], [ -5.560569378435911, 54.399826556532169 ], [ -5.561541404098457, 54.400920048781458 ], [ -5.55717040455484, 54.402448127508002 ] ] ], [ [ [ -5.478465773714266, 54.403120340248613 ], [ -5.474448360157307, 54.402640142111061 ], [ -5.47869118355642, 54.401018986372868 ], [ -5.481200686445736, 54.400527022590914 ], [ -5.478465773714266, 54.403120340248613 ] ] ], [ [ [ -5.488191937687194, 54.400732294063346 ], [ -5.485974961114952, 54.403063930781279 ], [ -5.485297681757721, 54.40090149348358 ], [ -5.488191937687194, 54.400732294063346 ] ] ], [ [ [ -5.522748795665916, 54.403222749849753 ], [ -5.519119552208152, 54.401282430095037 ], [ -5.523393558957086, 54.401683489551843 ], [ -5.522748795665916, 54.403222749849753 ] ] ], [ [ [ -5.478316550540691, 54.407318358425371 ], [ -5.479107248722492, 54.404411306118092 ], [ -5.480597665033044, 54.406453412220216 ], [ -5.478316550540691, 54.407318358425371 ] ] ], [ [ [ -5.716127014951337, 54.409743362711744 ], [ -5.716759415998966, 54.407572648725044 ], [ -5.719151956397103, 54.407784873518075 ], [ -5.716127014951337, 54.409743362711744 ] ] ], [ [ [ -5.519067408018777, 54.410700781058914 ], [ -5.514496799036595, 54.41022653885021 ], [ -5.519442117050157, 54.409968833832927 ], [ -5.519067408018777, 54.410700781058914 ] ] ], [ [ [ -5.485323281125969, 54.411812284154749 ], [ -5.483949113588893, 54.409325404547815 ], [ -5.485381909128328, 54.410093865632703 ], [ -5.485323281125969, 54.411812284154749 ] ] ], [ [ [ -5.723913782881675, 54.412493224173438 ], [ -5.72108372517254, 54.412461266991016 ], [ -5.720492542134036, 54.408932959759632 ], [ -5.720829400059925, 54.408762033427145 ], [ -5.723913782881675, 54.412493224173438 ] ] ], [ [ [ -5.520475255574968, 54.412455821895968 ], [ -5.524418789549571, 54.410760750106306 ], [ -5.524646212306016, 54.412086325008907 ], [ -5.520475255574968, 54.412455821895968 ] ] ], [ [ [ -5.511247807915241, 54.414210496933052 ], [ -5.510105886531182, 54.411423908566917 ], [ -5.512278884184251, 54.412317949812746 ], [ -5.511247807915241, 54.414210496933052 ] ] ], [ [ [ -5.523794933966155, 54.414019703315518 ], [ -5.525878450330291, 54.413549777548383 ], [ -5.526330812874016, 54.415633451778504 ], [ -5.528183856462325, 54.413181297907322 ], [ -5.529735400650419, 54.413904175954265 ], [ -5.526331445198981, 54.415636364396384 ], [ -5.526348370514389, 54.415714325854601 ], [ -5.523794933966155, 54.414019703315518 ] ] ], [ [ [ -5.503914843390741, 54.41734075177208 ], [ -5.505939912278336, 54.413993994567527 ], [ -5.508091277600914, 54.414551060369327 ], [ -5.503914843390741, 54.41734075177208 ] ] ], [ [ [ -5.489834443873222, 54.425567814687795 ], [ -5.493455156694973, 54.425806489632429 ], [ -5.48980755973176, 54.4260073739433 ], [ -5.489834443873222, 54.425567814687795 ] ] ], [ [ [ -5.489875329401271, 54.428271074842925 ], [ -5.487146000086012, 54.427136837661912 ], [ -5.490696707966308, 54.427406526518105 ], [ -5.489875329401271, 54.428271074842925 ] ] ], [ [ [ -5.720567780832154, 54.429186913116162 ], [ -5.716454837039742, 54.429671656245866 ], [ -5.716473481216311, 54.429336580300344 ], [ -5.720567780832154, 54.429186913116162 ] ] ], [ [ [ -5.676047886284315, 54.432899338576355 ], [ -5.67456226086238, 54.434609991176821 ], [ -5.671217085620401, 54.433858674904101 ], [ -5.676047886284315, 54.432899338576355 ] ] ], [ [ [ -5.708275789336173, 54.436796480203974 ], [ -5.70510946402337, 54.435634472203496 ], [ -5.708047760206431, 54.433927968176818 ], [ -5.708275789336173, 54.436796480203974 ] ] ], [ [ [ -5.690381040755628, 54.442042324012618 ], [ -5.690916477919529, 54.439293374857343 ], [ -5.693237078985003, 54.440388845326098 ], [ -5.690381040755628, 54.442042324012618 ] ] ], [ [ [ -5.693369280208632, 54.443728579277689 ], [ -5.693237078985003, 54.440388845326098 ], [ -5.694769077846741, 54.442660312128233 ], [ -5.693369280208632, 54.443728579277689 ] ] ], [ [ [ -5.67646594043951, 54.444543856602856 ], [ -5.674494888785326, 54.441450763878514 ], [ -5.678748078010611, 54.442384565333818 ], [ -5.67646594043951, 54.444543856602856 ] ] ], [ [ [ -5.694088181643688, 54.444162802368041 ], [ -5.687625574952782, 54.443500076185309 ], [ -5.687644540114876, 54.443163656892317 ], [ -5.694088181643688, 54.444162802368041 ] ] ], [ [ [ -5.723804202968826, 54.446225521055212 ], [ -5.721916850414325, 54.44380690477999 ], [ -5.724555304775699, 54.444967365434607 ], [ -5.723804202968826, 54.446225521055212 ] ] ], [ [ [ -5.686285201296347, 54.445101279767577 ], [ -5.688993701975274, 54.446581406259575 ], [ -5.686880051976678, 54.448338077686998 ], [ -5.686285174419639, 54.445101312340711 ], [ -5.684979085064097, 54.446684222720663 ], [ -5.682268622292029, 54.445980995689077 ], [ -5.683595384841921, 54.443883920705261 ], [ -5.686285667285197, 54.445100715014036 ], [ -5.686285201296347, 54.445101279767577 ] ] ], [ [ [ -5.721620004852869, 54.451334236986114 ], [ -5.717844275864265, 54.449841507153685 ], [ -5.723067011242937, 54.450028359517184 ], [ -5.721620004852869, 54.451334236986114 ] ] ], [ [ [ -5.668107669064153, 54.460197872864399 ], [ -5.665367441503101, 54.459950168431952 ], [ -5.667977335926092, 54.458256406337959 ], [ -5.6695236670228, 54.459181404700281 ], [ -5.668107669064153, 54.460197872864399 ] ] ], [ [ [ -5.498977324604608, 54.461455275729897 ], [ -5.498794372924621, 54.459324875003148 ], [ -5.502356887823442, 54.459743232042705 ], [ -5.498977324604608, 54.461455275729897 ] ] ], [ [ [ -5.4572298279133, 54.463110139341701 ], [ -5.461364776184951, 54.464155594296933 ], [ -5.454715597449457, 54.464155979689799 ], [ -5.4572298279133, 54.463110139341701 ] ] ], [ [ [ -5.514183476849427, 54.466411531140189 ], [ -5.518767986647853, 54.466964591679051 ], [ -5.518943301512183, 54.467956746053169 ], [ -5.514183476849427, 54.466411531140189 ] ] ], [ [ [ -5.520024742946251, 54.467783712334196 ], [ -5.520022026497326, 54.467736701840181 ], [ -5.520043720104977, 54.467731398914125 ], [ -5.520024742946251, 54.467783712334196 ] ] ], [ [ [ -5.514944876022617, 54.46848999753351 ], [ -5.514660669132375, 54.468589002341787 ], [ -5.51437970545283, 54.468132311557419 ], [ -5.514944876022617, 54.46848999753351 ] ] ], [ [ [ -5.666157741261718, 54.472213200197835 ], [ -5.665293276083349, 54.469056846135857 ], [ -5.667655312557589, 54.47013451414648 ], [ -5.666157741261718, 54.472213200197835 ] ] ], [ [ [ -5.531853377623191, 54.474605548005357 ], [ -5.530904223670068, 54.472348407034268 ], [ -5.534200302855534, 54.473094006773998 ], [ -5.536021463360043, 54.473669594477968 ], [ -5.531853377623191, 54.474605548005357 ] ] ], [ [ [ -5.500595352771049, 54.47659237147144 ], [ -5.498558392600051, 54.475560171313262 ], [ -5.501256405077235, 54.474987853902007 ], [ -5.500595352771049, 54.47659237147144 ] ] ], [ [ [ -5.516491516277968, 54.478154049128761 ], [ -5.516694507620515, 54.475899221094679 ], [ -5.518300803045564, 54.477013585349127 ], [ -5.516491516277968, 54.478154049128761 ] ] ], [ [ [ -5.534010568533489, 54.48138882566947 ], [ -5.529542889366629, 54.480087391305318 ], [ -5.533975252988969, 54.480413147724882 ], [ -5.534010568533489, 54.48138882566947 ] ] ], [ [ [ -5.688418741556019, 54.480780777712511 ], [ -5.693012645626614, 54.48078794584039 ], [ -5.693152464359821, 54.481148847532658 ], [ -5.688418741556019, 54.480780777712511 ] ] ], [ [ [ -5.52881044202991, 54.482811415030682 ], [ -5.525168620527191, 54.480747057988999 ], [ -5.529400037221864, 54.479725029818816 ], [ -5.52881044202991, 54.482811415030682 ] ] ], [ [ [ -5.506701676447019, 54.483211235746502 ], [ -5.504274527333649, 54.480837225746171 ], [ -5.507351619751344, 54.480474969704581 ], [ -5.506701676447019, 54.483211235746502 ] ] ], [ [ [ -5.691268036520701, 54.483402796994511 ], [ -5.688418741556019, 54.480780777712511 ], [ -5.691794130080451, 54.482917201390578 ], [ -5.691268036520701, 54.483402796994511 ] ] ], [ [ [ -5.663560965107609, 54.489573293340918 ], [ -5.661643119968548, 54.486565686766632 ], [ -5.664770169910953, 54.487478226107015 ], [ -5.663560965107609, 54.489573293340918 ] ] ], [ [ [ -5.679778239701718, 54.494919552097038 ], [ -5.677263093347089, 54.493835496054821 ], [ -5.680151598947678, 54.492877704389954 ], [ -5.68128499349881, 54.493310497799619 ], [ -5.679778239701718, 54.494919552097038 ] ] ], [ [ [ -5.523743573740631, 54.498666677356525 ], [ -5.520370335330278, 54.498711567390835 ], [ -5.520809992159653, 54.497199902322834 ], [ -5.523743573740631, 54.498666677356525 ] ] ], [ [ [ -5.53458824234256, 54.505497459500013 ], [ -5.531973050607494, 54.503882097093914 ], [ -5.53478867488431, 54.503071094923271 ], [ -5.536221873183766, 54.504089937196397 ], [ -5.53458824234256, 54.505497459500013 ] ] ], [ [ [ -5.715893444709024, 54.543418659408879 ], [ -5.711862818869749, 54.542543422623993 ], [ -5.715662289628176, 54.540084454121015 ], [ -5.720498859990285, 54.540606909442843 ], [ -5.715893444709024, 54.543418659408879 ] ] ], [ [ [ -5.714311773175531, 54.544924204633645 ], [ -5.717231475840917, 54.543084510108635 ], [ -5.717767296992306, 54.546653410153787 ], [ -5.714311773175531, 54.544924204633645 ] ] ], [ [ [ -5.593086523608393, 54.553368981576874 ], [ -5.58691304273609, 54.553035728416425 ], [ -5.593198740940701, 54.552056713357828 ], [ -5.593086523608393, 54.553368981576874 ] ] ], [ [ [ -5.486577945166984, 54.554637738953616 ], [ -5.489986145438379, 54.556694078349274 ], [ -5.487099615200163, 54.556365106205419 ], [ -5.485388366423819, 54.55615890163012 ], [ -5.486577945166984, 54.554637738953616 ] ] ], [ [ [ -5.72323358780891, 54.557407284816513 ], [ -5.725811678211596, 54.558701260976072 ], [ -5.722697711951941, 54.5600427995453 ], [ -5.722195262554784, 54.558239862003703 ], [ -5.72323358780891, 54.557407284816513 ] ] ], [ [ [ -5.49597187154674, 54.557841794076765 ], [ -5.499343482609951, 54.55950849623958 ], [ -5.497578109495484, 54.560789161279509 ], [ -5.49597187154674, 54.557841794076765 ] ] ], [ [ [ -5.706252374741396, 54.558511535422696 ], [ -5.704437886916459, 54.561504733373532 ], [ -5.700517100571342, 54.559974487072552 ], [ -5.706252374741396, 54.558511535422696 ] ] ], [ [ [ -5.729415790045601, 54.561348760657758 ], [ -5.725188413310804, 54.56282285922773 ], [ -5.722606947254663, 54.561014841157771 ], [ -5.729415790045601, 54.561348760657758 ] ] ], [ [ [ -5.722630257133561, 54.561103957917616 ], [ -5.721379421922205, 54.562930857133914 ], [ -5.718569798962417, 54.56244481780454 ], [ -5.722630257133561, 54.561103957917616 ] ] ], [ [ [ -5.713716724835996, 54.561707967577711 ], [ -5.7109700732306, 54.563964563772814 ], [ -5.708968849773596, 54.56103235221849 ], [ -5.713716724835996, 54.561707967577711 ] ] ], [ [ [ -5.564207774489382, 54.564381308846755 ], [ -5.561071619934508, 54.563219398528446 ], [ -5.563946418051067, 54.561243011099016 ], [ -5.565695581905046, 54.561574749849306 ], [ -5.564207774489382, 54.564381308846755 ] ] ], [ [ [ -5.72297302397413, 54.5627811647391 ], [ -5.720342073915623, 54.564894382690099 ], [ -5.719475764828602, 54.563793623508218 ], [ -5.72297302397413, 54.5627811647391 ] ] ], [ [ [ -5.527706457401938, 54.563439435334175 ], [ -5.531429582700096, 54.564205877142726 ], [ -5.526436653982244, 54.564264305583478 ], [ -5.527706457401938, 54.563439435334175 ] ] ], [ [ [ -5.732264654084676, 54.567389832088296 ], [ -5.72668010757473, 54.567704486625125 ], [ -5.727198990784741, 54.563938920815069 ], [ -5.732883826651361, 54.56702689744008 ], [ -5.732264654084676, 54.567389832088296 ] ] ], [ [ [ -5.524493182383908, 54.566105337748546 ], [ -5.529114067472407, 54.565669813921588 ], [ -5.529130568796817, 54.565681293609288 ], [ -5.524493182383908, 54.566105337748546 ] ] ], [ [ [ -5.634789961287922, 54.56901540022254 ], [ -5.631378708315196, 54.569288562576389 ], [ -5.632656897757728, 54.567711165334615 ], [ -5.635242874883401, 54.568004448014058 ], [ -5.634789961287922, 54.56901540022254 ] ] ], [ [ [ -5.719985647151296, 54.572511650031188 ], [ -5.726845966207159, 54.569761501728323 ], [ -5.722081973098195, 54.573396064852432 ], [ -5.719985647151296, 54.572511650031188 ] ] ], [ [ [ -5.601668669448116, 54.576992014995987 ], [ -5.599255968577509, 54.576212707505981 ], [ -5.600886500582825, 54.574555401923057 ], [ -5.603172538328756, 54.574664129582587 ], [ -5.601668669448116, 54.576992014995987 ] ] ], [ [ [ -5.530983127431208, 54.59190174837908 ], [ -5.527242219598724, 54.591460881243172 ], [ -5.533201890341066, 54.589821529567637 ], [ -5.530983127431208, 54.59190174837908 ] ] ], [ [ [ -5.730928690748224, 54.59699000445768 ], [ -5.727653714464441, 54.597918932584811 ], [ -5.727480071647727, 54.596874054663758 ], [ -5.730928690748224, 54.59699000445768 ] ] ], [ [ [ -5.707777428075558, 54.616982704012379 ], [ -5.702553438001846, 54.614454002126493 ], [ -5.707912567973282, 54.616291317790498 ], [ -5.707777428075558, 54.616982704012379 ] ] ], [ [ [ -5.707477047970977, 54.61837807835137 ], [ -5.703050112569479, 54.616784972647309 ], [ -5.707777428075558, 54.616982704012379 ], [ -5.707477047970977, 54.61837807835137 ] ] ], [ [ [ -5.61816256674918, 54.622292860595309 ], [ -5.615511394714815, 54.621230650227133 ], [ -5.620891254517804, 54.620888228567054 ], [ -5.61816256674918, 54.622292860595309 ] ] ], [ [ [ -5.619413476825322, 54.622839439713253 ], [ -5.619492137601331, 54.622499568383851 ], [ -5.619496649753698, 54.62285978216056 ], [ -5.619413476825322, 54.622839439713253 ] ] ], [ [ [ -5.730943704899579, 54.625276009635925 ], [ -5.735110207396157, 54.626651228058272 ], [ -5.730608719046506, 54.627101696350842 ], [ -5.730943704899579, 54.625276009635925 ] ] ], [ [ [ -5.71287766788384, 54.628364242875456 ], [ -5.709164205742535, 54.628265115582685 ], [ -5.710002510727862, 54.626403247000567 ], [ -5.71341336493199, 54.62690103911892 ], [ -5.71287766788384, 54.628364242875456 ] ] ], [ [ [ -5.685270796890059, 54.630535020801183 ], [ -5.682819592291308, 54.628448107412424 ], [ -5.685020415090154, 54.626037491832093 ], [ -5.689459901743466, 54.62738029873239 ], [ -5.685270796890059, 54.630535020801183 ] ] ], [ [ [ -5.719132676085448, 54.627275762751324 ], [ -5.725739536842163, 54.628802243796926 ], [ -5.718764703340981, 54.630700135675809 ], [ -5.71570573144211, 54.62779031048602 ], [ -5.719132676085448, 54.627275762751324 ] ] ], [ [ [ -5.687895383962255, 54.629574637453274 ], [ -5.690039405582811, 54.631836278860227 ], [ -5.687374193079548, 54.633240375931742 ], [ -5.686282889914578, 54.633216904847437 ], [ -5.687895383962255, 54.629574637453274 ] ] ], [ [ [ -5.725969624572647, 54.648736093925528 ], [ -5.731114572386669, 54.648925919699607 ], [ -5.728331735195158, 54.650630856282149 ], [ -5.726070971606632, 54.651252308380222 ], [ -5.725969624572647, 54.648736093925528 ] ] ], [ [ [ -5.589126622783121, 54.654704821411109 ], [ -5.592518061272581, 54.651166659916406 ], [ -5.592197299789336, 54.654337152460727 ], [ -5.589126622783121, 54.654704821411109 ] ] ] ] } },
{ "type": "Feature", "properties": { "risk_level": "High", "ruleid": 3 }, "geometry": { "type": "MultiPolygon", "coordinates": [ [ [ [ -7.569163204586712, 54.169888442982334 ], [ -7.566076230194505, 54.171992783175128 ], [ -7.565670469234218, 54.170109526418265 ], [ -7.569163204586712, 54.169888442982334 ] ] ], [ [ [ -7.566333229923781, 54.178032642559018 ], [ -7.572797630688775, 54.178373255259871 ], [ -7.571797510042587, 54.179372802193619 ], [ -7.566333229923781, 54.178032642559018 ] ] ], [ [ [ -7.562101059942173, 54.194794073095544 ], [ -7.561615950018021, 54.193143143134847 ], [ -7.565127693287079, 54.197250810511164 ], [ -7.562101059942173, 54.194794073095544 ] ] ], [ [ [ -7.676881582382354, 54.207186206447851 ], [ -7.676471273456443, 54.208672893608586 ], [ -7.67272609587753, 54.208448109042372 ], [ -7.676881582382354, 54.207186206447851 ] ] ], [ [ [ -7.82263268249769, 54.217411358350446 ], [ -7.822626012161023, 54.216481995535752 ], [ -7.826515739211512, 54.215948648495811 ], [ -7.823917586008185, 54.2187157387227 ], [ -7.82263268249769, 54.217411358350446 ] ] ], [ [ [ -7.635790826668905, 54.218562220508431 ], [ -7.637425188793329, 54.220184849782868 ], [ -7.634807729553323, 54.221722244995199 ], [ -7.632742479262077, 54.220623259974616 ], [ -7.635790826668905, 54.218562220508431 ] ] ], [ [ [ -7.837304629847065, 54.225845782169948 ], [ -7.834868032345343, 54.221709968355476 ], [ -7.838690013722196, 54.220143267116406 ], [ -7.842699997625363, 54.223875726120269 ], [ -7.837304629847065, 54.225845782169948 ] ] ], [ [ [ -7.701943970602073, 54.226490271769372 ], [ -7.699039962627608, 54.227557159964292 ], [ -7.695554410667578, 54.226964301677413 ], [ -7.697604635135871, 54.22406026841432 ], [ -7.701943970602073, 54.226490271769372 ] ] ], [ [ [ -7.841583849676615, 54.229435061441109 ], [ -7.840668663958781, 54.228186041932744 ], [ -7.846508980407862, 54.224480209875125 ], [ -7.84526699539709, 54.228603505737901 ], [ -7.841583849676615, 54.229435061441109 ] ] ], [ [ [ -7.70372648663704, 54.230158175191399 ], [ -7.703218823107533, 54.231604647087742 ], [ -7.6976060299519, 54.228758361428433 ], [ -7.70372648663704, 54.230158175191399 ] ] ], [ [ [ -7.677908320228988, 54.230763963429986 ], [ -7.675071175224538, 54.232007185220212 ], [ -7.675372222655845, 54.22892493419765 ], [ -7.677908320228988, 54.230763963429986 ] ] ], [ [ [ -7.697908854292934, 54.231035024799375 ], [ -7.703672775179985, 54.231704496195213 ], [ -7.702081844019373, 54.233008505291423 ], [ -7.697908854292934, 54.231035024799375 ] ] ], [ [ [ -7.733544128080887, 54.239746579129736 ], [ -7.736047062633168, 54.239555172351437 ], [ -7.734651833579219, 54.24201347742116 ], [ -7.733544128080887, 54.239746579129736 ] ] ], [ [ [ -7.728712921286754, 54.242718933524387 ], [ -7.731401897884926, 54.24291708272952 ], [ -7.730407811544435, 54.245112975607327 ], [ -7.728712921286754, 54.242718933524387 ] ] ], [ [ [ -7.713905184066403, 54.244481388291533 ], [ -7.712668110102651, 54.245911147290784 ], [ -7.70626794680686, 54.24503192453323 ], [ -7.710173675362875, 54.242840841034834 ], [ -7.713905184066403, 54.244481388291533 ] ] ], [ [ [ -7.671692894896304, 54.244148646962593 ], [ -7.67002727105027, 54.246573650073287 ], [ -7.667475295730495, 54.243675848590634 ], [ -7.671692894896304, 54.244148646962593 ] ] ], [ [ [ -7.707240018586277, 54.245578460166662 ], [ -7.708653777833163, 54.246544382136207 ], [ -7.707627696342758, 54.249001806494377 ], [ -7.705093944108769, 54.248648243072608 ], [ -7.707240018586277, 54.245578460166662 ] ] ], [ [ [ -7.651232869040229, 54.249364977419219 ], [ -7.651241081225237, 54.250001117713047 ], [ -7.646353779445586, 54.248386156717622 ], [ -7.651232869040229, 54.249364977419219 ] ] ], [ [ [ -7.773415802017705, 54.249279618650128 ], [ -7.774348715733188, 54.251466963026211 ], [ -7.770350098368492, 54.250733723342194 ], [ -7.773415802017705, 54.249279618650128 ] ] ], [ [ [ -7.700889913286282, 54.249365601015477 ], [ -7.702445334716242, 54.249664139894982 ], [ -7.701859113971054, 54.252017910365588 ], [ -7.700889913286282, 54.249365601015477 ] ] ], [ [ [ -7.722218456164778, 54.250606095735144 ], [ -7.722283501131485, 54.252603780374315 ], [ -7.718952812584544, 54.252668978296448 ], [ -7.722218456164778, 54.250606095735144 ] ] ], [ [ [ -7.775585196836547, 54.253908806353564 ], [ -7.773061971536039, 54.254699874434991 ], [ -7.770905886386481, 54.253365271830013 ], [ -7.773386476350456, 54.252645080881898 ], [ -7.775585196836547, 54.253908806353564 ] ] ], [ [ [ -7.73015778254011, 54.252872796627607 ], [ -7.733175823224881, 54.253270455958187 ], [ -7.733394900069106, 54.254721023262661 ], [ -7.73015778254011, 54.252872796627607 ] ] ], [ [ [ -7.643151950734868, 54.254796616334858 ], [ -7.643264758855503, 54.25381552874169 ], [ -7.647883155012712, 54.254428237898011 ], [ -7.643151950734868, 54.254796616334858 ] ] ], [ [ [ -7.729696975946212, 54.255192289210363 ], [ -7.726032003887246, 54.25533672743498 ], [ -7.727624091159136, 54.253826966002791 ], [ -7.729696975946212, 54.255192289210363 ] ] ], [ [ [ -7.775283700585381, 54.260870510101093 ], [ -7.774380888027456, 54.262584416645431 ], [ -7.771320891954861, 54.260956936790706 ], [ -7.775283700585381, 54.260870510101093 ] ] ], [ [ [ -7.743376066871479, 54.265030540333264 ], [ -7.741219676178252, 54.265358143366896 ], [ -7.738945013117673, 54.262864941844917 ], [ -7.743376066871479, 54.265030540333264 ] ] ], [ [ [ -7.733407803263825, 54.264829209443441 ], [ -7.735776033150687, 54.26590500939885 ], [ -7.734395369951597, 54.267058794346369 ], [ -7.733407803263825, 54.264829209443441 ] ] ], [ [ [ -7.73922589665596, 54.267112941362171 ], [ -7.736417414427201, 54.267687662950216 ], [ -7.738073361014705, 54.265290598147345 ], [ -7.73922589665596, 54.267112941362171 ] ] ], [ [ [ -7.581766499064384, 54.270528532895455 ], [ -7.57972273220928, 54.271342665023731 ], [ -7.577457387426749, 54.270837365627784 ], [ -7.58044380489006, 54.269057069617105 ], [ -7.581766499064384, 54.270528532895455 ] ] ], [ [ [ -7.698736903626386, 54.272191482544621 ], [ -7.699110932882288, 54.270213469942675 ], [ -7.701664662476309, 54.272121334201401 ], [ -7.698736903626386, 54.272191482544621 ] ] ], [ [ [ -7.723710962583059, 54.273293383120276 ], [ -7.719459683869805, 54.274563358551696 ], [ -7.71893316501565, 54.271995520183097 ], [ -7.723710962583059, 54.273293383120276 ] ] ], [ [ [ -7.795041631249227, 54.274482047059273 ], [ -7.797201571477774, 54.274928130222087 ], [ -7.796124126847406, 54.277526709472518 ], [ -7.7943949360031, 54.275613193343467 ], [ -7.795041631249227, 54.274482047059273 ] ] ], [ [ [ -7.756017522226951, 54.274693873007202 ], [ -7.754053590994739, 54.277290766222663 ], [ -7.753578488698482, 54.277540441285545 ], [ -7.756017522226951, 54.274693873007202 ] ] ], [ [ [ -7.706875555796723, 54.276481118941753 ], [ -7.705372879454885, 54.278241521920037 ], [ -7.704592546073155, 54.275463571370871 ], [ -7.706875555796723, 54.276481118941753 ] ] ], [ [ [ -7.80058846761411, 54.277740393986186 ], [ -7.798360331381625, 54.279366367944654 ], [ -7.797811316655537, 54.276709975512254 ], [ -7.80058846761411, 54.277740393986186 ] ] ], [ [ [ -7.790502164327958, 54.280950450660242 ], [ -7.788937200323626, 54.280689187060723 ], [ -7.796248386040599, 54.28112246738177 ], [ -7.790502164327958, 54.280950450660242 ] ] ], [ [ [ -7.746294118483688, 54.280222244092663 ], [ -7.747775542317779, 54.282453362900007 ], [ -7.74281524497288, 54.282066548405837 ], [ -7.746294118483688, 54.280222244092663 ] ] ], [ [ [ -7.798829506846284, 54.281990096335903 ], [ -7.796871412691326, 54.287052692930871 ], [ -7.791931700022695, 54.284677198898173 ], [ -7.798829506846284, 54.281990096335903 ] ] ], [ [ [ -7.67644696585815, 54.289574106573191 ], [ -7.67446604974625, 54.289203624892295 ], [ -7.679768919452067, 54.287063562608019 ], [ -7.67644696585815, 54.289574106573191 ] ] ], [ [ [ -7.673429316080682, 54.291070486209662 ], [ -7.677433940736559, 54.291820464328943 ], [ -7.673641351747553, 54.292838583668726 ], [ -7.673429316080682, 54.291070486209662 ] ] ], [ [ [ -7.678325117343685, 54.2959925947426 ], [ -7.675938911481988, 54.29627640928765 ], [ -7.678409800590106, 54.293234847382848 ], [ -7.678325117343685, 54.2959925947426 ] ] ], [ [ [ -7.672250266317821, 54.299819730501447 ], [ -7.671733549198659, 54.299549711501712 ], [ -7.675328475566571, 54.297583569132328 ], [ -7.675641038692232, 54.300463076403084 ], [ -7.672250266317821, 54.299819730501447 ] ] ], [ [ [ -7.658625217806529, 54.303481043426402 ], [ -7.654514171754863, 54.303846189841572 ], [ -7.657795924036296, 54.302160971375734 ], [ -7.658625217806529, 54.303481043426402 ] ] ], [ [ [ -7.635726407437878, 54.319376162491444 ], [ -7.638320228853924, 54.321896684457499 ], [ -7.633165189043869, 54.32123427295727 ], [ -7.635726407437878, 54.319376162491444 ] ] ], [ [ [ -7.629705367672196, 54.32762766956585 ], [ -7.629383881288258, 54.328407192227914 ], [ -7.624403505411386, 54.328321813439338 ], [ -7.629705367672196, 54.32762766956585 ] ] ], [ [ [ -7.950028460701475, 54.331826027979666 ], [ -7.954940735791388, 54.332756117285925 ], [ -7.952831401741135, 54.33446841391536 ], [ -7.950028460701475, 54.331826027979666 ] ] ], [ [ [ -7.673414261335937, 54.36666425030311 ], [ -7.679660888254644, 54.367344956236913 ], [ -7.676844824319066, 54.369092138481811 ], [ -7.673414261335937, 54.36666425030311 ] ] ], [ [ [ -7.692152812246452, 54.388592680313849 ], [ -7.690660146539899, 54.3918124329996 ], [ -7.685397013224426, 54.389924359834019 ], [ -7.692152812246452, 54.388592680313849 ] ] ], [ [ [ -7.627188003123536, 54.391724178977988 ], [ -7.626944756781786, 54.393315037528346 ], [ -7.624491733892545, 54.392032123909367 ], [ -7.627188003123536, 54.391724178977988 ] ] ], [ [ [ -7.72154929453414, 54.395611121294785 ], [ -7.724561053586569, 54.394531642428468 ], [ -7.723824926443489, 54.397514415893866 ], [ -7.72154929453414, 54.395611121294785 ] ] ], [ [ [ -7.83412928933637, 54.407707325051106 ], [ -7.843373513998621, 54.409195113414434 ], [ -7.840389181942731, 54.409177523822351 ], [ -7.83412928933637, 54.407707325051106 ] ] ], [ [ [ -7.794984751804997, 54.409113254153091 ], [ -7.7929670605832, 54.410081593676914 ], [ -7.788622410156444, 54.407529322946452 ], [ -7.794984751804997, 54.409113254153091 ] ] ], [ [ [ -7.794984751804997, 54.409113254153091 ], [ -7.796144846658029, 54.410612420992216 ], [ -7.796015878850987, 54.411391971418929 ], [ -7.792917845789186, 54.411521028112972 ], [ -7.794984751804997, 54.409113254153091 ] ] ], [ [ [ -7.796015878850987, 54.411391971418929 ], [ -7.795893890071974, 54.414606977631287 ], [ -7.791963978381672, 54.412182196948912 ], [ -7.796015878850987, 54.411391971418929 ] ] ], [ [ [ -7.885195748292736, 54.4140671501073 ], [ -7.888182913958467, 54.413578204521457 ], [ -7.890905002240945, 54.414978011368312 ], [ -7.888200859701602, 54.415976971379081 ], [ -7.885195748292736, 54.4140671501073 ] ] ], [ [ [ -7.997749876750107, 54.421987637135643 ], [ -7.995026375494778, 54.42027694353866 ], [ -7.99598551254265, 54.419941172028707 ], [ -7.997749876750107, 54.421987637135643 ] ] ], [ [ [ -8.032348856361871, 54.422099596366145 ], [ -8.034128030913044, 54.420981625873175 ], [ -8.034715622479549, 54.422995972174448 ], [ -8.032348856361871, 54.422099596366145 ] ] ], [ [ [ -7.847266996140673, 54.430456378865209 ], [ -7.845857557981943, 54.431849952076483 ], [ -7.841982708546994, 54.430470488110608 ], [ -7.847266996140673, 54.430456378865209 ] ] ], [ [ [ -7.772440220738558, 54.438165457618162 ], [ -7.777597304588416, 54.437042779854629 ], [ -7.77728225579215, 54.438299870210066 ], [ -7.772440220738558, 54.438165457618162 ] ] ], [ [ [ -7.783752017621029, 54.438171774999169 ], [ -7.775304228166443, 54.438863927387764 ], [ -7.783432500968315, 54.436900419914828 ], [ -7.783752017621029, 54.438171774999169 ] ] ], [ [ [ -7.809488338983977, 54.4476977307989 ], [ -7.808116820191844, 54.449991608270793 ], [ -7.805596322459772, 54.447332186246179 ], [ -7.809488338983977, 54.4476977307989 ] ] ], [ [ [ -7.841399230945185, 54.457128258694098 ], [ -7.842218393085753, 54.455257324210265 ], [ -7.844718869400732, 54.455485194301481 ], [ -7.844408364652383, 54.45854064841425 ], [ -7.841399230945185, 54.457128258694098 ] ] ], [ [ [ -7.645689413770372, 54.459248784767503 ], [ -7.643788775637048, 54.459773435443658 ], [ -7.641044412719553, 54.458692605520774 ], [ -7.643621729941199, 54.4564077701462 ], [ -7.645689413770372, 54.459248784767503 ] ] ], [ [ [ -7.959345640344949, 54.459622744822148 ], [ -7.959422412316296, 54.460380563713585 ], [ -7.954550101031531, 54.459518126852331 ], [ -7.959345640344949, 54.459622744822148 ] ] ], [ [ [ -7.849479576206073, 54.465781713491204 ], [ -7.852683718732807, 54.464699399643138 ], [ -7.853617879427431, 54.466515509315101 ], [ -7.849479576206073, 54.465781713491204 ] ] ], [ [ [ -7.686219909964985, 54.50417629401511 ], [ -7.679861347600905, 54.504377788537241 ], [ -7.68373966799173, 54.502310987619914 ], [ -7.686219909964985, 54.50417629401511 ] ] ], [ [ [ -7.663736387077535, 54.507464653305867 ], [ -7.663824746718449, 54.507487714114447 ], [ -7.663589134795045, 54.507554085214338 ], [ -7.663736387077535, 54.507464653305867 ] ] ], [ [ [ -7.662750062650326, 54.507790445079586 ], [ -7.653718499298938, 54.508537693090453 ], [ -7.65432968485732, 54.508199433936625 ], [ -7.662750062650326, 54.507790445079586 ] ] ], [ [ [ -7.666369636803976, 54.50796539999601 ], [ -7.666985508811992, 54.508165996696292 ], [ -7.664188603523945, 54.510372844891485 ], [ -7.666369636803976, 54.50796539999601 ] ] ], [ [ [ -7.662209586586503, 54.508282363819916 ], [ -7.664188603523945, 54.510372844891485 ], [ -7.661105193654053, 54.510653275772846 ], [ -7.662209586586503, 54.508282363819916 ] ] ], [ [ [ -7.599891941300073, 54.509389617087947 ], [ -7.596856199866167, 54.510738963874545 ], [ -7.598267561061228, 54.508266532050364 ], [ -7.599891941300073, 54.509389617087947 ] ] ], [ [ [ -7.658642262028895, 54.508990999115753 ], [ -7.659377954675921, 54.511548130142685 ], [ -7.657505680149533, 54.508755474035503 ], [ -7.662610471408832, 54.507829765919652 ], [ -7.658642262028895, 54.508990999115753 ] ] ], [ [ [ -7.728437545791737, 54.510605410591403 ], [ -7.729887844183259, 54.512198352276663 ], [ -7.726485906134392, 54.512180894930765 ], [ -7.72323425887256, 54.511321318840082 ], [ -7.728437545791737, 54.510605410591403 ] ] ], [ [ [ -8.013105001832443, 54.532110883183051 ], [ -8.009872561113996, 54.532523931532957 ], [ -8.008843115011135, 54.530182541449349 ], [ -8.013105001832443, 54.532110883183051 ] ] ], [ [ [ -7.689538829837316, 54.536277118747549 ], [ -7.688967418365966, 54.536873986104283 ], [ -7.686011957479732, 54.537444479307254 ], [ -7.686704550332797, 54.535429312635408 ], [ -7.689538829837316, 54.536277118747549 ] ] ], [ [ [ -7.631697314811283, 54.552465830170171 ], [ -7.631903143145087, 54.553336720660603 ], [ -7.628262893245068, 54.554604565628516 ], [ -7.626116585371588, 54.553870797988637 ], [ -7.631697314811283, 54.552465830170171 ] ] ], [ [ [ -7.677702337670623, 54.555355492826294 ], [ -7.676532305894719, 54.557048033610023 ], [ -7.674947892510732, 54.555209896779893 ], [ -7.677702337670623, 54.555355492826294 ] ] ], [ [ [ -7.651491441130354, 54.576268861222822 ], [ -7.649649312824709, 54.578109259957934 ], [ -7.648796560014886, 54.575728700835448 ], [ -7.651491441130354, 54.576268861222822 ] ] ], [ [ [ -7.757638103753914, 54.6492390536974 ], [ -7.759986627091145, 54.650873480475738 ], [ -7.760042935700216, 54.652723073451632 ], [ -7.756032737039106, 54.652238894968598 ], [ -7.757638103753914, 54.6492390536974 ] ] ], [ [ [ -7.635175133309008, 54.725497991332766 ], [ -7.640351711125113, 54.724533233332252 ], [ -7.636062641675739, 54.725811810796237 ], [ -7.635175133309008, 54.725497991332766 ] ] ], [ [ [ -7.572611843938105, 54.733684417570032 ], [ -7.576951742900934, 54.734862186389613 ], [ -7.572942026292558, 54.734647426212902 ], [ -7.572611843938105, 54.733684417570032 ] ] ], [ [ [ -7.504480077123088, 54.132205604153796 ], [ -7.50836785733765, 54.130873212673137 ], [ -7.507025062818856, 54.133561399645977 ], [ -7.504480077123088, 54.132205604153796 ] ] ], [ [ [ -7.505543924291421, 54.146960636759829 ], [ -7.504276261961159, 54.148392842503725 ], [ -7.501537631388191, 54.145147327848832 ], [ -7.505543924291421, 54.146960636759829 ] ] ], [ [ [ -7.371522448193435, 54.166956065247206 ], [ -7.368064320863795, 54.168093595356829 ], [ -7.368517292814363, 54.164838673662722 ], [ -7.371522448193435, 54.166956065247206 ] ] ], [ [ [ -7.391662284523107, 54.178250879818954 ], [ -7.390739616000646, 54.176328138920255 ], [ -7.399068398345739, 54.178519392967338 ], [ -7.391662284523107, 54.178250879818954 ] ] ], [ [ [ -7.388239974418088, 54.177779270975613 ], [ -7.387910166604123, 54.178761861224991 ], [ -7.38319823480503, 54.17870126388695 ], [ -7.387780360604409, 54.17710828973393 ], [ -7.388239974418088, 54.177779270975613 ] ] ], [ [ [ -7.403761162351092, 54.185091537204869 ], [ -7.405239483377893, 54.186085366690534 ], [ -7.401030513947203, 54.187654596162361 ], [ -7.403761162351092, 54.185091537204869 ] ] ], [ [ [ -7.533269039721441, 54.19295481078283 ], [ -7.535148357999906, 54.194348093421397 ], [ -7.532635361704403, 54.196784950373882 ], [ -7.533269039721441, 54.19295481078283 ] ] ], [ [ [ -7.536402859116789, 54.195147522589487 ], [ -7.536834809668154, 54.196495381072971 ], [ -7.5327372648199, 54.197368538423298 ], [ -7.535233392916219, 54.194399037411983 ], [ -7.536402859116789, 54.195147522589487 ] ] ], [ [ [ -7.520503825117694, 54.198896678744354 ], [ -7.517107509236515, 54.199337937597569 ], [ -7.519096493720578, 54.19645399216526 ], [ -7.520503825117694, 54.198896678744354 ] ] ], [ [ [ -7.53776684663594, 54.199296230807484 ], [ -7.540552079307992, 54.20004583682158 ], [ -7.53871454813284, 54.201893765718999 ], [ -7.53776684663594, 54.199296230807484 ] ] ], [ [ [ -7.404393099032074, 54.202062458573138 ], [ -7.401854558641772, 54.199840681870647 ], [ -7.405549801647992, 54.200238345941379 ], [ -7.404393099032074, 54.202062458573138 ] ] ], [ [ [ -7.423657727077462, 54.21791829083913 ], [ -7.427517858022126, 54.21646547802969 ], [ -7.427732226901414, 54.21830700823228 ], [ -7.423657727077462, 54.21791829083913 ] ] ], [ [ [ -7.430796876230478, 54.219047934566895 ], [ -7.428059265598479, 54.219566296098492 ], [ -7.429135089465046, 54.216531198619691 ], [ -7.430796876230478, 54.219047934566895 ] ] ], [ [ [ -7.367587189972728, 54.221779412977661 ], [ -7.363254031423139, 54.224092382165573 ], [ -7.362776196116759, 54.221717912634695 ], [ -7.367587189972728, 54.221779412977661 ] ] ], [ [ [ -7.457123307247676, 54.222788253264397 ], [ -7.458971770908715, 54.226104779579437 ], [ -7.455955887098483, 54.225703493855278 ], [ -7.457700916470094, 54.224195319222993 ], [ -7.455514471707811, 54.224032336167504 ], [ -7.457123307247676, 54.222788253264397 ] ] ], [ [ [ -7.377686057628224, 54.226904298322019 ], [ -7.379935751746564, 54.229548988592676 ], [ -7.375324239372545, 54.22850300806752 ], [ -7.377686057628224, 54.226904298322019 ] ] ], [ [ [ -7.387497655123545, 54.233920636952199 ], [ -7.390176082083839, 54.235081103578096 ], [ -7.385191999447461, 54.235255178642731 ], [ -7.387497655123545, 54.233920636952199 ] ] ], [ [ [ -7.361800981685258, 54.253453081489127 ], [ -7.365147925008761, 54.255133518729544 ], [ -7.36446300367243, 54.255741123190333 ], [ -7.361759164821156, 54.253528427275263 ], [ -7.361392412761899, 54.254189242542417 ], [ -7.359316326424666, 54.251923143127392 ], [ -7.362333705726399, 54.252493217268388 ], [ -7.361800981685258, 54.253453081489127 ] ] ], [ [ [ -7.458711348449079, 54.252870261653435 ], [ -7.458850656361773, 54.254374723176142 ], [ -7.45455434283171, 54.253519126009991 ], [ -7.458711348449079, 54.252870261653435 ] ] ], [ [ [ -7.534613927868758, 54.288181268802418 ], [ -7.537213988119722, 54.288032336161436 ], [ -7.536328300793011, 54.290041512174326 ], [ -7.533462115220226, 54.290207481004387 ], [ -7.534613927868758, 54.288181268802418 ] ] ], [ [ [ -7.413996309944698, 54.304734990361524 ], [ -7.412301668082728, 54.306953776593211 ], [ -7.410761865684686, 54.303530033736735 ], [ -7.413996309944698, 54.304734990361524 ] ] ], [ [ [ -7.515212199810381, 54.338058886619521 ], [ -7.515536516167606, 54.338880607231417 ], [ -7.510037858750286, 54.339204036204407 ], [ -7.515212199810381, 54.338058886619521 ] ] ], [ [ [ -7.40277525171374, 54.350715554351716 ], [ -7.402476662157519, 54.34992348883781 ], [ -7.406370208522461, 54.348878840180603 ], [ -7.40277525171374, 54.350715554351716 ] ] ], [ [ [ -7.535438212671539, 54.355334490298745 ], [ -7.530509243341011, 54.356137688999709 ], [ -7.529592933471699, 54.355123494377949 ], [ -7.535438212671539, 54.355334490298745 ] ] ], [ [ [ -7.394597112351384, 54.355748321929021 ], [ -7.391647260676614, 54.357793575424303 ], [ -7.390070061947958, 54.354540636256125 ], [ -7.394597112351384, 54.355748321929021 ] ] ], [ [ [ -7.388826439813582, 54.356421996447772 ], [ -7.389001998042398, 54.356518758197517 ], [ -7.388982952761371, 54.356523662920587 ], [ -7.388826439813582, 54.356421996447772 ] ] ], [ [ [ -7.402970217814569, 54.356540343975269 ], [ -7.400478455737689, 54.358593588977207 ], [ -7.398960639617399, 54.356572534505439 ], [ -7.402970217814569, 54.356540343975269 ] ] ], [ [ [ -7.388289725435119, 54.357516271831194 ], [ -7.388219913731533, 54.357911930635474 ], [ -7.388091607109162, 54.357870358542797 ], [ -7.388289725435119, 54.357516271831194 ] ] ], [ [ [ -7.358660891074152, 54.357873947267692 ], [ -7.362859905468205, 54.35865260480535 ], [ -7.360854152492074, 54.359734195789429 ], [ -7.358660891074152, 54.357873947267692 ] ] ], [ [ [ -7.364464770876399, 54.358452681927623 ], [ -7.368839918976253, 54.358764762993488 ], [ -7.365833737571259, 54.360915614432628 ], [ -7.364464770876399, 54.358452681927623 ] ] ], [ [ [ -7.489954585093947, 54.363365354302793 ], [ -7.488501141734115, 54.364714742957844 ], [ -7.485178831542449, 54.362739522751014 ], [ -7.488069713888652, 54.361655010412491 ], [ -7.489954585093947, 54.363365354302793 ] ] ], [ [ [ -7.542179000797351, 54.40093987764962 ], [ -7.544327776472912, 54.401716252071395 ], [ -7.540151844215925, 54.403384430884742 ], [ -7.542179000797351, 54.40093987764962 ] ] ], [ [ [ -7.422984690162604, 54.471422936204696 ], [ -7.424706379393131, 54.472708996088265 ], [ -7.420876764874835, 54.474716198110769 ], [ -7.422984690162604, 54.471422936204696 ] ] ], [ [ [ -7.417106114359436, 54.480537439360575 ], [ -7.416760959379466, 54.47934190826502 ], [ -7.41932898118615, 54.478971674475844 ], [ -7.417106114359436, 54.480537439360575 ] ] ], [ [ [ -7.48699441245643, 54.526333192643158 ], [ -7.484352396139625, 54.528463324767316 ], [ -7.484690106252385, 54.525518859153244 ], [ -7.48699441245643, 54.526333192643158 ] ] ], [ [ [ -7.508345134562974, 54.542829603993006 ], [ -7.504964347159512, 54.544807685282613 ], [ -7.50690955741752, 54.542418787125726 ], [ -7.501482396105589, 54.542761072567842 ], [ -7.502171099057521, 54.542317237576853 ], [ -7.506993963901185, 54.54171446519544 ], [ -7.508345134562974, 54.542829603993006 ] ] ], [ [ [ -7.40509592687446, 54.572975425380946 ], [ -7.402986700028702, 54.574089379898574 ], [ -7.402206664087861, 54.571779686028584 ], [ -7.40509592687446, 54.572975425380946 ] ] ], [ [ [ -7.371270305406624, 54.605596003285029 ], [ -7.366685228403219, 54.607097394305121 ], [ -7.370989018071954, 54.604846202229787 ], [ -7.371270305406624, 54.605596003285029 ] ] ], [ [ [ -7.373531788101015, 54.609882108439521 ], [ -7.369062395209348, 54.611134405882467 ], [ -7.371191629577621, 54.608358065536713 ], [ -7.373531788101015, 54.609882108439521 ] ] ], [ [ [ -7.454845570820986, 54.611207453814899 ], [ -7.453003701408893, 54.61385426318725 ], [ -7.455292401414072, 54.615569972298829 ], [ -7.451579443827335, 54.615430491367789 ], [ -7.454845570820986, 54.611207453814899 ] ] ], [ [ [ -7.560862939230544, 54.61369913785456 ], [ -7.558509190845488, 54.615028246397131 ], [ -7.556862287504197, 54.612686600669498 ], [ -7.560862939230544, 54.61369913785456 ] ] ], [ [ [ -7.363927426222759, 54.618244188682716 ], [ -7.364683066469458, 54.620879177881079 ], [ -7.361359029998084, 54.620559076908421 ], [ -7.362685501704978, 54.6184717621027 ], [ -7.363927426222759, 54.618244188682716 ] ] ], [ [ [ -7.498847270606363, 54.623970432945484 ], [ -7.50054940488094, 54.625237201353301 ], [ -7.496990605655574, 54.627456999657312 ], [ -7.498847270606363, 54.623970432945484 ] ] ], [ [ [ -7.397577136080323, 54.631118932819845 ], [ -7.395208987458426, 54.634025007530909 ], [ -7.394725736766009, 54.63158289291313 ], [ -7.397577136080323, 54.631118932819845 ] ] ], [ [ [ -7.366491472993862, 54.632680567764481 ], [ -7.362702780420139, 54.634238050970609 ], [ -7.363388198803522, 54.631311168279829 ], [ -7.366491472993862, 54.632680567764481 ] ] ], [ [ [ -7.462957982739053, 54.63295087596282 ], [ -7.470227710302794, 54.63353861992465 ], [ -7.469513558114315, 54.633886871612638 ], [ -7.462957982739053, 54.63295087596282 ] ] ], [ [ [ -7.430086196691008, 54.646903016545686 ], [ -7.426134627557937, 54.649565897997114 ], [ -7.421767086854356, 54.649509749452207 ], [ -7.426713169242936, 54.646620435465429 ], [ -7.430086196691008, 54.646903016545686 ] ] ], [ [ [ -7.512308639676522, 54.662653933032971 ], [ -7.512826483520405, 54.665158575859962 ], [ -7.509232094772552, 54.665086853551252 ], [ -7.512308639676522, 54.662653933032971 ] ] ], [ [ [ -7.388266635404458, 54.6673762114672 ], [ -7.389425560370015, 54.667320552040991 ], [ -7.389911018691211, 54.669751688925125 ], [ -7.387541163201409, 54.669974308845724 ], [ -7.388266635404458, 54.6673762114672 ] ] ], [ [ [ -7.375618815055669, 54.671354093377495 ], [ -7.373635988756105, 54.671681513168416 ], [ -7.373219738884179, 54.668511926935395 ], [ -7.375618815055669, 54.671354093377495 ] ] ], [ [ [ -7.388452906776378, 54.682999408445674 ], [ -7.383272345968087, 54.681413627447725 ], [ -7.38728474725695, 54.68014212583018 ], [ -7.388452906776378, 54.682999408445674 ] ] ], [ [ [ -7.429776250393836, 54.6913110457673 ], [ -7.429801435608287, 54.689175231487361 ], [ -7.433330742600426, 54.690863696122349 ], [ -7.429776250393836, 54.6913110457673 ] ] ], [ [ [ -7.363652694363023, 54.725894359856028 ], [ -7.360971332356042, 54.727826475319517 ], [ -7.35913692332146, 54.725942369553131 ], [ -7.363652694363023, 54.725894359856028 ] ] ], [ [ [ -7.360482186374125, 54.734249515495797 ], [ -7.358381921195234, 54.736179937856605 ], [ -7.35552799265982, 54.735259422858313 ], [ -7.357646891715574, 54.733515544663241 ], [ -7.360482186374125, 54.734249515495797 ] ] ], [ [ [ -7.408683078663723, 54.755695225160068 ], [ -7.405937750031979, 54.756670730825014 ], [ -7.407609866707813, 54.754875596040151 ], [ -7.4047161559445, 54.753882553063626 ], [ -7.407549283425591, 54.752903262356625 ], [ -7.408683078663723, 54.755695225160068 ] ] ], [ [ [ -7.39380363825611, 54.766093573064047 ], [ -7.397083022981691, 54.766240210280856 ], [ -7.395713003778874, 54.76839691424599 ], [ -7.39380363825611, 54.766093573064047 ] ] ], [ [ [ -7.494337300217353, 54.769588964459274 ], [ -7.497028214716682, 54.76921891174166 ], [ -7.497847104752549, 54.77042245867441 ], [ -7.494337300217353, 54.769588964459274 ] ] ], [ [ [ -7.422432648935958, 54.788388225691541 ], [ -7.422447958065447, 54.788085468994012 ], [ -7.428785341980547, 54.788372331746693 ], [ -7.422432648935958, 54.788388225691541 ] ] ], [ [ [ -7.446536518300713, 54.789610085237953 ], [ -7.44383117715994, 54.790881809753373 ], [ -7.443430228495064, 54.78800800894038 ], [ -7.446536518300713, 54.789610085237953 ] ] ], [ [ [ -7.398500160628207, 54.805167576202081 ], [ -7.40788947427015, 54.805740538239192 ], [ -7.406939115077081, 54.806538454370688 ], [ -7.398500160628207, 54.805167576202081 ] ] ], [ [ [ -7.395447884912648, 54.806545141364481 ], [ -7.391393963396894, 54.807650153346579 ], [ -7.38847517057515, 54.806622141117472 ], [ -7.39325832071734, 54.804500886450455 ], [ -7.395447884912648, 54.806545141364481 ] ] ], [ [ [ -7.406939115077081, 54.806538454370688 ], [ -7.405394454150713, 54.80776663099364 ], [ -7.402761995137348, 54.805959304437941 ], [ -7.406939115077081, 54.806538454370688 ] ] ], [ [ [ -7.380327597873852, 54.826476615513634 ], [ -7.382915719923394, 54.825569818193728 ], [ -7.383086128310859, 54.827994774583992 ], [ -7.380327597873852, 54.826476615513634 ] ] ], [ [ [ -7.387257076526294, 54.837553201821429 ], [ -7.387895058154339, 54.842299595188138 ], [ -7.384442716588867, 54.842536432745227 ], [ -7.383812880056019, 54.839238846533163 ], [ -7.387257076526294, 54.837553201821429 ] ] ], [ [ [ -7.374066278079829, 54.842690167287785 ], [ -7.368805536743628, 54.842641667519906 ], [ -7.368128884399306, 54.838945316165415 ], [ -7.37493686854797, 54.839698193391229 ], [ -7.374066278079829, 54.842690167287785 ] ] ], [ [ [ -7.389554135928364, 54.840658895413974 ], [ -7.39454848616023, 54.84206561049011 ], [ -7.393825591341365, 54.842627116699859 ], [ -7.38753365208893, 54.842665136151211 ], [ -7.389554135928364, 54.840658895413974 ] ] ], [ [ [ -7.378833565930819, 54.842789517210072 ], [ -7.377105961464657, 54.843164349574288 ], [ -7.377229069292162, 54.840626695000871 ], [ -7.378833565930819, 54.842789517210072 ] ] ], [ [ [ -7.373023311998945, 54.844552817974744 ], [ -7.372655804573475, 54.845628348188029 ], [ -7.367138865561585, 54.844151976885449 ], [ -7.373023311998945, 54.844552817974744 ] ] ], [ [ [ -7.442349309268365, 54.853153248411076 ], [ -7.445868801513831, 54.853432387326613 ], [ -7.445804600477542, 54.854855895676899 ], [ -7.442349309268365, 54.853153248411076 ] ] ], [ [ [ -7.449873094671363, 54.863389887739388 ], [ -7.446121532224072, 54.866616782856227 ], [ -7.446989941593281, 54.862119073469223 ], [ -7.449873094671363, 54.863389887739388 ] ] ], [ [ [ -7.432840136645421, 54.868526957346397 ], [ -7.432458555114709, 54.870181566818637 ], [ -7.429103103065041, 54.867664911890763 ], [ -7.430810369787645, 54.86478981573844 ], [ -7.433220030235017, 54.865000803446272 ], [ -7.433141534542915, 54.865729396658764 ], [ -7.435158239870374, 54.86507807728244 ], [ -7.436040346017743, 54.86841922448793 ], [ -7.433065645590801, 54.866433794236919 ], [ -7.432840136645421, 54.868526957346397 ] ] ], [ [ [ -7.427266096657387, 54.873111583558725 ], [ -7.434111849209462, 54.871299035301085 ], [ -7.435018676702729, 54.873794007328783 ], [ -7.434701080004873, 54.873870344165127 ], [ -7.43742304100354, 54.87362787638537 ], [ -7.438082851355921, 54.876407231793927 ], [ -7.436102266919321, 54.874480813634868 ], [ -7.432532053289706, 54.874391686605058 ], [ -7.427886625355063, 54.875508251337543 ], [ -7.427266096657387, 54.873111583558725 ] ] ], [ [ [ -7.404786424972618, 54.894522165615783 ], [ -7.404741881765848, 54.894787611753365 ], [ -7.402710739669403, 54.897142226758341 ], [ -7.402499762504473, 54.894475770697305 ], [ -7.404786424972618, 54.894522165615783 ] ] ], [ [ [ -7.368367662389777, 54.906849506102382 ], [ -7.367285100108002, 54.912885803329559 ], [ -7.367330087409459, 54.906756833015677 ], [ -7.368367662389777, 54.906849506102382 ] ] ], [ [ [ -7.401864609354692, 54.973674525014879 ], [ -7.403972194273641, 54.976015126768701 ], [ -7.398433353571349, 54.977254263014551 ], [ -7.401864609354692, 54.973674525014879 ] ] ], [ [ [ -7.395174944440903, 54.974292050508872 ], [ -7.396813036243027, 54.975709218797313 ], [ -7.395770137449984, 54.977706541316508 ], [ -7.392457966478746, 54.975148702256519 ], [ -7.395174944440903, 54.974292050508872 ] ] ], [ [ [ -7.396813036243027, 54.975709218797313 ], [ -7.398987522455823, 54.974853529367643 ], [ -7.398433353571349, 54.977254263014551 ], [ -7.395641594751383, 54.977987102525134 ], [ -7.396813036243027, 54.975709218797313 ] ] ], [ [ [ -7.358624174008452, 55.036279743335818 ], [ -7.363446668818516, 55.038232065411428 ], [ -7.360144239287588, 55.03878506213568 ], [ -7.358624174008452, 55.036279743335818 ] ] ], [ [ [ -7.326517676562353, 54.126506710315226 ], [ -7.326533961619271, 54.128038937555921 ], [ -7.32566954558431, 54.125527433646688 ], [ -7.330385623626112, 54.126439974870159 ], [ -7.326517676562353, 54.126506710315226 ] ] ], [ [ [ -7.335322325605928, 54.127337375802838 ], [ -7.335936946017407, 54.130512028807146 ], [ -7.3338956674014, 54.130315213826542 ], [ -7.332563061062681, 54.127760579828212 ], [ -7.335322325605928, 54.127337375802838 ] ] ], [ [ [ -7.349994811509418, 54.149634823020378 ], [ -7.349190001042166, 54.150816465584008 ], [ -7.342903709409433, 54.150727056994477 ], [ -7.349994811509418, 54.149634823020378 ] ] ], [ [ [ -7.338289650934351, 54.156032327698554 ], [ -7.33503120688386, 54.158545962091722 ], [ -7.334846311189636, 54.156189242589491 ], [ -7.338289650934351, 54.156032327698554 ] ] ], [ [ [ -7.275113098164465, 54.191371114019219 ], [ -7.280436167823003, 54.191512987542161 ], [ -7.278268224289913, 54.192518600450541 ], [ -7.275113098164465, 54.191371114019219 ] ] ], [ [ [ -7.258546876223115, 54.198199091981564 ], [ -7.258326148581992, 54.199526130723939 ], [ -7.255154360264376, 54.200921547889884 ], [ -7.255799263736678, 54.198155162026588 ], [ -7.258546876223115, 54.198199091981564 ] ] ], [ [ [ -7.276373603362317, 54.248715587130739 ], [ -7.275177094285665, 54.250411188209767 ], [ -7.272878812681265, 54.249505364947588 ], [ -7.274817496905841, 54.24820822648261 ], [ -7.276373603362317, 54.248715587130739 ] ] ], [ [ [ -7.254417592073774, 54.249092148729829 ], [ -7.25791930915393, 54.25045755516269 ], [ -7.254338263387592, 54.251621353584476 ], [ -7.254417592073774, 54.249092148729829 ] ] ], [ [ [ -7.268972869324775, 54.249977820861126 ], [ -7.268394031201886, 54.253518970442904 ], [ -7.264935405341043, 54.25259275977993 ], [ -7.266914483873016, 54.249957173650543 ], [ -7.268972869324775, 54.249977820861126 ] ] ], [ [ [ -7.330318470466159, 54.288324043505781 ], [ -7.332577155919255, 54.288967931855005 ], [ -7.331423791972194, 54.290284138921585 ], [ -7.330318470466159, 54.288324043505781 ] ] ], [ [ [ -7.291238223112589, 54.293464309439926 ], [ -7.292157558471559, 54.292789486042246 ], [ -7.295202651397703, 54.295045016378396 ], [ -7.291238223112589, 54.293464309439926 ] ] ], [ [ [ -7.351873553160675, 54.321086775107638 ], [ -7.353963216236476, 54.322917806492235 ], [ -7.350796316198038, 54.321457424529456 ], [ -7.351873553160675, 54.321086775107638 ] ] ], [ [ [ -7.310918018872726, 54.336994365746413 ], [ -7.308494566263428, 54.338782954036198 ], [ -7.308649483095338, 54.335765764076889 ], [ -7.310918018872726, 54.336994365746413 ] ] ], [ [ [ -7.315800529288456, 54.341988605851157 ], [ -7.318038446600584, 54.343406485436468 ], [ -7.317266686168405, 54.344727523110713 ], [ -7.315800529288456, 54.341988605851157 ] ] ], [ [ [ -7.26709386443406, 54.356057123403076 ], [ -7.267529212738597, 54.35918623590517 ], [ -7.264532936080216, 54.356874926320693 ], [ -7.26709386443406, 54.356057123403076 ] ] ], [ [ [ -7.26023641351322, 54.368229279113251 ], [ -7.260478818132208, 54.36882120733933 ], [ -7.260077050129412, 54.369579297172869 ], [ -7.25819002484094, 54.37183649745625 ], [ -7.255845787094975, 54.371835034659476 ], [ -7.26023641351322, 54.368229279113251 ] ] ], [ [ [ -7.351817385280818, 54.416496337083657 ], [ -7.355678827292074, 54.417563370214161 ], [ -7.353151478221633, 54.419164638301268 ], [ -7.349057376195236, 54.418336989684335 ], [ -7.351817385280818, 54.416496337083657 ] ] ], [ [ [ -7.258476431519889, 54.436501614087959 ], [ -7.257091133913413, 54.438174378876205 ], [ -7.254624435156352, 54.435645611546946 ], [ -7.258476431519889, 54.436501614087959 ] ] ], [ [ [ -7.29263339683226, 54.444689874846077 ], [ -7.288977400988718, 54.445376396378208 ], [ -7.289635155543165, 54.443447400159378 ], [ -7.29263339683226, 54.444689874846077 ] ] ], [ [ [ -7.308023595051858, 54.444284053541352 ], [ -7.31218287732399, 54.445061582024209 ], [ -7.309122164131073, 54.445654678118849 ], [ -7.304031461179838, 54.445634638846521 ], [ -7.308023595051858, 54.444284053541352 ] ] ], [ [ [ -7.336410962082733, 54.463687690122185 ], [ -7.335331155859019, 54.461251166939206 ], [ -7.337936685013132, 54.462548448409656 ], [ -7.336410962082733, 54.463687690122185 ] ] ], [ [ [ -7.228485676351671, 54.496948799184189 ], [ -7.237537671186608, 54.499394015423853 ], [ -7.226537372190722, 54.501385736089262 ], [ -7.228485676351671, 54.496948799184189 ] ] ], [ [ [ -7.343490280537345, 54.501033859330441 ], [ -7.341952078857366, 54.501767179809654 ], [ -7.338572329349466, 54.499738390676995 ], [ -7.343490280537345, 54.501033859330441 ] ] ], [ [ [ -7.23736165516973, 54.562762783653817 ], [ -7.234458582560504, 54.565324597420584 ], [ -7.2322936445402, 54.564041517816584 ], [ -7.234426949349253, 54.562453053323459 ], [ -7.23736165516973, 54.562762783653817 ] ] ], [ [ [ -7.228361336255591, 54.60889650598785 ], [ -7.226092909659951, 54.610206653525672 ], [ -7.227983552552474, 54.605858374275549 ], [ -7.228361336255591, 54.60889650598785 ] ] ], [ [ [ -7.30319258195743, 54.640726875670353 ], [ -7.309709585831232, 54.638838228355702 ], [ -7.311164210739538, 54.642846568576587 ], [ -7.30319258195743, 54.640726875670353 ] ] ], [ [ [ -7.28521685204618, 54.682870302287711 ], [ -7.288815809054427, 54.684570179859762 ], [ -7.284335005088998, 54.684887350608051 ], [ -7.28521685204618, 54.682870302287711 ] ] ], [ [ [ -7.342032199999118, 54.688379635217863 ], [ -7.343799916136712, 54.688786219706344 ], [ -7.340162224459461, 54.692727605783418 ], [ -7.342032199999118, 54.688379635217863 ] ] ], [ [ [ -7.325753721486239, 54.701969952118333 ], [ -7.324237536776551, 54.703449966038015 ], [ -7.321994371948676, 54.700950283332396 ], [ -7.325753721486239, 54.701969952118333 ] ] ], [ [ [ -7.253321644383129, 54.706872068856967 ], [ -7.249391955371218, 54.708455409150986 ], [ -7.251641757675336, 54.705328568576434 ], [ -7.253321644383129, 54.706872068856967 ] ] ], [ [ [ -7.236452508360284, 54.713221500273384 ], [ -7.238613740142661, 54.713807779703011 ], [ -7.238319604939616, 54.715172020327067 ], [ -7.234615323793505, 54.714473424484467 ], [ -7.236452508360284, 54.713221500273384 ] ] ], [ [ [ -7.26270081147003, 54.720308457039216 ], [ -7.2679700619109, 54.721695738002609 ], [ -7.262280545576482, 54.722666040533852 ], [ -7.26270081147003, 54.720308457039216 ] ] ], [ [ [ -7.280381851996895, 54.721574538815553 ], [ -7.282704005613831, 54.723035031216263 ], [ -7.279843625823687, 54.722310419090064 ], [ -7.280381851996895, 54.721574538815553 ] ] ], [ [ [ -7.257947274697154, 54.725669344482277 ], [ -7.258677831942149, 54.725853478947819 ], [ -7.25648739162324, 54.727988966380103 ], [ -7.255603322658367, 54.725475306013422 ], [ -7.257947274697154, 54.725669344482277 ] ] ], [ [ [ -7.355804975842157, 54.736225937231808 ], [ -7.355817386048658, 54.736724300581912 ], [ -7.351382918720817, 54.736927635166403 ], [ -7.352787071955075, 54.734605076563177 ], [ -7.355804975842157, 54.736225937231808 ] ] ], [ [ [ -7.317611921281833, 54.748657323826741 ], [ -7.320599473502821, 54.748013578345734 ], [ -7.322214867342485, 54.749304589710547 ], [ -7.3184021709976, 54.75029749598955 ], [ -7.317611921281833, 54.748657323826741 ] ] ], [ [ [ -7.299022416567092, 54.755779596068727 ], [ -7.299343060023674, 54.755200716728488 ], [ -7.303107479709034, 54.758052331811349 ], [ -7.299022416567092, 54.755779596068727 ] ] ], [ [ [ -7.341603916571787, 54.758851169960977 ], [ -7.339106087744187, 54.76089635005863 ], [ -7.338890633832839, 54.757302543353539 ], [ -7.341603916571787, 54.758851169960977 ] ] ], [ [ [ -7.278534692301782, 54.763462087070778 ], [ -7.275525955731724, 54.764582816860219 ], [ -7.275917862386483, 54.762467442446756 ], [ -7.278534692301782, 54.763462087070778 ] ] ], [ [ [ -7.2665393592305, 54.785957460552318 ], [ -7.267243068601188, 54.787012661047093 ], [ -7.2621023156664, 54.787373458072722 ], [ -7.2665393592305, 54.785957460552318 ] ] ], [ [ [ -7.355168873099233, 54.796163321328201 ], [ -7.355808359189032, 54.793858922971339 ], [ -7.35884577698799, 54.795377847450951 ], [ -7.355168873099233, 54.796163321328201 ] ] ], [ [ [ -7.243725870738501, 54.804663132371289 ], [ -7.241891065583604, 54.806202990725041 ], [ -7.242354951478449, 54.803589030263474 ], [ -7.243725870738501, 54.804663132371289 ] ] ], [ [ [ -7.262943793615378, 54.818319080085168 ], [ -7.265058821790574, 54.819265661716635 ], [ -7.262145622103185, 54.821097350040979 ], [ -7.260458042711449, 54.819018994979906 ], [ -7.262943793615378, 54.818319080085168 ] ] ], [ [ [ -7.274007018298055, 54.824325102999161 ], [ -7.272358288554853, 54.822651033665963 ], [ -7.273867260554288, 54.821330515438113 ], [ -7.276700161858859, 54.824398760952199 ], [ -7.274007018298055, 54.824325102999161 ] ] ], [ [ [ -7.341499813101461, 54.82758250854603 ], [ -7.341995734623338, 54.825860704036444 ], [ -7.346767139015894, 54.825918614578228 ], [ -7.341499813101461, 54.82758250854603 ] ] ], [ [ [ -7.34998149126178, 54.826161870796696 ], [ -7.345906547105638, 54.828054019109977 ], [ -7.347904614641968, 54.826078155908235 ], [ -7.34998149126178, 54.826161870796696 ] ] ], [ [ [ -7.313039875120946, 54.8275848728602 ], [ -7.311713477479067, 54.829324068212607 ], [ -7.308950746462282, 54.829375441594436 ], [ -7.310535200399563, 54.827708230362177 ], [ -7.313039875120946, 54.8275848728602 ] ] ], [ [ [ -7.316816895459599, 54.833253297710876 ], [ -7.318059905869298, 54.834565339816912 ], [ -7.316312980042929, 54.834394701458571 ], [ -7.311038852604536, 54.834677745417622 ], [ -7.316816895459599, 54.833253297710876 ] ] ], [ [ [ -7.313862084622008, 54.838205810887317 ], [ -7.317494787972968, 54.836484389329328 ], [ -7.316879453438204, 54.839053157622892 ], [ -7.313862084622008, 54.838205810887317 ] ] ], [ [ [ -7.342284119291858, 54.838511864941914 ], [ -7.341493981805593, 54.840624083470786 ], [ -7.339388996428536, 54.838171353490182 ], [ -7.342284119291858, 54.838511864941914 ] ] ], [ [ [ -7.300875867201005, 54.844291176413478 ], [ -7.302849959404918, 54.844196790086336 ], [ -7.300153851646229, 54.846438096350191 ], [ -7.300875867201005, 54.844291176413478 ] ] ], [ [ [ -7.265993034871286, 54.845908693179794 ], [ -7.263304936102961, 54.847211141439715 ], [ -7.260895971585505, 54.846247033449956 ], [ -7.262954829798909, 54.844562694082128 ], [ -7.265993034871286, 54.845908693179794 ] ] ], [ [ [ -7.285500155267261, 54.848041513842084 ], [ -7.28244940613788, 54.849662967578091 ], [ -7.283415836326267, 54.848401850248329 ], [ -7.285500155267261, 54.848041513842084 ] ] ], [ [ [ -7.269326937120876, 54.854284416209246 ], [ -7.271023116739994, 54.854704130312442 ], [ -7.265795460982976, 54.856616923965738 ], [ -7.269326937120876, 54.854284416209246 ] ] ], [ [ [ -7.260664035176798, 54.865892096119737 ], [ -7.259368561764782, 54.867697356275414 ], [ -7.256675186048523, 54.86859907683337 ], [ -7.259025424922499, 54.865696566380095 ], [ -7.260664035176798, 54.865892096119737 ] ] ], [ [ [ -7.23724806540345, 54.869294628812483 ], [ -7.242267688057666, 54.86819427006408 ], [ -7.240532386617723, 54.86899661134975 ], [ -7.23724806540345, 54.869294628812483 ] ] ], [ [ [ -7.2493607003215, 54.87116240388081 ], [ -7.254985416236964, 54.871496999465556 ], [ -7.253554745981075, 54.872907920502854 ], [ -7.2493607003215, 54.87116240388081 ] ] ], [ [ [ -7.240511131562883, 54.875947357180301 ], [ -7.245440654555448, 54.8743184773979 ], [ -7.240610321632249, 54.876279640124956 ], [ -7.240511131562883, 54.875947357180301 ] ] ], [ [ [ -7.264095016579426, 54.87935858236483 ], [ -7.269447753433383, 54.879647209851115 ], [ -7.26543602089887, 54.881225757897589 ], [ -7.265300003386372, 54.881036371056936 ], [ -7.264415017249141, 54.883461295912781 ], [ -7.261795580313334, 54.881893866187639 ], [ -7.265249796469488, 54.880966464401588 ], [ -7.264095016579426, 54.87935858236483 ] ] ], [ [ [ -7.266304231622938, 54.882562169984226 ], [ -7.26543602089887, 54.881225757897589 ], [ -7.270559722581953, 54.881599686223353 ], [ -7.266304231622938, 54.882562169984226 ] ] ], [ [ [ -7.269756568254561, 54.892288639080036 ], [ -7.268776768975766, 54.892433839674368 ], [ -7.266538543541729, 54.8916273302018 ], [ -7.26906457731753, 54.889885286048447 ], [ -7.269756568254561, 54.892288639080036 ] ] ], [ [ [ -7.279506339047289, 54.891342095068843 ], [ -7.28302450711507, 54.890357034603177 ], [ -7.283275545910501, 54.89252808273752 ], [ -7.279506339047289, 54.891342095068843 ] ] ], [ [ [ -7.287579063254915, 54.890686362498968 ], [ -7.284482481281983, 54.893092883805856 ], [ -7.285113189586494, 54.889842337369579 ], [ -7.287579063254915, 54.890686362498968 ] ] ], [ [ [ -7.27305116537605, 54.891481794039095 ], [ -7.271713971587833, 54.892478007270945 ], [ -7.269515804343078, 54.890549795243253 ], [ -7.27305116537605, 54.891481794039095 ] ] ], [ [ [ -7.263130538910948, 54.893768636236466 ], [ -7.262550124587626, 54.892421843325288 ], [ -7.266635950088873, 54.892200862463895 ], [ -7.263130538910948, 54.893768636236466 ] ] ], [ [ [ -7.357084511439034, 54.898742101724558 ], [ -7.35889626643776, 54.90118570875341 ], [ -7.354642590657611, 54.900919073523255 ], [ -7.357084511439034, 54.898742101724558 ] ] ], [ [ [ -7.266583003476756, 54.904876246744173 ], [ -7.266346905752165, 54.903530517264116 ], [ -7.271338217750354, 54.903118539045387 ], [ -7.266583003476756, 54.904876246744173 ] ] ], [ [ [ -7.316725712514564, 54.919640257297687 ], [ -7.318417904252795, 54.91829117106581 ], [ -7.322374544877147, 54.918119573507738 ], [ -7.316725712514564, 54.919640257297687 ] ] ], [ [ [ -7.320021527851397, 54.922559767561808 ], [ -7.32844194060122, 54.924368318400916 ], [ -7.324489580635815, 54.92410482797996 ], [ -7.320021527851397, 54.922559767561808 ] ] ], [ [ [ -7.303805691524311, 54.927227562604841 ], [ -7.301340047736996, 54.929011144758519 ], [ -7.299621125824084, 54.927814291000871 ], [ -7.303805691524311, 54.927227562604841 ] ] ], [ [ [ -7.306811798891617, 54.928730584899697 ], [ -7.304620179106214, 54.93011227812724 ], [ -7.304662027266923, 54.927945084437958 ], [ -7.306811798891617, 54.928730584899697 ] ] ], [ [ [ -7.34678691455737, 54.945971118872421 ], [ -7.348213861660727, 54.944527851500858 ], [ -7.352525093888421, 54.943303228346629 ], [ -7.34678691455737, 54.945971118872421 ] ] ], [ [ [ -7.269597005017829, 54.960308329018297 ], [ -7.26852370076256, 54.95910345972294 ], [ -7.273627288668661, 54.955729413870642 ], [ -7.274677852266913, 54.958851608953843 ], [ -7.269597005017829, 54.960308329018297 ] ] ], [ [ [ -7.229303987163359, 54.970696148099123 ], [ -7.233629667280643, 54.968606670298172 ], [ -7.236508301939345, 54.968712192609637 ], [ -7.231979261893827, 54.971546441376084 ], [ -7.229303987163359, 54.970696148099123 ] ] ], [ [ [ -7.271770216769732, 54.974916219198818 ], [ -7.272596732006712, 54.972133384064868 ], [ -7.275863521372861, 54.972987056871837 ], [ -7.271770216769732, 54.974916219198818 ] ] ], [ [ [ -7.271479155226006, 54.975514763026439 ], [ -7.275863521372861, 54.972987056871837 ], [ -7.279628050077204, 54.974745338133822 ], [ -7.271479155226006, 54.975514763026439 ] ] ], [ [ [ -7.255882584451515, 54.997017977569136 ], [ -7.257669119378106, 54.993455014942569 ], [ -7.261322927877676, 54.995179004325593 ], [ -7.259194405812128, 54.997088108217007 ], [ -7.255882584451515, 54.997017977569136 ] ] ], [ [ [ -7.263504846249852, 54.998381230910653 ], [ -7.25999198969725, 54.99708672142814 ], [ -7.263903480903569, 54.995913274289613 ], [ -7.263504846249852, 54.998381230910653 ] ] ], [ [ [ -7.25946615705855, 54.999299784752353 ], [ -7.261182575364882, 55.001248973795356 ], [ -7.256791866136694, 54.999235618910362 ], [ -7.259194405812128, 54.997088108217007 ], [ -7.25946615705855, 54.999299784752353 ] ] ], [ [ [ -7.347500689963806, 55.029729184494947 ], [ -7.353181317012359, 55.031145091666389 ], [ -7.348668168212788, 55.030569912449351 ], [ -7.347500689963806, 55.029729184494947 ] ] ], [ [ [ -7.229665561198574, 55.030256676508792 ], [ -7.229742782453561, 55.03145310063671 ], [ -7.225244775655704, 55.031708187508535 ], [ -7.226097123453257, 55.029804695858623 ], [ -7.229665561198574, 55.030256676508792 ] ] ], [ [ [ -7.111556486861132, 54.379369954415829 ], [ -7.112457491933509, 54.37949459498806 ], [ -7.113017606114031, 54.38163386599787 ], [ -7.109519799522216, 54.382610575848247 ], [ -7.111556486861132, 54.379369954415829 ] ] ], [ [ [ -7.227732296773442, 54.382896685255268 ], [ -7.22479294104805, 54.38571916608872 ], [ -7.227027151528276, 54.382502359493728 ], [ -7.227732296773442, 54.382896685255268 ] ] ], [ [ [ -7.117156955781379, 54.387603092251211 ], [ -7.11760713198852, 54.386252173269703 ], [ -7.121187506212292, 54.386637433179814 ], [ -7.117156955781379, 54.387603092251211 ] ] ], [ [ [ -7.144986165382389, 54.394977097070729 ], [ -7.145000099748421, 54.396207023760503 ], [ -7.1417713573534, 54.396072514502229 ], [ -7.144986165382389, 54.394977097070729 ] ] ], [ [ [ -7.132279748300072, 54.403151159888075 ], [ -7.138094905645548, 54.404884314743278 ], [ -7.132604909994616, 54.404268525789348 ], [ -7.132279748300072, 54.403151159888075 ] ] ], [ [ [ -7.134733942472424, 54.444035104004278 ], [ -7.134237235381941, 54.445861419706233 ], [ -7.13066463051677, 54.444537950825456 ], [ -7.132721853095442, 54.443857099355846 ], [ -7.134733942472424, 54.444035104004278 ] ] ], [ [ [ -7.080935384023514, 54.454297318306793 ], [ -7.082393216752657, 54.455593443548793 ], [ -7.078400925616807, 54.457304543495766 ], [ -7.07636185015317, 54.456153790606351 ], [ -7.080935384023514, 54.454297318306793 ] ] ], [ [ [ -6.967004062605869, 54.490074626292596 ], [ -6.969053530396283, 54.491649171391437 ], [ -6.967146289021303, 54.493532246258226 ], [ -6.967004062605869, 54.490074626292596 ] ] ], [ [ [ -7.221984043549278, 54.497784620070554 ], [ -7.22142775428604, 54.496428044535222 ], [ -7.226617042002069, 54.498970392408779 ], [ -7.221984043549278, 54.497784620070554 ] ] ], [ [ [ -6.961945237215126, 54.530349147523545 ], [ -6.958778590187315, 54.530087526963591 ], [ -6.964495514254906, 54.529109730579265 ], [ -6.961945237215126, 54.530349147523545 ] ] ], [ [ [ -7.020145889426351, 54.53948853944236 ], [ -7.020224294705241, 54.5376934783731 ], [ -7.022558978876491, 54.539966968114214 ], [ -7.020145889426351, 54.53948853944236 ] ] ], [ [ [ -6.963632368386071, 54.561774224596235 ], [ -6.96596209175594, 54.562522674231232 ], [ -6.963837797605906, 54.564262539514793 ], [ -6.963632368386071, 54.561774224596235 ] ] ], [ [ [ -7.223352592147324, 54.569816806159999 ], [ -7.221710331283227, 54.570000473637151 ], [ -7.219165951735055, 54.567668305715138 ], [ -7.222483557680728, 54.568450452133128 ], [ -7.223352592147324, 54.569816806159999 ] ] ], [ [ [ -7.00122862299057, 54.571274255590296 ], [ -7.000009206193267, 54.571301553018763 ], [ -7.001567615109338, 54.568006573897947 ], [ -7.00122862299057, 54.571274255590296 ] ] ], [ [ [ -6.996134810570631, 54.580227443143087 ], [ -7.001687671171933, 54.581514757438626 ], [ -7.000844255399861, 54.582157443315012 ], [ -6.996134810570631, 54.580227443143087 ] ] ], [ [ [ -6.967414069503267, 54.59066134593234 ], [ -6.96621548463511, 54.591182738119464 ], [ -6.964824108078602, 54.588009126815315 ], [ -6.966843173922149, 54.588138748685068 ], [ -6.967414069503267, 54.59066134593234 ] ] ], [ [ [ -7.224073307327304, 54.604671875427805 ], [ -7.220923153775155, 54.607266637117363 ], [ -7.220216964081729, 54.605160315425124 ], [ -7.224073307327304, 54.604671875427805 ] ] ], [ [ [ -6.998083083176299, 54.608451984388374 ], [ -6.999401959453076, 54.610978287217726 ], [ -6.997047642190794, 54.610060445555661 ], [ -6.998083083176299, 54.608451984388374 ] ] ], [ [ [ -7.144930304129282, 54.613159848663713 ], [ -7.144071668487783, 54.614119176335485 ], [ -7.141624459174266, 54.610578925228616 ], [ -7.144930304129282, 54.613159848663713 ] ] ], [ [ [ -6.871645122834086, 54.613319744425318 ], [ -6.870886389319693, 54.615525684563167 ], [ -6.869863541300077, 54.612787747312026 ], [ -6.871645122834086, 54.613319744425318 ] ] ], [ [ [ -7.016749780065102, 54.616690251050755 ], [ -7.014833648445089, 54.616226212558324 ], [ -7.016089025335191, 54.614071293266768 ], [ -7.019549363317921, 54.614417242731321 ], [ -7.016749780065102, 54.616690251050755 ] ] ], [ [ [ -6.978826896880839, 54.616769083441469 ], [ -6.982537550299648, 54.616946497449447 ], [ -6.97958482843001, 54.617640323670258 ], [ -6.978826896880839, 54.616769083441469 ] ] ], [ [ [ -7.007894148036664, 54.628046831427469 ], [ -7.006429764602922, 54.628393307708855 ], [ -7.001109377260387, 54.626838302920092 ], [ -7.004808799547687, 54.626213555925219 ], [ -7.007894148036664, 54.628046831427469 ] ] ], [ [ [ -6.981987982762063, 54.627867830359527 ], [ -6.97693136379519, 54.628423507754917 ], [ -6.977494213721021, 54.626212605609503 ], [ -6.981987982762063, 54.627867830359527 ] ] ], [ [ [ -7.016756768927478, 54.629772016490826 ], [ -7.012268938494786, 54.63072459166694 ], [ -7.015473223461558, 54.628283897621692 ], [ -7.016756768927478, 54.629772016490826 ] ] ], [ [ [ -6.954852440151562, 54.632749815413923 ], [ -6.954768053220852, 54.630365164395783 ], [ -6.957990540101379, 54.632548718267785 ], [ -6.954852440151562, 54.632749815413923 ] ] ], [ [ [ -7.110603116641956, 54.635922154901202 ], [ -7.105924682358189, 54.637400920022181 ], [ -7.105418079473659, 54.636602623684773 ], [ -7.110603116641956, 54.635922154901202 ] ] ], [ [ [ -7.0606379755384, 54.64018108712456 ], [ -7.062454079272211, 54.642026922102886 ], [ -7.057848197451493, 54.640262688283855 ], [ -7.0606379755384, 54.64018108712456 ] ] ], [ [ [ -7.107781681603146, 54.640808984593576 ], [ -7.11058639677634, 54.640345826956441 ], [ -7.110582150541585, 54.642341522710943 ], [ -7.107781681603146, 54.640808984593576 ] ] ], [ [ [ -6.875401129039191, 54.647456772675781 ], [ -6.878183056198436, 54.649115603573627 ], [ -6.87513247466484, 54.649738447269065 ], [ -6.875401129039191, 54.647456772675781 ] ] ], [ [ [ -7.078465673858786, 54.651347455612665 ], [ -7.079989000401638, 54.650437950715151 ], [ -7.083987177836763, 54.651286980886674 ], [ -7.078465673858786, 54.651347455612665 ] ] ], [ [ [ -6.945775083361059, 54.650769387758373 ], [ -6.949068244782637, 54.651640900258577 ], [ -6.946664130580294, 54.653269199624908 ], [ -6.943956105308435, 54.652155956465506 ], [ -6.945775083361059, 54.650769387758373 ] ] ], [ [ [ -6.985890046560692, 54.654434002041057 ], [ -6.986268966784875, 54.653630550102235 ], [ -6.988680901633235, 54.652012757012756 ], [ -6.98887344164025, 54.654371004916264 ], [ -6.985890046560692, 54.654434002041057 ] ] ], [ [ [ -6.958621092492765, 54.662586244761954 ], [ -6.95658903581345, 54.663080631241392 ], [ -6.954433760385668, 54.662523032347323 ], [ -6.957789655122638, 54.660422849246125 ], [ -6.958621092492765, 54.662586244761954 ] ] ], [ [ [ -6.900237651176532, 54.662222666797234 ], [ -6.901974061146405, 54.663677357713922 ], [ -6.899861788720914, 54.664467125882432 ], [ -6.900237651176532, 54.662222666797234 ] ] ], [ [ [ -6.876762518428911, 54.662212421482764 ], [ -6.879641286244157, 54.663056432615249 ], [ -6.877867919826555, 54.66476885884245 ], [ -6.876185597499459, 54.662135321798118 ], [ -6.876762518428911, 54.662212421482764 ] ] ], [ [ [ -6.892176217329801, 54.662656691074801 ], [ -6.896462244853391, 54.662994018179994 ], [ -6.8926948976226, 54.66475862344916 ], [ -6.892176217329801, 54.662656691074801 ] ] ], [ [ [ -7.037586234591011, 54.665598797981559 ], [ -7.039492058159422, 54.662555660038436 ], [ -7.040550492222723, 54.66644258727424 ], [ -7.037586234591011, 54.665598797981559 ] ] ], [ [ [ -7.112624983678357, 54.668592125688491 ], [ -7.11146785401463, 54.669133818613702 ], [ -7.107461163204866, 54.667445309409757 ], [ -7.112624983678357, 54.668592125688491 ] ] ], [ [ [ -6.872350903062433, 54.674987845479087 ], [ -6.868793906819477, 54.672912738542685 ], [ -6.872895555965939, 54.674161583589502 ], [ -6.872350903062433, 54.674987845479087 ] ] ], [ [ [ -6.936732414207015, 54.675717442775245 ], [ -6.93760135748155, 54.675481430465929 ], [ -6.938605368681232, 54.67820629333621 ], [ -6.936732414207015, 54.675717442775245 ] ] ], [ [ [ -7.196266733324616, 54.704062605211568 ], [ -7.195460882041738, 54.702496268911126 ], [ -7.200837987552458, 54.701712642150639 ], [ -7.198240539778543, 54.704318760354617 ], [ -7.196266733324616, 54.704062605211568 ] ] ], [ [ [ -7.083755538058391, 54.705971958298427 ], [ -7.084122210450129, 54.704606567772359 ], [ -7.0880714079856, 54.706356151857015 ], [ -7.083755538058391, 54.705971958298427 ] ] ], [ [ [ -6.88357328227364, 54.779966483611034 ], [ -6.881257850374383, 54.779532703803 ], [ -6.883662724423026, 54.778120646193656 ], [ -6.886732048898116, 54.780180569714695 ], [ -6.88357328227364, 54.779966483611034 ] ] ], [ [ [ -7.007274358319486, 54.786560429363149 ], [ -7.006351176174578, 54.782909570883525 ], [ -7.009623223186187, 54.786288744928342 ], [ -7.007274358319486, 54.786560429363149 ] ] ], [ [ [ -6.973118632198395, 54.794020116377197 ], [ -6.970343577832205, 54.793098262224632 ], [ -6.973173284628843, 54.791864587067472 ], [ -6.973118632198395, 54.794020116377197 ] ] ], [ [ [ -7.220529474382611, 54.815223665039568 ], [ -7.218303822168726, 54.814589556440666 ], [ -7.224374225915491, 54.809403470106595 ], [ -7.225643830581977, 54.812337875135398 ], [ -7.220529474382611, 54.815223665039568 ] ] ], [ [ [ -7.20768569366393, 54.819753661026184 ], [ -7.212049208545833, 54.819361709740022 ], [ -7.212747105702128, 54.82182184933054 ], [ -7.21045488012197, 54.821343287419673 ], [ -7.20768569366393, 54.819753661026184 ] ] ], [ [ [ -7.130063852343605, 54.84605081087723 ], [ -7.125042937959825, 54.849343167953698 ], [ -7.120560875310137, 54.849204552208157 ], [ -7.130063852343605, 54.84605081087723 ] ] ], [ [ [ -7.158922946271573, 54.882898603338198 ], [ -7.161824379008254, 54.88250403620161 ], [ -7.161110376961632, 54.884812517484654 ], [ -7.158922946271573, 54.882898603338198 ] ] ], [ [ [ -7.219380033707682, 54.890895272634872 ], [ -7.214840602402703, 54.893932798039543 ], [ -7.215573994622092, 54.889352583420823 ], [ -7.219380033707682, 54.890895272634872 ] ] ], [ [ [ -7.192065714810478, 54.890994173806227 ], [ -7.193015985563756, 54.892878858125968 ], [ -7.189520213912956, 54.891597962956901 ], [ -7.192065714810478, 54.890994173806227 ] ] ], [ [ [ -7.082736896920492, 54.892670917134595 ], [ -7.082915771113565, 54.892663756519809 ], [ -7.08291824810529, 54.892672235467266 ], [ -7.082736896920492, 54.892670917134595 ] ] ], [ [ [ -7.075499248721322, 54.892006015681872 ], [ -7.082674398817903, 54.892673418487931 ], [ -7.081937646820257, 54.893356251945157 ], [ -7.075499248721322, 54.892006015681872 ] ] ], [ [ [ -7.143822868241148, 54.892403949655176 ], [ -7.148191302569697, 54.893299976048361 ], [ -7.146199123443093, 54.895635732259038 ], [ -7.143822868241148, 54.892403949655176 ] ] ], [ [ [ -7.053503024934348, 54.894911213980613 ], [ -7.056621024962631, 54.893127289492647 ], [ -7.05690203228276, 54.895710433056244 ], [ -7.053503024934348, 54.894911213980613 ] ] ], [ [ [ -7.072654858975731, 54.897380998859241 ], [ -7.068545835962834, 54.899118120043468 ], [ -7.066876877887387, 54.897667975629979 ], [ -7.072654858975731, 54.897380998859241 ] ] ], [ [ [ -7.129617636887094, 54.945787731504879 ], [ -7.125302873844544, 54.945180120037826 ], [ -7.126039838455172, 54.943892660179372 ], [ -7.129617636887094, 54.945787731504879 ] ] ], [ [ [ -7.222690460105097, 54.965326476735157 ], [ -7.228165290305702, 54.966134752053776 ], [ -7.224955519642354, 54.966142004334444 ], [ -7.222690460105097, 54.965326476735157 ] ] ], [ [ [ -7.003695328580196, 54.971422664606145 ], [ -7.004005403022268, 54.973401467970035 ], [ -7.000487187131044, 54.971872241731674 ], [ -7.003695328580196, 54.971422664606145 ] ] ], [ [ [ -7.113470639239544, 54.973001713541059 ], [ -7.114740611982876, 54.974861681323603 ], [ -7.111759858328316, 54.976106288579544 ], [ -7.110189326630612, 54.973878952672059 ], [ -7.113470639239544, 54.973001713541059 ] ] ], [ [ [ -7.112024919158787, 54.995584350958282 ], [ -7.108508206900652, 54.996289774421896 ], [ -7.10554180624717, 54.994812820833218 ], [ -7.112024919158787, 54.995584350958282 ] ] ], [ [ [ -7.113124898663794, 54.996801866392687 ], [ -7.11732393553458, 54.995460293456354 ], [ -7.114454477849057, 54.998522014990172 ], [ -7.113124898663794, 54.996801866392687 ] ] ], [ [ [ -7.06526681407495, 55.000633779473397 ], [ -7.072102144062157, 54.998400420608931 ], [ -7.067393804983267, 55.002244881051752 ], [ -7.06526681407495, 55.000633779473397 ] ] ], [ [ [ -7.049874095649584, 55.003771628539056 ], [ -7.046472240993583, 55.006260224947489 ], [ -7.046237439248689, 55.003204188720034 ], [ -7.049874095649584, 55.003771628539056 ] ] ], [ [ [ -7.019710492644249, 55.026952201245436 ], [ -7.020058374233897, 55.031898289474235 ], [ -7.017625557314167, 55.028513046823107 ], [ -7.019710492644249, 55.026952201245436 ] ] ], [ [ [ -7.005368222487458, 55.036402292032506 ], [ -7.003308459880763, 55.034790690024352 ], [ -7.010110324509809, 55.037124246479031 ], [ -7.005368222487458, 55.036402292032506 ] ] ], [ [ [ -7.201566594612745, 55.043033739762969 ], [ -7.202150909202221, 55.041335907398874 ], [ -7.206681700150186, 55.042779428238056 ], [ -7.201566594612745, 55.043033739762969 ] ] ], [ [ [ -7.206883087662533, 55.045858272078213 ], [ -7.201228337163852, 55.046180593269348 ], [ -7.206682309750568, 55.044568236936819 ], [ -7.206883087662533, 55.045858272078213 ] ] ], [ [ [ -7.206759088172291, 55.046380390160188 ], [ -7.211135402357026, 55.04620406793498 ], [ -7.209504291272896, 55.048204901366731 ], [ -7.206759088172291, 55.046380390160188 ] ] ], [ [ [ -6.997984286816894, 55.070420068511936 ], [ -6.999155896664564, 55.073652840986931 ], [ -6.995899367642889, 55.074567749445585 ], [ -6.995775337231656, 55.07125751419629 ], [ -6.997984286816894, 55.070420068511936 ] ] ], [ [ [ -7.003996455509972, 55.072647694204889 ], [ -7.004273093008254, 55.072849163181409 ], [ -7.003876339933831, 55.072694161571931 ], [ -7.003996455509972, 55.072647694204889 ] ] ], [ [ [ -7.004487599381385, 55.073295691644795 ], [ -7.004494832153244, 55.073004498410981 ], [ -7.005059499365521, 55.073465653724043 ], [ -7.004487599381385, 55.073295691644795 ] ] ], [ [ [ -7.002989192859006, 55.079036848703488 ], [ -7.001963031071185, 55.07408797046817 ], [ -7.007935702492142, 55.075775543919512 ], [ -7.004595785434928, 55.075916863497085 ], [ -7.008100815989267, 55.079115677184319 ], [ -7.002989192859006, 55.079036848703488 ] ] ], [ [ [ -6.973920445491865, 55.125904616648704 ], [ -6.973267024581652, 55.127891835382471 ], [ -6.970821320077668, 55.125432628399757 ], [ -6.973920445491865, 55.125904616648704 ] ] ], [ [ [ -6.975801976682962, 55.12551760704298 ], [ -6.982475462743421, 55.126955413794953 ], [ -6.980557203000467, 55.129343795684591 ], [ -6.973845304283522, 55.128016329394683 ], [ -6.975801976682962, 55.12551760704298 ] ] ], [ [ [ -6.973554381507883, 55.128329478102117 ], [ -6.979756366203462, 55.129379053713066 ], [ -6.971745068844172, 55.130222792450766 ], [ -6.971859502323199, 55.129981036778169 ], [ -6.971698606189253, 55.130029949727977 ], [ -6.970694503040772, 55.127375977727532 ], [ -6.973267024581652, 55.127891835382471 ], [ -6.973554381507883, 55.128329478102117 ] ] ], [ [ [ -6.944362390520764, 55.133049843551412 ], [ -6.947836075257166, 55.133604867249581 ], [ -6.946788165350463, 55.13564625318196 ], [ -6.942285235257819, 55.134699735035952 ], [ -6.940293692790174, 55.13228324615514 ], [ -6.944362390520764, 55.133049843551412 ] ] ], [ [ [ -6.971673421395642, 55.133774566984769 ], [ -6.977001432663774, 55.134080039953297 ], [ -6.971477370536476, 55.134627498868404 ], [ -6.971673421395642, 55.133774566984769 ] ] ], [ [ [ -6.888421455035183, 55.136871481128914 ], [ -6.889035101832715, 55.138608515716903 ], [ -6.886024144779503, 55.14280871182293 ], [ -6.886595395726128, 55.138793916971402 ], [ -6.888421455035183, 55.136871481128914 ] ] ], [ [ [ -6.555817776327472, 54.057525651208088 ], [ -6.552264162038101, 54.059517067707922 ], [ -6.548628459783831, 54.054763239973575 ], [ -6.555817776327472, 54.057525651208088 ] ] ], [ [ [ -6.585445658862854, 54.060225910376658 ], [ -6.59024054153034, 54.062376273413584 ], [ -6.588768357334972, 54.062980416209967 ], [ -6.585445658862854, 54.060225910376658 ] ] ], [ [ [ -6.555063472303574, 54.061863500952164 ], [ -6.55348357242567, 54.062986858723505 ], [ -6.54852421755049, 54.060676682613341 ], [ -6.555063472303574, 54.061863500952164 ] ] ], [ [ [ -6.572180990423129, 54.069701251284648 ], [ -6.572738407956938, 54.07154599250434 ], [ -6.569150329822897, 54.070483679640184 ], [ -6.572180990423129, 54.069701251284648 ] ] ], [ [ [ -6.562965308546094, 54.070291638574986 ], [ -6.564505977128946, 54.072029682990888 ], [ -6.561773707214695, 54.071997035701173 ], [ -6.559545687130162, 54.071441101229425 ], [ -6.562965308546094, 54.070291638574986 ] ] ], [ [ [ -6.520680810642394, 54.08338047154723 ], [ -6.517410024304482, 54.08547457560703 ], [ -6.518890062338805, 54.083156760124496 ], [ -6.520680810642394, 54.08338047154723 ] ] ], [ [ [ -6.524830500544665, 54.090110230476668 ], [ -6.519026761082993, 54.090082421841196 ], [ -6.523297864951426, 54.088548075424889 ], [ -6.524830500544665, 54.090110230476668 ] ] ], [ [ [ -6.606455700262949, 54.096877127618868 ], [ -6.607289989124579, 54.099062359557493 ], [ -6.605431721019296, 54.100038453667473 ], [ -6.606455700262949, 54.096877127618868 ] ] ], [ [ [ -6.611963641271998, 54.1148148558785 ], [ -6.611685117311575, 54.116858127156483 ], [ -6.607804300333095, 54.117462195119835 ], [ -6.607942085733405, 54.114853103869123 ], [ -6.611963641271998, 54.1148148558785 ] ] ], [ [ [ -6.786665896912246, 54.247041108543186 ], [ -6.784689613430993, 54.248741878370346 ], [ -6.78372919024448, 54.246283101367744 ], [ -6.786665896912246, 54.247041108543186 ] ] ], [ [ [ -6.786620741319602, 54.247470847687772 ], [ -6.788496715738657, 54.248597104399764 ], [ -6.787837414827999, 54.249648875503823 ], [ -6.785080870238126, 54.249601158543896 ], [ -6.786620741319602, 54.247470847687772 ] ] ], [ [ [ -6.570860643230411, 54.309447165063091 ], [ -6.566522735852567, 54.309582696084249 ], [ -6.569741040205072, 54.308078741861827 ], [ -6.570860643230411, 54.309447165063091 ] ] ], [ [ [ -6.555797701520524, 54.313664471809552 ], [ -6.551633082734113, 54.31183403686007 ], [ -6.555460995254045, 54.312396704944518 ], [ -6.555797701520524, 54.313664471809552 ] ] ], [ [ [ -6.85235165518464, 54.35175357588264 ], [ -6.854020373961319, 54.353469184086087 ], [ -6.849384997685779, 54.354682834219901 ], [ -6.85235165518464, 54.35175357588264 ] ] ], [ [ [ -6.854828533567078, 54.353080385178814 ], [ -6.855185549698104, 54.355816097619361 ], [ -6.851499994894896, 54.355601390423196 ], [ -6.854828533567078, 54.353080385178814 ] ] ], [ [ [ -6.573647707186864, 54.380009765493362 ], [ -6.579075505104766, 54.37874298640056 ], [ -6.574667992187207, 54.380862732551982 ], [ -6.573647707186864, 54.380009765493362 ] ] ], [ [ [ -6.811134724144514, 54.391626812931577 ], [ -6.813049217321598, 54.392687397867697 ], [ -6.809969346511008, 54.394213859644516 ], [ -6.811134724144514, 54.391626812931577 ] ] ], [ [ [ -6.592402362318002, 54.399349589362657 ], [ -6.592025943928159, 54.397778960388393 ], [ -6.594259524497992, 54.397316946726761 ], [ -6.596213806582971, 54.398834485407313 ], [ -6.592402362318002, 54.399349589362657 ] ] ], [ [ [ -6.601694531288651, 54.417012233082033 ], [ -6.608243072926778, 54.417737493140443 ], [ -6.603442080131029, 54.418739386525466 ], [ -6.601694531288651, 54.417012233082033 ] ] ], [ [ [ -6.601580452664868, 54.454164794685852 ], [ -6.599662118472099, 54.456565499568505 ], [ -6.598799301115228, 54.453631014600063 ], [ -6.601580452664868, 54.454164794685852 ] ] ], [ [ [ -6.67642747962956, 54.460753479886932 ], [ -6.675519591525133, 54.462517473822139 ], [ -6.672306633099922, 54.461229647495642 ], [ -6.67642747962956, 54.460753479886932 ] ] ], [ [ [ -6.624623505023965, 54.46264226340643 ], [ -6.626992420658864, 54.464300384389261 ], [ -6.624507676246784, 54.464811168709048 ], [ -6.624623505023965, 54.46264226340643 ] ] ], [ [ [ -6.626758271758018, 54.467167967619062 ], [ -6.623140631764859, 54.466051140057282 ], [ -6.626985988879746, 54.464492430005158 ], [ -6.626758271758018, 54.467167967619062 ] ] ], [ [ [ -6.537687388640456, 54.480651725417275 ], [ -6.533534758426732, 54.481786917338688 ], [ -6.535780974563484, 54.478958998912205 ], [ -6.537687388640456, 54.480651725417275 ] ] ], [ [ [ -6.625862134579759, 54.47926404005036 ], [ -6.630450724477627, 54.48080917687593 ], [ -6.628567866654504, 54.481747489120544 ], [ -6.625862134579759, 54.47926404005036 ] ] ], [ [ [ -6.516283751921485, 54.503283651415003 ], [ -6.517762167691045, 54.50195633620141 ], [ -6.515018124200227, 54.501408550261104 ], [ -6.516345843849304, 54.499017650019191 ], [ -6.517770193246345, 54.501949130892953 ], [ -6.519264429681464, 54.50060761195499 ], [ -6.52049622902476, 54.500776974938375 ], [ -6.516283751921485, 54.503283651415003 ] ] ], [ [ [ -6.66813526078623, 54.500437421689874 ], [ -6.668621597043029, 54.502639260118336 ], [ -6.665352736289829, 54.500895665470622 ], [ -6.66813526078623, 54.500437421689874 ] ] ], [ [ [ -6.624876139133827, 54.504587384499047 ], [ -6.623908134061989, 54.505947353248466 ], [ -6.621065657037053, 54.503060483403459 ], [ -6.623292746809291, 54.503221186585577 ], [ -6.624876139133827, 54.504587384499047 ] ] ], [ [ [ -6.594422063835592, 54.505612310896495 ], [ -6.591304760149971, 54.506474433319674 ], [ -6.59255518813918, 54.503208796509604 ], [ -6.594422063835592, 54.505612310896495 ] ] ], [ [ [ -6.607981735852225, 54.504963000355552 ], [ -6.613704949683482, 54.506044030575033 ], [ -6.611257565213062, 54.506912560768484 ], [ -6.607212682718062, 54.507197829631075 ], [ -6.607981735852225, 54.504963000355552 ] ] ], [ [ [ -6.614761033766669, 54.510025061497004 ], [ -6.611884608590333, 54.510035286480168 ], [ -6.609947980752326, 54.507768362765411 ], [ -6.614761033766669, 54.510025061497004 ] ] ], [ [ [ -6.654591726302197, 54.51033077327196 ], [ -6.653633523732116, 54.511586984203745 ], [ -6.649107256164806, 54.509649818178687 ], [ -6.654591726302197, 54.51033077327196 ] ] ], [ [ [ -6.655178707459486, 54.51051527000341 ], [ -6.659495845154195, 54.514536888519139 ], [ -6.658638592955178, 54.514823052881404 ], [ -6.655178707459486, 54.51051527000341 ] ] ], [ [ [ -6.659597950427303, 54.520098636067104 ], [ -6.660190807362644, 54.521585572804796 ], [ -6.65667322554319, 54.522535526958279 ], [ -6.659597950427303, 54.520098636067104 ] ] ], [ [ [ -6.61283674210735, 54.520990516360889 ], [ -6.611523672134243, 54.522853789544747 ], [ -6.60875389698978, 54.51999256798522 ], [ -6.61283674210735, 54.520990516360889 ] ] ], [ [ [ -6.846278247276647, 54.523093499681444 ], [ -6.843056397478784, 54.523511681535197 ], [ -6.843194327118829, 54.520467064880947 ], [ -6.84405709640663, 54.520296447788809 ], [ -6.847140632308506, 54.521933108298178 ], [ -6.846278247276647, 54.523093499681444 ] ] ], [ [ [ -6.605641022392294, 54.523530767275211 ], [ -6.604580960228445, 54.524328568758094 ], [ -6.60164857271082, 54.52196561923931 ], [ -6.605641022392294, 54.523530767275211 ] ] ], [ [ [ -6.672240636724346, 54.525929236875569 ], [ -6.668858678774193, 54.526747958270761 ], [ -6.665280379561875, 54.525301903413698 ], [ -6.672240636724346, 54.525929236875569 ] ] ], [ [ [ -6.799141716824369, 54.527160753314753 ], [ -6.80104787248831, 54.5279623127688 ], [ -6.79970915231627, 54.530266637782617 ], [ -6.79707904393144, 54.530893681320848 ], [ -6.799141716824369, 54.527160753314753 ] ] ], [ [ [ -6.792717519823044, 54.533507297125986 ], [ -6.794605593595848, 54.534528452671502 ], [ -6.794247384427412, 54.535081769443437 ], [ -6.789382832544696, 54.536453888752774 ], [ -6.792717519823044, 54.533507297125986 ] ] ], [ [ [ -6.811339510649356, 54.534749865939645 ], [ -6.815016382935164, 54.535415267417079 ], [ -6.811590117165355, 54.53616526050029 ], [ -6.809433578338743, 54.535684756697236 ], [ -6.811339510649356, 54.534749865939645 ] ] ], [ [ [ -6.809528522477507, 54.562011260183453 ], [ -6.815240530470655, 54.561344436553021 ], [ -6.809819565974691, 54.562671432701684 ], [ -6.809528522477507, 54.562011260183453 ] ] ], [ [ [ -6.799810868001151, 54.572810912134763 ], [ -6.797054269533995, 54.574155554615203 ], [ -6.795421335001096, 54.572429508242827 ], [ -6.799810868001151, 54.572810912134763 ] ] ], [ [ [ -6.812604800025833, 54.578737915852855 ], [ -6.811699967351714, 54.577962686482913 ], [ -6.8179137458862, 54.579686441890978 ], [ -6.812604800025833, 54.578737915852855 ] ] ], [ [ [ -6.813319338005841, 54.594462864324726 ], [ -6.811292405639843, 54.595131917530693 ], [ -6.807785365347216, 54.593790607703667 ], [ -6.809792380339093, 54.593277192771758 ], [ -6.813319338005841, 54.594462864324726 ] ] ], [ [ [ -6.564960539263152, 54.641284904984893 ], [ -6.562828816567473, 54.641415272985789 ], [ -6.562583651603841, 54.638410286497518 ], [ -6.564960539263152, 54.641284904984893 ] ] ], [ [ [ -6.569467363523605, 54.639050795487336 ], [ -6.573665840535354, 54.639659846412286 ], [ -6.573068404891594, 54.64107833056169 ], [ -6.569467363523605, 54.639050795487336 ] ] ], [ [ [ -6.540542746467428, 54.646380665064214 ], [ -6.536468327048695, 54.64845006464153 ], [ -6.538467952747656, 54.645748835468204 ], [ -6.540542746467428, 54.646380665064214 ] ] ], [ [ [ -6.570300097225018, 54.653779372769094 ], [ -6.56850884086205, 54.654723923889541 ], [ -6.567201013243893, 54.651886242770559 ], [ -6.570300097225018, 54.653779372769094 ] ] ], [ [ [ -6.530647814543314, 54.652168644795935 ], [ -6.532425360696629, 54.654365106335057 ], [ -6.530073462265629, 54.6554611451933 ], [ -6.530647814543314, 54.652168644795935 ] ] ], [ [ [ -6.603053683937863, 54.654609405936668 ], [ -6.60294191992987, 54.656499693681951 ], [ -6.595883535515938, 54.655842076007453 ], [ -6.603053683937863, 54.654609405936668 ] ] ], [ [ [ -6.528304228132255, 54.669234318246545 ], [ -6.526050251062941, 54.668667869127212 ], [ -6.52964918336576, 54.666884398060581 ], [ -6.532657294719212, 54.666052903865904 ], [ -6.532555116582111, 54.669234569820702 ], [ -6.530875516829193, 54.667876194519643 ], [ -6.528304228132255, 54.669234318246545 ] ] ], [ [ [ -6.622305688846565, 54.676269421169636 ], [ -6.619513587747992, 54.676956339409358 ], [ -6.620532093000808, 54.674352076804951 ], [ -6.622305688846565, 54.676269421169636 ] ] ], [ [ [ -6.840459401981264, 54.692209293178983 ], [ -6.838192853060258, 54.692162494507684 ], [ -6.839823284373783, 54.689670705152871 ], [ -6.840459401981264, 54.692209293178983 ] ] ], [ [ [ -6.854004994412477, 54.723719278381324 ], [ -6.856848862944902, 54.72367044057976 ], [ -6.856094372199453, 54.725578716522925 ], [ -6.852278188784411, 54.725440688176498 ], [ -6.854004994412477, 54.723719278381324 ] ] ], [ [ [ -6.528326209867212, 54.723283618957154 ], [ -6.521190924246766, 54.726452838305136 ], [ -6.517594504694357, 54.723366814537272 ], [ -6.523747283274569, 54.724239742215133 ], [ -6.528326209867212, 54.723283618957154 ] ] ], [ [ [ -6.736440368786031, 54.751547398275939 ], [ -6.745604225882525, 54.746423847483129 ], [ -6.745140609682541, 54.753246585077711 ], [ -6.739897807549462, 54.753192208262362 ], [ -6.736440368786031, 54.751547398275939 ] ] ], [ [ [ -6.865431917685147, 54.808169956549342 ], [ -6.871067200244598, 54.806917715100099 ], [ -6.870815409828094, 54.808171188218104 ], [ -6.865431917685147, 54.808169956549342 ] ] ], [ [ [ -6.870317914311165, 54.810826385970742 ], [ -6.870893278245213, 54.813982104686531 ], [ -6.866388042929111, 54.814094058618963 ], [ -6.865527741566456, 54.811448772025024 ], [ -6.870317914311165, 54.810826385970742 ] ] ], [ [ [ -6.556729154783238, 54.863999364616198 ], [ -6.558521469125108, 54.865624339771216 ], [ -6.553977585858915, 54.866180878275557 ], [ -6.556729154783238, 54.863999364616198 ] ] ], [ [ [ -6.555079786047791, 54.86708486533594 ], [ -6.560757490775634, 54.865111846909386 ], [ -6.559954564649858, 54.866709072560958 ], [ -6.555079786047791, 54.86708486533594 ] ] ], [ [ [ -6.5885949046634, 54.867235374575735 ], [ -6.593897023517436, 54.867300218414719 ], [ -6.588917234601674, 54.870473225401931 ], [ -6.5885949046634, 54.867235374575735 ] ] ], [ [ [ -6.593897023517436, 54.867300218414719 ], [ -6.595670685365748, 54.868995068483649 ], [ -6.590043493816271, 54.8721816247334 ], [ -6.593897023517436, 54.867300218414719 ] ] ], [ [ [ -6.559196553273294, 54.897258752431512 ], [ -6.557310313757786, 54.899208788900921 ], [ -6.555002221479842, 54.897297351016086 ], [ -6.557398203706533, 54.896097204608978 ], [ -6.559196553273294, 54.897258752431512 ] ] ], [ [ [ -6.60734688013437, 54.976540235995159 ], [ -6.604159317023378, 54.978202606131255 ], [ -6.602617083497742, 54.976604755490747 ], [ -6.60734688013437, 54.976540235995159 ] ] ], [ [ [ -6.767534221806668, 55.001584427014159 ], [ -6.765998302597811, 55.000087533681587 ], [ -6.770463924865258, 55.002790260816255 ], [ -6.767534221806668, 55.001584427014159 ] ] ], [ [ [ -6.528845801749349, 55.005069389632013 ], [ -6.528700086928547, 55.008417624268006 ], [ -6.525780336040622, 55.009163433091359 ], [ -6.524600002280723, 55.006034436720341 ], [ -6.528845801749349, 55.005069389632013 ] ] ], [ [ [ -6.521295496964259, 55.009094223179964 ], [ -6.526771709815115, 55.011034029549336 ], [ -6.522088414566931, 55.010742020554837 ], [ -6.521295496964259, 55.009094223179964 ] ] ], [ [ [ -6.578801865940007, 55.026472068556153 ], [ -6.57603208940746, 55.026700589555375 ], [ -6.575628423285038, 55.026269357467555 ], [ -6.57729011401304, 55.023497506605302 ], [ -6.578801865940007, 55.026472068556153 ] ] ], [ [ [ -6.767650848624462, 55.052254617933663 ], [ -6.765837400652575, 55.054940483479768 ], [ -6.764640389565145, 55.052631927409095 ], [ -6.767650848624462, 55.052254617933663 ] ] ], [ [ [ -6.596689623959994, 55.057217791699202 ], [ -6.594249435235534, 55.058220435438272 ], [ -6.596188111001848, 55.055769664686579 ], [ -6.596689623959994, 55.057217791699202 ] ] ], [ [ [ -6.642232668922943, 55.080409284749337 ], [ -6.642970922047173, 55.082133553057055 ], [ -6.639162445916629, 55.081640390284406 ], [ -6.642232668922943, 55.080409284749337 ] ] ], [ [ [ -6.52845786710901, 55.087078163218756 ], [ -6.524994331193198, 55.088911207378395 ], [ -6.525067008360661, 55.086140935703092 ], [ -6.52845786710901, 55.087078163218756 ] ] ], [ [ [ -6.591000440020769, 55.095027812725569 ], [ -6.585659153408287, 55.09141741254205 ], [ -6.588866601065162, 55.092406455145323 ], [ -6.591000440020769, 55.095027812725569 ] ] ], [ [ [ -6.519831645914214, 55.098551664258515 ], [ -6.52469384275878, 55.099331675605541 ], [ -6.524777048653017, 55.099675160926765 ], [ -6.519831645914214, 55.098551664258515 ] ] ], [ [ [ -6.523842847579099, 55.102696705275292 ], [ -6.522052924275711, 55.103029859921349 ], [ -6.511878926789632, 55.09989208300513 ], [ -6.522301257344179, 55.100765355774591 ], [ -6.523842847579099, 55.102696705275292 ] ] ], [ [ [ -6.522029365553034, 55.107765465760728 ], [ -6.521100054016824, 55.107244594864802 ], [ -6.522052924275711, 55.103029859921349 ], [ -6.524360850265158, 55.104166613480551 ], [ -6.522029365553034, 55.107765465760728 ] ] ], [ [ [ -6.649888894082392, 55.169882525224388 ], [ -6.654523753869526, 55.171275107894552 ], [ -6.649955483509296, 55.172258426920649 ], [ -6.649888894082392, 55.169882525224388 ] ] ], [ [ [ -6.548284840160724, 55.176869256730065 ], [ -6.547618513123266, 55.17792640389407 ], [ -6.543914877183681, 55.17753579542044 ], [ -6.545487550722292, 55.175304014609566 ], [ -6.548284840160724, 55.176869256730065 ] ] ], [ [ [ -6.585033757384581, 55.199220334440042 ], [ -6.583594799649722, 55.199203627706311 ], [ -6.580416358325073, 55.200253211009901 ], [ -6.582746113940628, 55.197825198985868 ], [ -6.585033757384581, 55.199220334440042 ] ] ], [ [ [ -6.502300327301531, 54.066419191308604 ], [ -6.50542822905417, 54.066180837937431 ], [ -6.505392960619995, 54.067535854570401 ], [ -6.502300327301531, 54.066419191308604 ] ] ], [ [ [ -6.496848243315393, 54.082459285571957 ], [ -6.493754257873237, 54.083725229534643 ], [ -6.490475185938015, 54.082543336738439 ], [ -6.496848243315393, 54.082459285571957 ] ] ], [ [ [ -6.495476992227454, 54.085074760737491 ], [ -6.496821324595262, 54.086322321592327 ], [ -6.494145186014972, 54.087140374729287 ], [ -6.495476992227454, 54.085074760737491 ] ] ], [ [ [ -6.507109178769913, 54.093622999129281 ], [ -6.507971686768538, 54.094494257556839 ], [ -6.506927969589935, 54.096044924148792 ], [ -6.504693622114249, 54.094524708358641 ], [ -6.507109178769913, 54.093622999129281 ] ] ], [ [ [ -6.365821854313348, 54.116995378286809 ], [ -6.369584605193976, 54.118423159776434 ], [ -6.368618035755826, 54.119667952336137 ], [ -6.365821854313348, 54.116995378286809 ] ] ], [ [ [ -6.369584605193976, 54.118423159776434 ], [ -6.37202336294689, 54.118635882995555 ], [ -6.371030301392617, 54.120557661691919 ], [ -6.369584605193976, 54.118423159776434 ] ] ], [ [ [ -6.466668765417428, 54.185949214942582 ], [ -6.463554430530799, 54.188340800748428 ], [ -6.465789220429836, 54.185505427613322 ], [ -6.466668765417428, 54.185949214942582 ] ] ], [ [ [ -6.384487753841687, 54.194894458739924 ], [ -6.381899626423587, 54.195963874536865 ], [ -6.382074328414289, 54.193093066682103 ], [ -6.384487753841687, 54.194894458739924 ] ] ], [ [ [ -6.486842687390366, 54.201110651491696 ], [ -6.490534425916731, 54.199606201329281 ], [ -6.491055922376073, 54.200704681426707 ], [ -6.486842687390366, 54.201110651491696 ] ] ], [ [ [ -6.425245209500333, 54.242203333186083 ], [ -6.422484456031208, 54.24391805572882 ], [ -6.423098132837971, 54.240752474423218 ], [ -6.425245209500333, 54.242203333186083 ] ] ], [ [ [ -6.362927349364615, 54.259124988209727 ], [ -6.365569903808607, 54.263013580831974 ], [ -6.361622646722218, 54.26295382851886 ], [ -6.362927349364615, 54.259124988209727 ] ] ], [ [ [ -6.463412962235792, 54.267817750631188 ], [ -6.468772027670121, 54.268711488301385 ], [ -6.465554896669008, 54.269370951780452 ], [ -6.463767199416839, 54.271078671699648 ], [ -6.463412962235792, 54.267817750631188 ] ] ], [ [ [ -6.341154076014416, 54.273086362968783 ], [ -6.350283945490429, 54.273745349875007 ], [ -6.347009441211847, 54.274171835987332 ], [ -6.341154076014416, 54.273086362968783 ] ] ], [ [ [ -6.358078576990225, 54.281791257124041 ], [ -6.353880784152752, 54.282166913056834 ], [ -6.356174140586611, 54.279757747367306 ], [ -6.358078576990225, 54.281791257124041 ] ] ], [ [ [ -6.357662427719005, 54.281007887397642 ], [ -6.359907442839484, 54.280224933952567 ], [ -6.361367576408328, 54.282643444154822 ], [ -6.357662427719005, 54.281007887397642 ] ] ], [ [ [ -6.352239502198197, 54.290929878270177 ], [ -6.352180859721234, 54.292018366140056 ], [ -6.349559800096854, 54.295175623119803 ], [ -6.346849830716978, 54.293338814257801 ], [ -6.352239502198197, 54.290929878270177 ] ] ], [ [ [ -6.349040171688161, 54.29585234398386 ], [ -6.348641869245942, 54.296221357191968 ], [ -6.348458066530125, 54.295902123544501 ], [ -6.349040171688161, 54.29585234398386 ] ] ], [ [ [ -6.438407753519134, 54.367359693749407 ], [ -6.441849731899938, 54.367413768364543 ], [ -6.435779644153745, 54.369714302372721 ], [ -6.438407753519134, 54.367359693749407 ] ] ], [ [ [ -6.426945213537124, 54.408981432233368 ], [ -6.424289160405499, 54.409357386167628 ], [ -6.424195762209064, 54.406773127307844 ], [ -6.426945213537124, 54.408981432233368 ] ] ], [ [ [ -6.441305837926245, 54.465368287241965 ], [ -6.44586829467593, 54.465494820775817 ], [ -6.444128568983149, 54.46549800653181 ], [ -6.441305837926245, 54.465368287241965 ] ] ], [ [ [ -6.439611283275494, 54.469059626212584 ], [ -6.4466158426033, 54.468996724772211 ], [ -6.44474162426485, 54.470063503084695 ], [ -6.439611283275494, 54.469059626212584 ] ] ], [ [ [ -6.450449702606964, 54.475282127742815 ], [ -6.448323942569446, 54.475561034493076 ], [ -6.44622917218951, 54.47492623528602 ], [ -6.448818594177237, 54.473304410689884 ], [ -6.450449702606964, 54.475282127742815 ] ] ], [ [ [ -6.484211492653129, 54.476008862168378 ], [ -6.480775744108501, 54.477454483835771 ], [ -6.47987208577381, 54.475170312126806 ], [ -6.484211492653129, 54.476008862168378 ] ] ], [ [ [ -6.382841588271432, 54.4816109335748 ], [ -6.385042256992159, 54.482125525853753 ], [ -6.384442655904427, 54.48386710071749 ], [ -6.381491492272268, 54.48391232234254 ], [ -6.382841588271432, 54.4816109335748 ] ] ], [ [ [ -6.495861101343383, 54.482542023313762 ], [ -6.492964433753841, 54.484183104047951 ], [ -6.484702885687637, 54.483485548236381 ], [ -6.495861101343383, 54.482542023313762 ] ] ], [ [ [ -6.385107628558576, 54.485068702105124 ], [ -6.38204168294267, 54.487428058132949 ], [ -6.379688321747773, 54.485665731541346 ], [ -6.385107628558576, 54.485068702105124 ] ] ], [ [ [ -6.46424332941197, 54.486059750100061 ], [ -6.468806959720345, 54.486278652739607 ], [ -6.468182860095137, 54.486732647481503 ], [ -6.460358431875679, 54.487653332532766 ], [ -6.46424332941197, 54.486059750100061 ] ] ], [ [ [ -6.489797587614144, 54.486561500055934 ], [ -6.488335089281867, 54.488683846297917 ], [ -6.485776482760338, 54.489386153169399 ], [ -6.489797587614144, 54.486561500055934 ] ] ], [ [ [ -6.461765827516472, 54.488250151660289 ], [ -6.467535949725629, 54.487598320230482 ], [ -6.460113563054503, 54.489229678402438 ], [ -6.461765827516472, 54.488250151660289 ] ] ], [ [ [ -6.467243173228903, 54.48825007581064 ], [ -6.467113410640722, 54.489110115554602 ], [ -6.460113563054503, 54.489229678402438 ], [ -6.467243173228903, 54.48825007581064 ] ] ], [ [ [ -6.465517298968533, 54.491060559450446 ], [ -6.462006632258895, 54.492529438528173 ], [ -6.462728070118182, 54.489709788394357 ], [ -6.465517298968533, 54.491060559450446 ] ] ], [ [ [ -6.471742821871959, 54.491725099279201 ], [ -6.473322299405265, 54.492861795572722 ], [ -6.471613704587942, 54.494556675360279 ], [ -6.469234891306622, 54.492758247289864 ], [ -6.471742821871959, 54.491725099279201 ] ] ], [ [ [ -6.476531303243889, 54.493724308757216 ], [ -6.476224836653418, 54.496911027412573 ], [ -6.473862368714051, 54.496057712163399 ], [ -6.475261920142984, 54.493487591024554 ], [ -6.476531303243889, 54.493724308757216 ] ] ], [ [ [ -6.481395200853623, 54.501164739045173 ], [ -6.480351507073005, 54.502755853731202 ], [ -6.476152781041565, 54.502476271537354 ], [ -6.481395200853623, 54.501164739045173 ] ] ], [ [ [ -6.338046857481203, 54.511924131038164 ], [ -6.334214660085328, 54.514427947555248 ], [ -6.334145158799422, 54.513954478541521 ], [ -6.338046857481203, 54.511924131038164 ] ] ], [ [ [ -6.481769130719925, 54.759735871919695 ], [ -6.481743711131766, 54.76191330825398 ], [ -6.477739549597656, 54.76175057313587 ], [ -6.480689965464529, 54.75934472316348 ], [ -6.481769130719925, 54.759735871919695 ] ] ], [ [ [ -6.479974840922121, 54.761958923789336 ], [ -6.479484255177341, 54.764939527215596 ], [ -6.476869602662004, 54.764794413126161 ], [ -6.47795145290322, 54.761991574944062 ], [ -6.479974840922121, 54.761958923789336 ] ] ], [ [ [ -6.475267296380754, 54.815843886585156 ], [ -6.472045690895318, 54.813983039036692 ], [ -6.4746175947406, 54.812496572039237 ], [ -6.475267296380754, 54.815843886585156 ] ] ], [ [ [ -6.465048123217368, 54.824122363610641 ], [ -6.464454930414042, 54.825349810562983 ], [ -6.459888538167025, 54.823237703327649 ], [ -6.465048123217368, 54.824122363610641 ] ] ], [ [ [ -6.406304549550712, 54.942599671134651 ], [ -6.405329677804773, 54.943572803721587 ], [ -6.401707802168215, 54.941975696205731 ], [ -6.406304549550712, 54.942599671134651 ] ] ], [ [ [ -6.400243549042732, 54.943477334036487 ], [ -6.398930058254817, 54.942936062705556 ], [ -6.401623257851631, 54.941912632094265 ], [ -6.402430987656047, 54.944069152126445 ], [ -6.400243549042732, 54.943477334036487 ] ] ], [ [ [ -6.42265016525551, 54.950234928618563 ], [ -6.425386432892421, 54.949369502287034 ], [ -6.427199153987353, 54.950728944993919 ], [ -6.42265016525551, 54.950234928618563 ] ] ], [ [ [ -6.426983624010956, 54.955665688985469 ], [ -6.42915021332036, 54.958453771180032 ], [ -6.425472327749533, 54.957223501953194 ], [ -6.426983624010956, 54.955665688985469 ] ] ], [ [ [ -6.353380164664808, 54.959166449836736 ], [ -6.354701077448187, 54.960577599197201 ], [ -6.352539385247625, 54.962725214568763 ], [ -6.349359342267416, 54.961251701844311 ], [ -6.353380164664808, 54.959166449836736 ] ] ], [ [ [ -6.437854569143333, 54.974092943448845 ], [ -6.433150590489425, 54.974571432161397 ], [ -6.437890403432902, 54.973170140591129 ], [ -6.437854569143333, 54.974092943448845 ] ] ], [ [ [ -6.506583561592173, 54.974963812258878 ], [ -6.503310105075502, 54.976788414434537 ], [ -6.501535815913233, 54.975970619844396 ], [ -6.506583561592173, 54.974963812258878 ] ] ], [ [ [ -6.428425453019673, 54.974601529884893 ], [ -6.432390522099428, 54.976891949831092 ], [ -6.429020454782034, 54.977539985140837 ], [ -6.425882791208323, 54.975302792490858 ], [ -6.428425453019673, 54.974601529884893 ] ] ], [ [ [ -6.418532141969234, 54.980832232248737 ], [ -6.410650305258692, 54.980943406278065 ], [ -6.417814916389648, 54.979451899581697 ], [ -6.418532141969234, 54.980832232248737 ] ] ], [ [ [ -6.419400925687943, 54.982668541443232 ], [ -6.413258241648927, 54.983276251871587 ], [ -6.413162859834675, 54.980928538242964 ], [ -6.419038584174606, 54.980907208690319 ], [ -6.419400925687943, 54.982668541443232 ] ] ], [ [ [ -6.410908003189387, 54.983819024133901 ], [ -6.411729690634947, 54.987050353029083 ], [ -6.408897703011431, 54.987552351631948 ], [ -6.405778664621565, 54.984941603526877 ], [ -6.410908003189387, 54.983819024133901 ] ] ], [ [ [ -6.365669994087551, 54.992794755208529 ], [ -6.366245380371964, 54.992066380383655 ], [ -6.368866401811429, 54.994644664110581 ], [ -6.365669994087551, 54.992794755208529 ] ] ], [ [ [ -6.469153355614471, 54.996278985913378 ], [ -6.471384858172587, 54.995900170055421 ], [ -6.471927678545684, 54.998063057047176 ], [ -6.469153355614471, 54.996278985913378 ] ] ], [ [ [ -6.452347193306158, 54.998903757423292 ], [ -6.456810981844939, 54.999944977984818 ], [ -6.452768249786346, 55.000515899803432 ], [ -6.452347193306158, 54.998903757423292 ] ] ], [ [ [ -6.376077954012384, 55.000783927818716 ], [ -6.376802560640126, 55.000792925597992 ], [ -6.378106472455823, 55.004790905016819 ], [ -6.376077954012384, 55.000783927818716 ] ] ], [ [ [ -6.343208329815188, 55.020029781312935 ], [ -6.344724955292349, 55.021278639353973 ], [ -6.340428631146444, 55.022055098300029 ], [ -6.343208329815188, 55.020029781312935 ] ] ], [ [ [ -6.397422813671318, 55.023706345168769 ], [ -6.399473694110274, 55.02534159476491 ], [ -6.395587875534054, 55.024906400926355 ], [ -6.397422813671318, 55.023706345168769 ] ] ], [ [ [ -6.485120126269231, 55.075306797743046 ], [ -6.485322605405574, 55.076006815929851 ], [ -6.481295118080495, 55.076872913937187 ], [ -6.482476554851346, 55.074577687587563 ], [ -6.485120126269231, 55.075306797743046 ] ] ], [ [ [ -6.341302361432361, 55.080410103835639 ], [ -6.340820261997925, 55.079151902771116 ], [ -6.346531339707771, 55.080559932517247 ], [ -6.341302361432361, 55.080410103835639 ] ] ], [ [ [ -6.334720581608506, 55.082458782647322 ], [ -6.335514134098603, 55.081219410121356 ], [ -6.338561007027081, 55.082765577243194 ], [ -6.334720581608506, 55.082458782647322 ] ] ], [ [ [ -6.481366297650048, 55.087102000633642 ], [ -6.479394182086382, 55.087509583061653 ], [ -6.475736197161996, 55.085081736216146 ], [ -6.481366297650048, 55.087102000633642 ] ] ], [ [ [ -6.50780769166272, 55.097727091817035 ], [ -6.50472634887406, 55.099292812404165 ], [ -6.50451479510576, 55.096567837967001 ], [ -6.501954249083662, 55.098443942036234 ], [ -6.503585240969759, 55.095777785543987 ], [ -6.50780769166272, 55.097727091817035 ] ] ], [ [ [ -6.512023901576779, 55.098771916936521 ], [ -6.508452134047102, 55.10020972934084 ], [ -6.50780769166272, 55.097727091817035 ], [ -6.512023901576779, 55.098771916936521 ] ] ], [ [ [ -6.444153399782365, 55.128956746274071 ], [ -6.44793610780491, 55.125538153609462 ], [ -6.451242924101195, 55.124608322203436 ], [ -6.444153399782365, 55.128956746274071 ] ] ], [ [ [ -6.508148283508095, 55.125179606090072 ], [ -6.508794471217643, 55.12428918059468 ], [ -6.510604401569744, 55.129342011140039 ], [ -6.508148283508095, 55.125179606090072 ] ] ], [ [ [ -6.44580734181215, 55.130490077734905 ], [ -6.445596876999658, 55.130963681962776 ], [ -6.441954981059165, 55.129122830934143 ], [ -6.44580734181215, 55.130490077734905 ] ] ], [ [ [ -6.506402246023562, 55.129956895491894 ], [ -6.510629549668536, 55.129854004859475 ], [ -6.505825072482085, 55.131059015300373 ], [ -6.506402246023562, 55.129956895491894 ] ] ], [ [ [ -6.385003375726445, 55.144301652662939 ], [ -6.38839173614273, 55.145628513188591 ], [ -6.386891534651356, 55.146953097866472 ], [ -6.385003375726445, 55.144301652662939 ] ] ], [ [ [ -6.344334112803565, 55.146877319202659 ], [ -6.343409592593193, 55.148708985483019 ], [ -6.341448893254814, 55.14658017000621 ], [ -6.344334112803565, 55.146877319202659 ] ] ], [ [ [ -6.428795863382906, 55.146958580920455 ], [ -6.427075030002483, 55.14872428202834 ], [ -6.424525004879209, 55.148496100325069 ], [ -6.426259680488777, 55.146623513293363 ], [ -6.428795863382906, 55.146958580920455 ] ] ], [ [ [ -6.343217396973594, 55.158044600745882 ], [ -6.347670114488803, 55.159732055631579 ], [ -6.345759923994091, 55.162395158816658 ], [ -6.343217396973594, 55.158044600745882 ] ] ], [ [ [ -6.340769239440061, 55.16229312630955 ], [ -6.340039307370449, 55.162330700418977 ], [ -6.338699129351134, 55.158741222887564 ], [ -6.340769239440061, 55.16229312630955 ] ] ], [ [ [ -6.341205668128089, 55.163648946348516 ], [ -6.340094580889081, 55.163711429255464 ], [ -6.337239909246824, 55.161863392735427 ], [ -6.341205668128089, 55.163648946348516 ] ] ], [ [ [ -6.395032227724522, 55.164406332446653 ], [ -6.397106730662883, 55.166162005863455 ], [ -6.394682732659327, 55.167277306722532 ], [ -6.395032227724522, 55.164406332446653 ] ] ], [ [ [ -6.405402756746368, 55.170011937349337 ], [ -6.409619418789985, 55.17084888608926 ], [ -6.406095623464248, 55.171679198154877 ], [ -6.405402756746368, 55.170011937349337 ] ] ], [ [ [ -6.350349224182392, 55.18058309220077 ], [ -6.353698527511899, 55.180505284037125 ], [ -6.354113684099225, 55.182193818567356 ], [ -6.35077741372553, 55.183879540509785 ], [ -6.350349224182392, 55.18058309220077 ] ] ], [ [ [ -6.396792552976357, 55.181223611036891 ], [ -6.400685608813662, 55.182912378974308 ], [ -6.398803224886322, 55.185863635792323 ], [ -6.39852944700049, 55.183139647175743 ], [ -6.396792552976357, 55.181223611036891 ] ] ], [ [ [ -6.40404700500518, 55.186564925462662 ], [ -6.402529745820455, 55.186903872758272 ], [ -6.399734836754202, 55.186123705610868 ], [ -6.400685608813662, 55.182912378974308 ], [ -6.40404700500518, 55.186564925462662 ] ] ], [ [ [ -6.455220773738513, 55.184569748643042 ], [ -6.459436300047662, 55.18547614108541 ], [ -6.456202489579687, 55.18615971256132 ], [ -6.455220773738513, 55.184569748643042 ] ] ], [ [ [ -6.35242076105877, 55.186647306119504 ], [ -6.345784987393031, 55.187425677584933 ], [ -6.350983800266369, 55.185843677512587 ], [ -6.35242076105877, 55.186647306119504 ] ] ], [ [ [ -6.37701983137806, 55.192787929270011 ], [ -6.380283610822253, 55.193078958446485 ], [ -6.378318797785291, 55.193872009707782 ], [ -6.37701983137806, 55.192787929270011 ] ] ], [ [ [ -6.467236076192791, 55.208756097421606 ], [ -6.470653742458928, 55.213036875610882 ], [ -6.469963643731508, 55.213566308110622 ], [ -6.468436687231866, 55.213036546547634 ], [ -6.467369001143291, 55.215668729860433 ], [ -6.466505922482, 55.213597909144411 ], [ -6.468360608805594, 55.213010151934547 ], [ -6.466266625911582, 55.212283666503517 ], [ -6.467236076192791, 55.208756097421606 ] ] ], [ [ [ -6.195853123079512, 54.162474256845329 ], [ -6.194304604828949, 54.163848337367661 ], [ -6.190876213618249, 54.162086331659111 ], [ -6.195853123079512, 54.162474256845329 ] ] ], [ [ [ -6.249132676201058, 54.212819675550065 ], [ -6.25127218819088, 54.212224075055254 ], [ -6.251898577460847, 54.214692091414456 ], [ -6.249132676201058, 54.212819675550065 ] ] ], [ [ [ -6.10703481120757, 54.250826934533265 ], [ -6.110857578393926, 54.248762924752462 ], [ -6.112898513506224, 54.247280412648507 ], [ -6.109943755187521, 54.251323821004249 ], [ -6.10703481120757, 54.250826934533265 ] ] ], [ [ [ -6.172564941601585, 54.250580436756991 ], [ -6.168930037446152, 54.252430684233005 ], [ -6.172069297079569, 54.249437519316103 ], [ -6.172564941601585, 54.250580436756991 ] ] ], [ [ [ -6.259581035871604, 54.260321114466393 ], [ -6.269966220200843, 54.260555686469665 ], [ -6.264284066357992, 54.262147957971976 ], [ -6.259581035871604, 54.260321114466393 ] ] ], [ [ [ -6.19290752132053, 54.264275310424665 ], [ -6.195550349389871, 54.264935261388338 ], [ -6.193089089888853, 54.265814515180331 ], [ -6.19290752132053, 54.264275310424665 ] ] ], [ [ [ -6.291662207660918, 54.272601349621659 ], [ -6.288455214587152, 54.272746187315256 ], [ -6.289676813575013, 54.271104777076324 ], [ -6.291662207660918, 54.272601349621659 ] ] ], [ [ [ -6.285101994746428, 54.292598819386093 ], [ -6.285616866749, 54.293047474223272 ], [ -6.285607629757011, 54.294902339216371 ], [ -6.28070812587068, 54.294774435551425 ], [ -6.285101994746428, 54.292598819386093 ] ] ], [ [ [ -6.20253404816599, 54.303324756862445 ], [ -6.199328804151567, 54.304620558423068 ], [ -6.201394214642457, 54.30195238641997 ], [ -6.20253404816599, 54.303324756862445 ] ] ], [ [ [ -6.219537162942936, 54.385227681679346 ], [ -6.225816107970966, 54.38516769471665 ], [ -6.219843240527103, 54.385337674021706 ], [ -6.219537162942936, 54.385227681679346 ] ] ], [ [ [ -6.209781682454077, 54.391693122470414 ], [ -6.213163699752853, 54.393033667788501 ], [ -6.210932560012043, 54.394213296045514 ], [ -6.209781682454077, 54.391693122470414 ] ] ], [ [ [ -6.30647689455621, 54.413332701167214 ], [ -6.306008991326105, 54.413762415275393 ], [ -6.303364324602359, 54.41239951954271 ], [ -6.305622751102657, 54.410984707420965 ], [ -6.30647689455621, 54.413332701167214 ] ] ], [ [ [ -6.239087101754635, 54.418011266551169 ], [ -6.236879998807887, 54.419069360765313 ], [ -6.234107954602043, 54.418609459663216 ], [ -6.238075017835674, 54.416987151122051 ], [ -6.239087101754635, 54.418011266551169 ] ] ], [ [ [ -6.260371873264752, 54.433341989465525 ], [ -6.26352511600597, 54.43581025523455 ], [ -6.260389177434898, 54.436358670340802 ], [ -6.260371873264752, 54.433341989465525 ] ] ], [ [ [ -6.113815775515559, 54.46200564238687 ], [ -6.10944509640052, 54.462954645098705 ], [ -6.111858210581183, 54.460538503181731 ], [ -6.115662145386721, 54.458844076014728 ], [ -6.113815775515559, 54.46200564238687 ] ] ], [ [ [ -6.318555845099455, 54.508145289413477 ], [ -6.322378368849886, 54.506397240541979 ], [ -6.323019124242202, 54.508010812796527 ], [ -6.318555845099455, 54.508145289413477 ] ] ], [ [ [ -6.328482795135818, 54.508695922194853 ], [ -6.328345814728892, 54.509136432873305 ], [ -6.321626458493103, 54.509319671344045 ], [ -6.328482795135818, 54.508695922194853 ] ] ], [ [ [ -6.315693915146942, 54.510020882340626 ], [ -6.312415076473488, 54.511497980338376 ], [ -6.309264429704338, 54.511557630209104 ], [ -6.315693915146942, 54.510020882340626 ] ] ], [ [ [ -6.315656245908889, 54.510093754530068 ], [ -6.317880467911569, 54.509122282676067 ], [ -6.318967577268799, 54.510677152896875 ], [ -6.316882256066123, 54.513493720067288 ], [ -6.315656245908889, 54.510093754530068 ] ] ], [ [ [ -6.333862342375006, 54.512175727042582 ], [ -6.332538390322669, 54.514931586582108 ], [ -6.331584279507157, 54.515027906269964 ], [ -6.331492317559518, 54.514679935590976 ], [ -6.329426022620335, 54.514583655174746 ], [ -6.330231136663071, 54.511907601353606 ], [ -6.33074123952497, 54.511837965185123 ], [ -6.333862342375006, 54.512175727042582 ] ] ], [ [ [ -6.331355430937307, 54.519941237706796 ], [ -6.336002980825102, 54.520985629945372 ], [ -6.334616459157221, 54.521485846836178 ], [ -6.331355430937307, 54.519941237706796 ] ] ], [ [ [ -6.277553933476845, 54.541926491872239 ], [ -6.280551958608681, 54.541438341210622 ], [ -6.278191117736236, 54.54329009829884 ], [ -6.277553933476845, 54.541926491872239 ] ] ], [ [ [ -6.316850896395603, 54.542316150530823 ], [ -6.315650895413297, 54.543705431534548 ], [ -6.312562878244462, 54.541897008753295 ], [ -6.314724990161811, 54.541927161819878 ], [ -6.316850896395603, 54.542316150530823 ] ] ], [ [ [ -6.293484549978887, 54.544815227802673 ], [ -6.293033014831583, 54.542032834571593 ], [ -6.295084090512497, 54.541826716465472 ], [ -6.293484549978887, 54.544815227802673 ] ] ], [ [ [ -6.293576269014058, 54.546482182388665 ], [ -6.29010767937821, 54.547986005344754 ], [ -6.291981480583995, 54.545112730468965 ], [ -6.293576269014058, 54.546482182388665 ] ] ], [ [ [ -6.133037779034284, 54.563059731996908 ], [ -6.136660612441013, 54.564728989951497 ], [ -6.129253897768745, 54.564590323482129 ], [ -6.131204471976647, 54.563177466883381 ], [ -6.133037779034284, 54.563059731996908 ] ] ], [ [ [ -6.139597643860731, 54.570874506522436 ], [ -6.142094833044624, 54.572877787029164 ], [ -6.139006854014876, 54.574412914189509 ], [ -6.139597643860731, 54.570874506522436 ] ] ], [ [ [ -6.163963818209756, 54.659707591229669 ], [ -6.162558770185965, 54.661834630966446 ], [ -6.158647619159561, 54.661716313597815 ], [ -6.161341292589573, 54.659068466510583 ], [ -6.163963818209756, 54.659707591229669 ] ] ], [ [ [ -6.176983120644558, 54.661760066929837 ], [ -6.175877500449629, 54.663309634076327 ], [ -6.173813813397045, 54.660548718251057 ], [ -6.176983120644558, 54.661760066929837 ] ] ], [ [ [ -6.1736013350639, 54.663205263529001 ], [ -6.175334024696845, 54.664804968970358 ], [ -6.172595722279393, 54.665464035715736 ], [ -6.1736013350639, 54.663205263529001 ] ] ], [ [ [ -6.171399109349095, 54.664498930515329 ], [ -6.169566796558407, 54.665542532336623 ], [ -6.16539953624004, 54.664691339611039 ], [ -6.171399109349095, 54.664498930515329 ] ] ], [ [ [ -6.173184993156228, 54.667529890065964 ], [ -6.171315797674715, 54.667904607592639 ], [ -6.16857588699376, 54.667234097866981 ], [ -6.172561015015704, 54.665471008653803 ], [ -6.173184993156228, 54.667529890065964 ] ] ], [ [ [ -6.279793620671449, 54.753825781694147 ], [ -6.284126040485972, 54.755220914790826 ], [ -6.279227751522912, 54.756089137710674 ], [ -6.279793620671449, 54.753825781694147 ] ] ], [ [ [ -6.285555732050951, 54.768511312679088 ], [ -6.288135325338739, 54.768896122564371 ], [ -6.284910957107612, 54.769973274179002 ], [ -6.285555732050951, 54.768511312679088 ] ] ], [ [ [ -6.110216907707262, 54.778070353815195 ], [ -6.106920290425981, 54.780467187599264 ], [ -6.108718208047498, 54.77732660491646 ], [ -6.110216907707262, 54.778070353815195 ] ] ], [ [ [ -6.289357752355572, 54.8005798701492 ], [ -6.293176168222313, 54.803068504191799 ], [ -6.284503310221302, 54.800440309140058 ], [ -6.281742260583279, 54.797994492028145 ], [ -6.289357752355572, 54.8005798701492 ] ] ], [ [ [ -6.29609790548481, 54.804843961667345 ], [ -6.298284980996219, 54.80746719450439 ], [ -6.296422204436369, 54.808324325384966 ], [ -6.29609790548481, 54.804843961667345 ] ] ], [ [ [ -6.299666824411565, 54.806906694090181 ], [ -6.301027338516, 54.806279778776222 ], [ -6.301287049054391, 54.808592953372923 ], [ -6.299355615386212, 54.809931811687044 ], [ -6.299666824411565, 54.806906694090181 ] ] ], [ [ [ -6.159191229346629, 54.814945197102027 ], [ -6.155660761039043, 54.81363377052832 ], [ -6.161855664324432, 54.814421782311051 ], [ -6.159191229346629, 54.814945197102027 ] ] ], [ [ [ -6.126266155554639, 54.835747091922379 ], [ -6.127183201515217, 54.836975776893546 ], [ -6.123427874699114, 54.837397438261924 ], [ -6.126266155554639, 54.835747091922379 ] ] ], [ [ [ -6.124926177595818, 54.83894145432135 ], [ -6.128260856066539, 54.840437242454755 ], [ -6.122997470619751, 54.842177884936198 ], [ -6.124926177595818, 54.83894145432135 ] ] ], [ [ [ -6.101897773607758, 54.867893203252741 ], [ -6.10134708272604, 54.868576690428917 ], [ -6.098609655149342, 54.868636087236631 ], [ -6.099349331630481, 54.866159569379107 ], [ -6.101897773607758, 54.867893203252741 ] ] ], [ [ [ -6.244909580458187, 54.873035939626675 ], [ -6.24374681882829, 54.873723454278959 ], [ -6.24049913334921, 54.872751832635444 ], [ -6.242087832606419, 54.871421629000665 ], [ -6.244909580458187, 54.873035939626675 ] ] ], [ [ [ -6.24589015201017, 54.872634696055222 ], [ -6.247385732309013, 54.873521754392193 ], [ -6.244350852864383, 54.875732002714727 ], [ -6.239983358933871, 54.875672171763554 ], [ -6.24589015201017, 54.872634696055222 ] ] ], [ [ [ -6.103550270428324, 54.87602209120827 ], [ -6.105970937257144, 54.877474719403743 ], [ -6.101951211450239, 54.877085183548758 ], [ -6.103550270428324, 54.87602209120827 ] ] ], [ [ [ -6.23355660615628, 54.889402337618996 ], [ -6.23501849982492, 54.891110459987786 ], [ -6.235022879798163, 54.891109053099626 ], [ -6.235078165466313, 54.89118017519273 ], [ -6.235128259035704, 54.891238706088814 ], [ -6.23512414192439, 54.891239321478572 ], [ -6.236506248026271, 54.893017328006152 ], [ -6.232229596937858, 54.892006281544731 ], [ -6.234176217402992, 54.891381008938808 ], [ -6.232192456136453, 54.89167752420898 ], [ -6.23355660615628, 54.889402337618996 ] ] ], [ [ [ -6.221831762357968, 54.89928256082338 ], [ -6.219783524959975, 54.900108355359315 ], [ -6.217374649028583, 54.899669260172928 ], [ -6.218198833540929, 54.896603480858708 ], [ -6.221831762357968, 54.89928256082338 ] ] ], [ [ [ -6.157156578908427, 54.905257636447587 ], [ -6.160116720996109, 54.906361178896951 ], [ -6.158905462962291, 54.90930940473784 ], [ -6.158887308744884, 54.906400554940944 ], [ -6.157156578908427, 54.905257636447587 ] ] ], [ [ [ -6.260394349080532, 54.924427342048027 ], [ -6.259797787532861, 54.924283720395763 ], [ -6.264141233959956, 54.925199654797119 ], [ -6.260394349080532, 54.924427342048027 ] ] ], [ [ [ -6.15769149391752, 54.953040166952931 ], [ -6.15861893020151, 54.952155909498956 ], [ -6.160792266027824, 54.953506539391675 ], [ -6.15769149391752, 54.953040166952931 ] ] ], [ [ [ -6.326675594984856, 54.981241051927285 ], [ -6.32349723459732, 54.983235957991255 ], [ -6.323671137558041, 54.979487284703978 ], [ -6.326675594984856, 54.981241051927285 ] ] ], [ [ [ -6.103243642530976, 55.016837990089115 ], [ -6.109036259349924, 55.018008621306933 ], [ -6.103685514844647, 55.018897796993585 ], [ -6.103243642530976, 55.016837990089115 ] ] ], [ [ [ -6.108481045360268, 55.032609476309091 ], [ -6.10458509886587, 55.033910369867961 ], [ -6.098750668152055, 55.026941104901418 ], [ -6.100667798813759, 55.026343976005911 ], [ -6.108481045360268, 55.032609476309091 ] ] ], [ [ [ -6.268663994550874, 55.031824501752958 ], [ -6.269611393966718, 55.029659974493349 ], [ -6.273707337170435, 55.028708950135524 ], [ -6.269858947385678, 55.032629339074909 ], [ -6.268663994550874, 55.031824501752958 ] ] ], [ [ [ -6.265794478488575, 55.047494509274848 ], [ -6.26774528348659, 55.047348341024787 ], [ -6.264422108372383, 55.049958870519852 ], [ -6.265794478488575, 55.047494509274848 ] ] ], [ [ [ -6.269842461725785, 55.055764268073865 ], [ -6.266622764372699, 55.055142668264985 ], [ -6.267593278342058, 55.053136866656466 ], [ -6.269842461725785, 55.055764268073865 ] ] ], [ [ [ -6.332798806277014, 55.078443381973827 ], [ -6.330662030066315, 55.079575274242011 ], [ -6.327591225444475, 55.07729321889073 ], [ -6.332798806277014, 55.078443381973827 ] ] ], [ [ [ -6.324178459943296, 55.081459109111123 ], [ -6.321578692734111, 55.080708100958347 ], [ -6.322562836320291, 55.07964361937033 ], [ -6.324178459943296, 55.081459109111123 ] ] ], [ [ [ -6.257327722325989, 55.08146017958876 ], [ -6.253054739595241, 55.081290411663666 ], [ -6.254429663501843, 55.080204562808831 ], [ -6.257327722325989, 55.08146017958876 ] ] ], [ [ [ -6.128120134374003, 55.087472372776702 ], [ -6.122716102794622, 55.087977534960153 ], [ -6.12300336725909, 55.087556709103353 ], [ -6.128120134374003, 55.087472372776702 ] ] ], [ [ [ -6.292492275671053, 55.111276100262955 ], [ -6.287336377447942, 55.112645850910731 ], [ -6.291911648892186, 55.110008486122027 ], [ -6.292492275671053, 55.111276100262955 ] ] ], [ [ [ -6.282447237559332, 55.115540517766938 ], [ -6.282595398569988, 55.114232275751426 ], [ -6.287257975278086, 55.114104804346034 ], [ -6.282649808355982, 55.115484893763139 ], [ -6.282447237559332, 55.115540517766938 ] ] ], [ [ [ -6.20598607428022, 55.124681432024737 ], [ -6.212975800252009, 55.126017766734407 ], [ -6.211168618914622, 55.126483268326879 ], [ -6.20598607428022, 55.124681432024737 ] ] ], [ [ [ -6.244410175986244, 55.133522553479615 ], [ -6.252109175498211, 55.136754205203118 ], [ -6.246525324434383, 55.135349769857832 ], [ -6.244410175986244, 55.133522553479615 ] ] ], [ [ [ -6.18910488949121, 55.136306523726915 ], [ -6.192490417880936, 55.135852996169262 ], [ -6.18900283962469, 55.138193845108667 ], [ -6.18910488949121, 55.136306523726915 ] ] ], [ [ [ -6.19477256519287, 55.140029377310938 ], [ -6.199445641902917, 55.1415396694644 ], [ -6.195255754476035, 55.143015820746676 ], [ -6.19477256519287, 55.140029377310938 ] ] ], [ [ [ -6.195255754476035, 55.143015820746676 ], [ -6.203022243748062, 55.143986071163802 ], [ -6.197308316774824, 55.143920928184237 ], [ -6.195255754476035, 55.143015820746676 ] ] ], [ [ [ -6.195026753524985, 55.146033675395508 ], [ -6.190154613740831, 55.149119910695326 ], [ -6.194020551236188, 55.14576471111662 ], [ -6.195026753524985, 55.146033675395508 ] ] ], [ [ [ -6.18529391895539, 55.150803663087672 ], [ -6.18154779626697, 55.150388850129964 ], [ -6.18902941107756, 55.150859239420164 ], [ -6.18529391895539, 55.150803663087672 ] ] ], [ [ [ -6.324774210113253, 55.152171179439506 ], [ -6.321513002679704, 55.153548119626144 ], [ -6.322446922614925, 55.150361091739342 ], [ -6.324774210113253, 55.152171179439506 ] ] ], [ [ [ -6.194060681287715, 55.151353455329193 ], [ -6.196708318517214, 55.15219458281539 ], [ -6.193458856387758, 55.152901434771906 ], [ -6.194060681287715, 55.151353455329193 ] ] ], [ [ [ -6.09945163769954, 55.162649899102703 ], [ -6.097204039327165, 55.162025266544468 ], [ -6.100317264449367, 55.158753643531362 ], [ -6.102152610640102, 55.161404211248716 ], [ -6.09945163769954, 55.162649899102703 ] ] ], [ [ [ -6.103738074315106, 55.163443869847804 ], [ -6.099518419361768, 55.164397300858738 ], [ -6.102152610640102, 55.161404211248716 ], [ -6.103738074315106, 55.163443869847804 ] ] ], [ [ [ -6.18314764498718, 55.167996012733461 ], [ -6.179454008440878, 55.169366137549517 ], [ -6.180487900400308, 55.166774645820112 ], [ -6.18314764498718, 55.167996012733461 ] ] ], [ [ [ -6.161870955219013, 55.171403158329547 ], [ -6.165126417113792, 55.17191132304707 ], [ -6.163648214161442, 55.173846654823954 ], [ -6.161870955219013, 55.171403158329547 ] ] ], [ [ [ -6.316948054385414, 55.173587417149427 ], [ -6.31601063833337, 55.174559684561451 ], [ -6.313195102105871, 55.174294778811628 ], [ -6.315269373737206, 55.171905292527121 ], [ -6.316948054385414, 55.173587417149427 ] ] ], [ [ [ -6.251602207470262, 55.175737588172709 ], [ -6.256552597808446, 55.179156296159412 ], [ -6.254350017214311, 55.181237629273106 ], [ -6.250358516963064, 55.179013706069256 ], [ -6.251602207470262, 55.175737588172709 ] ] ], [ [ [ -6.116988295685823, 55.181271041167832 ], [ -6.113681427144538, 55.184681955696846 ], [ -6.111009645666279, 55.183706351804744 ], [ -6.1120741931192, 55.18131469149359 ], [ -6.114997705095249, 55.181396259659749 ], [ -6.116006206213511, 55.180812083181685 ], [ -6.116988295685823, 55.181271041167832 ] ] ], [ [ [ -6.295873828309875, 55.218589266926067 ], [ -6.292517605776968, 55.221994740568633 ], [ -6.291646680622701, 55.219990445951517 ], [ -6.295873828309875, 55.218589266926067 ] ] ], [ [ [ -6.088112639597125, 54.246845435189051 ], [ -6.090329037061813, 54.246950405497017 ], [ -6.090211105826808, 54.249051991772603 ], [ -6.088112639597125, 54.246845435189051 ] ] ], [ [ [ -6.007713830794752, 54.289392488977107 ], [ -6.012699646797536, 54.288892056232307 ], [ -6.009005870430314, 54.290839434269301 ], [ -6.007713830794752, 54.289392488977107 ] ] ], [ [ [ -5.838325374918115, 54.327899677248588 ], [ -5.838469203123303, 54.329811914786411 ], [ -5.83557357653604, 54.330582163650405 ], [ -5.838325374918115, 54.327899677248588 ] ] ], [ [ [ -6.069307850862636, 54.33943794798936 ], [ -6.068827509693563, 54.341495019615827 ], [ -6.064344664476287, 54.340940509880681 ], [ -6.065473214585339, 54.338722188736249 ], [ -6.069307850862636, 54.33943794798936 ] ] ], [ [ [ -5.913911295330023, 54.341055106475963 ], [ -5.911660912941747, 54.342976251618545 ], [ -5.910278436108729, 54.339913970443618 ], [ -5.913911295330023, 54.341055106475963 ] ] ], [ [ [ -5.997772358158827, 54.353520781923869 ], [ -6.001743640442415, 54.355282253471515 ], [ -5.999293382233594, 54.35643668165558 ], [ -5.996027176680589, 54.354174591703284 ], [ -5.997772358158827, 54.353520781923869 ] ] ], [ [ [ -5.965651402269565, 54.360548893471169 ], [ -5.960001585596025, 54.360262079476541 ], [ -5.962787870084616, 54.359111020506248 ], [ -5.965651402269565, 54.360548893471169 ] ] ], [ [ [ -5.968319814939614, 54.361259850188802 ], [ -5.966452258905108, 54.363157659176252 ], [ -5.964615061134337, 54.36061080052086 ], [ -5.968319814939614, 54.361259850188802 ] ] ], [ [ [ -5.84425520288028, 54.364282625561174 ], [ -5.843824377771041, 54.363467715125772 ], [ -5.846311303861927, 54.362143776031836 ], [ -5.846858413151041, 54.36524121437246 ], [ -5.84425520288028, 54.364282625561174 ] ] ], [ [ [ -5.85029323908474, 54.368531650150082 ], [ -5.851485446025444, 54.370605238750201 ], [ -5.84762243402086, 54.369186314404153 ], [ -5.85029323908474, 54.368531650150082 ] ] ], [ [ [ -5.814346006804359, 54.372648744600454 ], [ -5.814984193516621, 54.373760354120591 ], [ -5.811516000546942, 54.375305540087581 ], [ -5.814346006804359, 54.372648744600454 ] ] ], [ [ [ -5.908096452349029, 54.372941556824323 ], [ -5.908902957952225, 54.374782379965851 ], [ -5.906786000398846, 54.375371317077267 ], [ -5.908096452349029, 54.372941556824323 ] ] ], [ [ [ -5.891705317130925, 54.388190142013698 ], [ -5.891113033418986, 54.387115061800451 ], [ -5.892585859897266, 54.385051975837214 ], [ -5.894149975201341, 54.387387454559217 ], [ -5.891705317130925, 54.388190142013698 ] ] ], [ [ [ -5.84528288618168, 54.389179113710036 ], [ -5.848735413831846, 54.390191330159332 ], [ -5.846489961766101, 54.390649130347214 ], [ -5.84528288618168, 54.389179113710036 ] ] ], [ [ [ -5.899649516618829, 54.389611645068655 ], [ -5.900749017464996, 54.391272117500534 ], [ -5.898700167093105, 54.392007800849719 ], [ -5.899649516618829, 54.389611645068655 ] ] ], [ [ [ -6.034205599550525, 54.390992569697055 ], [ -6.034044385039778, 54.392754332383426 ], [ -6.031002949262073, 54.390830980423942 ], [ -6.034205599550525, 54.390992569697055 ] ] ], [ [ [ -5.890356183172756, 54.392581063038712 ], [ -5.890107109871631, 54.394240006765138 ], [ -5.885712019349532, 54.3930649674015 ], [ -5.888266399519638, 54.391298987648746 ], [ -5.890356183172756, 54.392581063038712 ] ] ], [ [ [ -5.838244872084828, 54.392904055736743 ], [ -5.841659122214627, 54.395020178045279 ], [ -5.840208489725735, 54.394684201272717 ], [ -5.838231948894109, 54.392924467841169 ], [ -5.837449362814667, 54.394160557992997 ], [ -5.836266510491319, 54.391597510502145 ], [ -5.838562294936963, 54.39240268819163 ], [ -5.838244872084828, 54.392904055736743 ] ] ], [ [ [ -5.894328436431762, 54.392197243284429 ], [ -5.892729181070295, 54.39391312493462 ], [ -5.890356183172756, 54.392581063038712 ], [ -5.894328436431762, 54.392197243284429 ] ] ], [ [ [ -5.857096763744621, 54.392478963953486 ], [ -5.861005229852738, 54.393882274712652 ], [ -5.860085756174173, 54.395400316920856 ], [ -5.857096763744621, 54.392478963953486 ] ] ], [ [ [ -5.833930337859496, 54.393917740773475 ], [ -5.838173779917106, 54.395103568523972 ], [ -5.833394688762023, 54.395251733528632 ], [ -5.833930337859496, 54.393917740773475 ] ] ], [ [ [ -5.828015508987121, 54.409793802216797 ], [ -5.832687208601648, 54.413116410963525 ], [ -5.82698836924009, 54.412581021916921 ], [ -5.828015508987121, 54.409793802216797 ] ] ], [ [ [ -5.829682713288539, 54.418074894633335 ], [ -5.833698882657167, 54.418615286979033 ], [ -5.832660353681364, 54.419301114845538 ], [ -5.828773631555035, 54.42009803625178 ], [ -5.829682713288539, 54.418074894633335 ] ] ], [ [ [ -5.928676647282488, 54.419071893488415 ], [ -5.931111967748662, 54.418239247223177 ], [ -5.932448522167657, 54.420144368249787 ], [ -5.928676647282488, 54.419071893488415 ] ] ], [ [ [ -5.820622879833794, 54.421749799008779 ], [ -5.820064195955693, 54.420085413289272 ], [ -5.82478356169563, 54.421165533958735 ], [ -5.820622879833794, 54.421749799008779 ] ] ], [ [ [ -5.950702901349414, 54.425515076095543 ], [ -5.948098495000862, 54.426462587049521 ], [ -5.948258013603886, 54.42395248965483 ], [ -5.950702901349414, 54.425515076095543 ] ] ], [ [ [ -5.880344901439071, 54.429371133360505 ], [ -5.878745790976701, 54.430918334550093 ], [ -5.878556681940301, 54.427860204525665 ], [ -5.879234945272798, 54.428084160948693 ], [ -5.880477837292598, 54.429242512783283 ], [ -5.88041707419174, 54.429301303432297 ], [ -5.882971067807169, 54.42947539669602 ], [ -5.881037440016552, 54.431629766031065 ], [ -5.880344901439071, 54.429371133360505 ] ] ], [ [ [ -5.850977837562374, 54.433039522896479 ], [ -5.848480414443144, 54.435769010997724 ], [ -5.849202138003882, 54.43282819760632 ], [ -5.850977837562374, 54.433039522896479 ] ] ], [ [ [ -6.093928376994278, 54.438489032962146 ], [ -6.096905055133765, 54.437330727694096 ], [ -6.101168702998458, 54.439500141186919 ], [ -6.093928376994278, 54.438489032962146 ] ] ], [ [ [ -5.889811501918166, 54.44193107141767 ], [ -5.893624531801337, 54.443312109899004 ], [ -5.893080099101514, 54.443960974537148 ], [ -5.889811501918166, 54.44193107141767 ] ] ], [ [ [ -5.82071660259882, 54.450415383610498 ], [ -5.814924792973283, 54.453412292439857 ], [ -5.81842053975877, 54.449628329804362 ], [ -5.82071660259882, 54.450415383610498 ] ] ], [ [ [ -5.943364180479977, 54.454485541957872 ], [ -5.941830967160022, 54.456651812801852 ], [ -5.939503092890758, 54.456147416940645 ], [ -5.942113190057011, 54.453611484163488 ], [ -5.943364180479977, 54.454485541957872 ] ] ], [ [ [ -5.943890263188692, 54.454286716346139 ], [ -5.945924038112316, 54.455566845339938 ], [ -5.944241363227444, 54.457097612356165 ], [ -5.941830967160022, 54.456651812801852 ], [ -5.943890263188692, 54.454286716346139 ] ] ], [ [ [ -5.945546140747135, 54.457503634197934 ], [ -5.949549759444899, 54.456952970655678 ], [ -5.946403994881277, 54.458433120461322 ], [ -5.945546140747135, 54.457503634197934 ] ] ], [ [ [ -5.85610232774017, 54.461202960516026 ], [ -5.852733560644404, 54.461323562894478 ], [ -5.856064280799901, 54.459265586964548 ], [ -5.85610232774017, 54.461202960516026 ] ] ], [ [ [ -6.001434949105981, 54.464068047086201 ], [ -6.005818310662692, 54.464132092131351 ], [ -6.005114811756169, 54.465401253284881 ], [ -6.001434949105981, 54.464068047086201 ] ] ], [ [ [ -5.821890942428146, 54.469961239499696 ], [ -5.819973016791144, 54.471215121319148 ], [ -5.819109862972504, 54.468879315838741 ], [ -5.821890942428146, 54.469961239499696 ] ] ], [ [ [ -5.818449801205825, 54.471993595721692 ], [ -5.818530682714474, 54.473585386370864 ], [ -5.815916373967812, 54.470841328993814 ], [ -5.818449801205825, 54.471993595721692 ] ] ], [ [ [ -5.841136714539443, 54.474083090435251 ], [ -5.844668321062826, 54.474739188743051 ], [ -5.844496532066613, 54.475152641573182 ], [ -5.841136714539443, 54.474083090435251 ] ] ], [ [ [ -6.04905046695615, 54.49552347008779 ], [ -6.044352080935526, 54.495586375597135 ], [ -6.045998312896234, 54.492845057466738 ], [ -6.04905046695615, 54.49552347008779 ] ] ], [ [ [ -6.007705276721455, 54.503230364230511 ], [ -6.007963736002381, 54.502865574163799 ], [ -6.011925447954285, 54.503953017504855 ], [ -6.007705276721455, 54.503230364230511 ] ] ], [ [ [ -6.015449062150241, 54.50399970804078 ], [ -6.016773712364068, 54.504469507865039 ], [ -6.013632138090569, 54.506520458525486 ], [ -6.011925447954285, 54.503953017504855 ], [ -6.015449062150241, 54.50399970804078 ] ] ], [ [ [ -5.934698184170072, 54.533458372872325 ], [ -5.935884676628449, 54.533131811370581 ], [ -5.940867986288815, 54.534161500006434 ], [ -5.935047386716795, 54.534781030074207 ], [ -5.934698184170072, 54.533458372872325 ] ] ], [ [ [ -6.006695801818445, 54.588636388840079 ], [ -6.005785876887781, 54.59012494264428 ], [ -6.002170563799336, 54.59075150215368 ], [ -6.00428230913926, 54.587620349599916 ], [ -6.006695801818445, 54.588636388840079 ] ] ], [ [ [ -6.007670667033934, 54.626758310320241 ], [ -6.008052548865848, 54.628730211039112 ], [ -6.004736754555858, 54.629394385536891 ], [ -6.007670667033934, 54.626758310320241 ] ] ], [ [ [ -6.061198110452183, 54.686060627872429 ], [ -6.058596756801743, 54.686769486260076 ], [ -6.058147910392723, 54.685279633039166 ], [ -6.061198110452183, 54.686060627872429 ] ] ], [ [ [ -6.01009524995592, 54.777745397903495 ], [ -6.010774062624301, 54.779539026805558 ], [ -6.007458263894529, 54.780383054659005 ], [ -6.006295509567326, 54.778434515667868 ], [ -6.01009524995592, 54.777745397903495 ] ] ], [ [ [ -6.056325473685385, 54.782613671830255 ], [ -6.05465292504089, 54.784061732675902 ], [ -6.051567871735385, 54.782499968292413 ], [ -6.053572669568866, 54.78167106332846 ], [ -6.056325473685385, 54.782613671830255 ] ] ], [ [ [ -5.96319273390129, 54.788631008077715 ], [ -5.961071606583703, 54.789291062368328 ], [ -5.96066023691569, 54.786365226177594 ], [ -5.96319273390129, 54.788631008077715 ] ] ], [ [ [ -6.084698583050831, 54.790252703702109 ], [ -6.087674257675871, 54.790299658587173 ], [ -6.08681797604055, 54.792083053686852 ], [ -6.084698583050831, 54.790252703702109 ] ] ], [ [ [ -5.862645870471539, 54.829970443471097 ], [ -5.859606523285723, 54.833582105885796 ], [ -5.859967202008152, 54.830150469461849 ], [ -5.862645870471539, 54.829970443471097 ] ] ], [ [ [ -5.972869827783842, 54.830926785621976 ], [ -5.972043776030702, 54.832923873573002 ], [ -5.970423038275269, 54.830666407857535 ], [ -5.972869827783842, 54.830926785621976 ] ] ], [ [ [ -5.918640039506297, 54.851148216573833 ], [ -5.919971807888095, 54.852671561945861 ], [ -5.917869834917142, 54.85255523099417 ], [ -5.914237296652231, 54.850633337029841 ], [ -5.918640039506297, 54.851148216573833 ] ] ], [ [ [ -5.904410054760157, 54.860417441764604 ], [ -5.900387724936369, 54.861253748719129 ], [ -5.898201435457, 54.859832646703801 ], [ -5.904291418411868, 54.859209690341203 ], [ -5.904410054760157, 54.860417441764604 ] ] ], [ [ [ -5.900065246713043, 54.861419392744153 ], [ -5.904410054760157, 54.860417441764604 ], [ -5.902598144386382, 54.862833305121448 ], [ -5.900065246713043, 54.861419392744153 ] ] ], [ [ [ -5.932025618792487, 54.870840746060487 ], [ -5.936773727533918, 54.870775811858636 ], [ -5.936244282526788, 54.872117077989607 ], [ -5.932025618792487, 54.870840746060487 ] ] ], [ [ [ -6.056357800057342, 54.878168128556389 ], [ -6.051606183774599, 54.879113841031298 ], [ -6.05463416512382, 54.875690701072749 ], [ -6.056357800057342, 54.878168128556389 ] ] ], [ [ [ -6.039418919375776, 54.881351016821931 ], [ -6.037084945703473, 54.88176108660624 ], [ -6.034889757079979, 54.880019974428585 ], [ -6.038580647098768, 54.879360896088407 ], [ -6.039418919375776, 54.881351016821931 ] ] ], [ [ [ -5.993718540789928, 54.886497073251263 ], [ -5.997771401095813, 54.889166608195616 ], [ -5.994752398463086, 54.889898122932721 ], [ -5.993718540789928, 54.886497073251263 ] ] ], [ [ [ -5.949864635286265, 54.891816820431856 ], [ -5.948680093917353, 54.894960712769404 ], [ -5.94227412169105, 54.893087808752057 ], [ -5.94542006504189, 54.89042759367856 ], [ -5.949864635286265, 54.891816820431856 ] ] ], [ [ [ -5.935120027781144, 54.8914752628271 ], [ -5.941549072549318, 54.894983751440996 ], [ -5.93249257779859, 54.893297726255476 ], [ -5.935120027781144, 54.8914752628271 ] ] ], [ [ [ -5.949792805080846, 54.892011059041735 ], [ -5.951975679885217, 54.892710688943836 ], [ -5.950549224618548, 54.89478862699351 ], [ -5.949792805080846, 54.892011059041735 ] ] ], [ [ [ -6.023231472610297, 54.893599932970403 ], [ -6.028191621933217, 54.894941251205324 ], [ -6.024001982288634, 54.894777980834917 ], [ -6.023231472610297, 54.893599932970403 ] ] ], [ [ [ -5.943529176243062, 54.895226601221431 ], [ -5.950960939245573, 54.897194182649955 ], [ -5.943896408883854, 54.896674551026003 ], [ -5.943529176243062, 54.895226601221431 ] ] ], [ [ [ -5.942219587207471, 54.898904356943241 ], [ -5.936864327681339, 54.899571621571965 ], [ -5.937279421952129, 54.899371334248109 ], [ -5.942219587207471, 54.898904356943241 ] ] ], [ [ [ -5.935256323844647, 54.901804909875054 ], [ -5.936417197449962, 54.901577079566501 ], [ -5.940898815831274, 54.903271433532147 ], [ -5.935256323844647, 54.901804909875054 ] ] ], [ [ [ -5.939746950935501, 54.905433220767087 ], [ -5.932794080756551, 54.905636567258099 ], [ -5.933645508860327, 54.903162954956329 ], [ -5.93928605705232, 54.903414922518898 ], [ -5.939746950935501, 54.905433220767087 ] ] ], [ [ [ -5.930074627277127, 54.901713956451296 ], [ -5.933882160983584, 54.90252625649179 ], [ -5.930738010553945, 54.908168705861193 ], [ -5.923196303801106, 54.906992744894687 ], [ -5.930074627277127, 54.901713956451296 ] ] ], [ [ [ -5.965804424362926, 54.92728050686312 ], [ -5.965607194208719, 54.929519698207287 ], [ -5.962338659965604, 54.929302122031146 ], [ -5.965804424362926, 54.92728050686312 ] ] ], [ [ [ -5.942502143039007, 54.929399158284973 ], [ -5.944538536874254, 54.931162259425051 ], [ -5.935873400263784, 54.933627972148045 ], [ -5.93759754580601, 54.928740013576004 ], [ -5.942502143039007, 54.929399158284973 ] ] ], [ [ [ -5.969613391041682, 54.935112929967275 ], [ -5.971933230555456, 54.935407362343973 ], [ -5.969900934419075, 54.935996457615794 ], [ -5.970489833131134, 54.937805952583119 ], [ -5.965890618135735, 54.939200916686566 ], [ -5.965074505555695, 54.931158632781134 ], [ -5.968380042016011, 54.931323247957103 ], [ -5.969613391041682, 54.935112929967275 ] ] ], [ [ [ -5.965872030612049, 54.939773361657167 ], [ -5.970563510752354, 54.937870684854786 ], [ -5.969173279420485, 54.94166149440975 ], [ -5.965872030612049, 54.939773361657167 ] ] ], [ [ [ -5.952133972055633, 54.945530477153881 ], [ -5.952210185290105, 54.948037664500411 ], [ -5.948616501961146, 54.947734342810683 ], [ -5.949807839915006, 54.944968056764594 ], [ -5.952133972055633, 54.945530477153881 ] ] ], [ [ [ -6.022687573207602, 54.964967718445145 ], [ -6.019043708511079, 54.967111781729336 ], [ -6.021238571589593, 54.964548519770403 ], [ -6.022687573207602, 54.964967718445145 ] ] ], [ [ [ -6.012609316367837, 55.000735512356165 ], [ -6.018401153612272, 55.001345315288411 ], [ -6.017350179239641, 55.002552672973209 ], [ -6.012609316367837, 55.000735512356165 ] ] ], [ [ [ -6.097094232550889, 55.129207596710891 ], [ -6.099420520629012, 55.131903800579074 ], [ -6.095954058213469, 55.130462768623751 ], [ -6.097094232550889, 55.129207596710891 ] ] ], [ [ [ -6.097924828304284, 55.132720174197033 ], [ -6.092941088346601, 55.134721474037761 ], [ -6.090551107139474, 55.132294461429204 ], [ -6.097924828304284, 55.132720174197033 ] ] ], [ [ [ -6.067370332650811, 55.175762727881974 ], [ -6.064290036827941, 55.175388733314996 ], [ -6.067169621369951, 55.173423698372702 ], [ -6.063046068033706, 55.170374408947126 ], [ -6.068991002046015, 55.174710332463306 ], [ -6.067370332650811, 55.175762727881974 ] ] ], [ [ [ -6.092868450387612, 55.194054065769549 ], [ -6.091630341635576, 55.187105433702037 ], [ -6.092819061700995, 55.190537942198034 ], [ -6.100261375216278, 55.190510559989697 ], [ -6.098850288451446, 55.193832423489944 ], [ -6.092868450387612, 55.194054065769549 ] ] ], [ [ [ -5.769207838064403, 54.251780896499469 ], [ -5.771763786735186, 54.251004435251218 ], [ -5.769720088777272, 54.253809686110891 ], [ -5.769207838064403, 54.251780896499469 ] ] ], [ [ [ -5.772008968818948, 54.306309179851525 ], [ -5.775250396940247, 54.305212330959172 ], [ -5.774810484851469, 54.308377064337947 ], [ -5.772008968818948, 54.306309179851525 ] ] ], [ [ [ -5.768754589799897, 54.308624566954748 ], [ -5.76527334975115, 54.308560088551047 ], [ -5.767519734746111, 54.306804563334367 ], [ -5.768754589799897, 54.308624566954748 ] ] ], [ [ [ -5.72717712177218, 54.311691091086018 ], [ -5.731122493477351, 54.310273791826937 ], [ -5.733556814303451, 54.312838988883087 ], [ -5.728243559977408, 54.313439195491789 ], [ -5.72717712177218, 54.311691091086018 ] ] ], [ [ [ -5.561389952363236, 54.315011251705428 ], [ -5.560380293218648, 54.311923946184692 ], [ -5.562226360406817, 54.312006421048231 ], [ -5.56560035324903, 54.313372192489943 ], [ -5.561389952363236, 54.315011251705428 ] ] ], [ [ [ -5.74156910489284, 54.316077128706503 ], [ -5.736691515521287, 54.316674595474929 ], [ -5.739930914968867, 54.314708455818391 ], [ -5.74156910489284, 54.316077128706503 ] ] ], [ [ [ -5.733969613334262, 54.318938416006461 ], [ -5.737125072627209, 54.317244502665666 ], [ -5.735782582006481, 54.319511620669623 ], [ -5.733969613334262, 54.318938416006461 ] ] ], [ [ [ -5.760968785967552, 54.325208377485851 ], [ -5.752544458375606, 54.326394335718931 ], [ -5.752706081076183, 54.324860237380669 ], [ -5.760968785967552, 54.325208377485851 ] ] ], [ [ [ -5.761082563976676, 54.327170401242959 ], [ -5.756493620138674, 54.328704765951208 ], [ -5.760207354581672, 54.326016456030558 ], [ -5.761082563976676, 54.327170401242959 ] ] ], [ [ [ -5.580471135286311, 54.348010910122198 ], [ -5.579586661934116, 54.349946746660109 ], [ -5.577351413843705, 54.350654069039479 ], [ -5.578279338391428, 54.347503525769795 ], [ -5.580471135286311, 54.348010910122198 ] ] ], [ [ [ -5.613316170966597, 54.349759162701268 ], [ -5.613547396698805, 54.349324044257848 ], [ -5.619287690730831, 54.351223024250764 ], [ -5.613316170966597, 54.349759162701268 ] ] ], [ [ [ -5.568524862823687, 54.354560125447854 ], [ -5.569096881893111, 54.351851038272365 ], [ -5.57267624520238, 54.354312967897492 ], [ -5.568524862823687, 54.354560125447854 ] ] ], [ [ [ -5.621668523318868, 54.352344678466913 ], [ -5.62471505791243, 54.353312195732215 ], [ -5.621382774986976, 54.354740008328463 ], [ -5.621668523318868, 54.352344678466913 ] ] ], [ [ [ -5.635907208823523, 54.357339645778694 ], [ -5.632927778484272, 54.35833061908113 ], [ -5.633341772129459, 54.356245319898022 ], [ -5.635907208823523, 54.357339645778694 ] ] ], [ [ [ -5.599255889409665, 54.358825729946503 ], [ -5.594945750106375, 54.35722971502053 ], [ -5.598799170966839, 54.356581908727961 ], [ -5.599255889409665, 54.358825729946503 ] ] ], [ [ [ -5.575019033404022, 54.358302637788448 ], [ -5.577041745238027, 54.359425422978013 ], [ -5.574996100814874, 54.360710844147803 ], [ -5.575019033404022, 54.358302637788448 ] ] ], [ [ [ -5.57917671939977, 54.362505523845797 ], [ -5.581296774839007, 54.361114255566441 ], [ -5.583615002479041, 54.361347404509594 ], [ -5.580702211261745, 54.364066794112944 ], [ -5.57917671939977, 54.362505523845797 ] ] ], [ [ [ -5.591701135561646, 54.365030639517769 ], [ -5.588334012545527, 54.365793370085569 ], [ -5.589075825161948, 54.363193551979066 ], [ -5.591701135561646, 54.365030639517769 ] ] ], [ [ [ -5.504182291310759, 54.364844589863232 ], [ -5.508972507790208, 54.365918739442392 ], [ -5.507333334886165, 54.366864915979207 ], [ -5.504182291310759, 54.364844589863232 ] ] ], [ [ [ -5.524749828789814, 54.366140927289507 ], [ -5.522525047076699, 54.36760474964575 ], [ -5.520585584366517, 54.365981883876763 ], [ -5.522897628611815, 54.364997389878774 ], [ -5.524749828789814, 54.366140927289507 ] ] ], [ [ [ -5.506462040516804, 54.3788469628714 ], [ -5.508915313884023, 54.376195777947224 ], [ -5.508148868153582, 54.379755055517833 ], [ -5.506462040516804, 54.3788469628714 ] ] ], [ [ [ -5.534595251258237, 54.380265776297996 ], [ -5.532054733275854, 54.380393558877572 ], [ -5.533704685350654, 54.378052681696097 ], [ -5.534595251258237, 54.380265776297996 ] ] ], [ [ [ -5.508295540886776, 54.385476641056734 ], [ -5.512471801001863, 54.383616408006013 ], [ -5.509760199758565, 54.383249681926252 ], [ -5.512018897303665, 54.380899523911694 ], [ -5.516436991217078, 54.381428420571886 ], [ -5.513280769813932, 54.383725815671255 ], [ -5.508295540886776, 54.385476641056734 ] ] ], [ [ [ -5.509760199758565, 54.383249681926252 ], [ -5.506820926975061, 54.385368413665908 ], [ -5.504774859642623, 54.384000981866812 ], [ -5.507966453805077, 54.382025098521396 ], [ -5.509760199758565, 54.383249681926252 ] ] ], [ [ [ -5.549117718010223, 54.387503245381453 ], [ -5.547549870268776, 54.386999768142118 ], [ -5.54457302060952, 54.386438319082934 ], [ -5.547512323223485, 54.385022069055722 ], [ -5.549117718010223, 54.387503245381453 ] ] ], [ [ [ -5.545552398178303, 54.385507382518483 ], [ -5.543237305679472, 54.387522507174033 ], [ -5.541828562110907, 54.386069621667644 ], [ -5.545552398178303, 54.385507382518483 ] ] ], [ [ [ -5.540469804260257, 54.386699487787816 ], [ -5.541372079764281, 54.386824088916818 ], [ -5.541533666904191, 54.387938250887572 ], [ -5.534730562188141, 54.389161547810282 ], [ -5.540469804260257, 54.386699487787816 ] ] ], [ [ [ -5.493229240304006, 54.38900615313824 ], [ -5.491840190962393, 54.389827641759368 ], [ -5.489184785294555, 54.389324894733463 ], [ -5.491264256558646, 54.387683182492076 ], [ -5.493229240304006, 54.38900615313824 ] ] ], [ [ [ -5.528224357607662, 54.388928169026542 ], [ -5.525795647592556, 54.389962031474276 ], [ -5.524987965540892, 54.387744681908558 ], [ -5.528224357607662, 54.388928169026542 ] ] ], [ [ [ -5.777566413211426, 54.389644513198022 ], [ -5.784811503528259, 54.388154211829281 ], [ -5.782477073707413, 54.390149191511696 ], [ -5.777566413211426, 54.389644513198022 ] ] ], [ [ [ -5.779450431755799, 54.390474169929604 ], [ -5.779758296266875, 54.390580419958383 ], [ -5.779566884846666, 54.390544423426114 ], [ -5.779450431755799, 54.390474169929604 ] ] ], [ [ [ -5.744322038655169, 54.390624422633337 ], [ -5.741089558429081, 54.391688701279705 ], [ -5.739868536008287, 54.389729678164393 ], [ -5.744322038655169, 54.390624422633337 ] ] ], [ [ [ -5.540510178383569, 54.390922083641506 ], [ -5.54301684803247, 54.391865917656553 ], [ -5.539630976506549, 54.393353576639527 ], [ -5.540510178383569, 54.390922083641506 ] ] ], [ [ [ -5.788486647650239, 54.394049537444587 ], [ -5.787003966722038, 54.393126327408289 ], [ -5.791669782604186, 54.391266625724434 ], [ -5.788486647650239, 54.394049537444587 ] ] ], [ [ [ -5.806855127479952, 54.391186417476675 ], [ -5.808703565590283, 54.392342358761177 ], [ -5.803263335134887, 54.394905133594719 ], [ -5.806855127479952, 54.391186417476675 ] ] ], [ [ [ -5.549078058745805, 54.395207859947369 ], [ -5.545833663692869, 54.396636459033004 ], [ -5.545323095257806, 54.39450278868636 ], [ -5.549078058745805, 54.395207859947369 ] ] ], [ [ [ -5.742771579612771, 54.394568046409105 ], [ -5.74213968725476, 54.396665267343472 ], [ -5.737850579974454, 54.39544789329117 ], [ -5.742771579612771, 54.394568046409105 ] ] ], [ [ [ -5.799820838434421, 54.399994821063558 ], [ -5.804989246411794, 54.399343729777115 ], [ -5.803487027397533, 54.401350695131399 ], [ -5.799820838434421, 54.399994821063558 ] ] ], [ [ [ -5.727827226404855, 54.400934798998648 ], [ -5.727287841853383, 54.401544277646479 ], [ -5.724278936030645, 54.399485009165168 ], [ -5.727827226404855, 54.400934798998648 ] ] ], [ [ [ -5.724407211569415, 54.400164053635606 ], [ -5.724855524361079, 54.402029208503912 ], [ -5.718974802228179, 54.400965123945753 ], [ -5.724407211569415, 54.400164053635606 ] ] ], [ [ [ -5.807534624634752, 54.402171626619378 ], [ -5.805842928052321, 54.400546296959689 ], [ -5.810728737495867, 54.401653927765729 ], [ -5.807534624634752, 54.402171626619378 ] ] ], [ [ [ -5.549240023748609, 54.400876053960054 ], [ -5.544856725797712, 54.403209206638913 ], [ -5.544715583269245, 54.400431395259574 ], [ -5.549240023748609, 54.400876053960054 ] ] ], [ [ [ -5.728845790666923, 54.403307839756643 ], [ -5.725517210596822, 54.403881226538331 ], [ -5.728437794834869, 54.401682740223897 ], [ -5.728845790666923, 54.403307839756643 ] ] ], [ [ [ -5.722173463978081, 54.402579502041981 ], [ -5.724924538330113, 54.402079283725925 ], [ -5.725517210596822, 54.403881226538331 ], [ -5.722173463978081, 54.402579502041981 ] ] ], [ [ [ -5.788163020465835, 54.405018553110182 ], [ -5.78566488746574, 54.405622728253796 ], [ -5.784940049228044, 54.402023281994339 ], [ -5.788163020465835, 54.405018553110182 ] ] ], [ [ [ -5.814220385856284, 54.405599869013187 ], [ -5.811488616252216, 54.40621836142298 ], [ -5.80993623711048, 54.402851609964287 ], [ -5.814221140512008, 54.403728476393461 ], [ -5.814220385856284, 54.405599869013187 ] ] ], [ [ [ -5.714512814422581, 54.407283477027676 ], [ -5.71427085337444, 54.409322687278468 ], [ -5.71192208115928, 54.409414116538393 ], [ -5.714512814422581, 54.407283477027676 ] ] ], [ [ [ -5.778430648944094, 54.40899079743685 ], [ -5.776998296, 54.410419873307966 ], [ -5.774228600376512, 54.409045923473982 ], [ -5.778430648944094, 54.40899079743685 ] ] ], [ [ [ -5.720933849470962, 54.410465944842535 ], [ -5.716441517976557, 54.411464088928547 ], [ -5.719045192513996, 54.408304951351091 ], [ -5.720933849470962, 54.410465944842535 ] ] ], [ [ [ -5.718405078688604, 54.416061408190657 ], [ -5.721743385467994, 54.4146352367246 ], [ -5.721686893719221, 54.41607415054041 ], [ -5.721645526154101, 54.41609415936724 ], [ -5.721818260856731, 54.418572859616667 ], [ -5.71845856464558, 54.418202406490238 ], [ -5.720621451361017, 54.416589487896708 ], [ -5.717652966153511, 54.418025296513925 ], [ -5.718405078688604, 54.416061408190657 ] ] ], [ [ [ -5.528426059306686, 54.428935749232799 ], [ -5.526524883173904, 54.429903601720888 ], [ -5.52450366715496, 54.428224640192582 ], [ -5.528426059306686, 54.428935749232799 ] ] ], [ [ [ -5.506562962545926, 54.444451565447622 ], [ -5.506465471456969, 54.442932284687529 ], [ -5.511760050330969, 54.445215937549506 ], [ -5.506562962545926, 54.444451565447622 ] ] ], [ [ [ -5.674752204162583, 54.445224007593254 ], [ -5.679465474728142, 54.447204025707066 ], [ -5.677633801097843, 54.446695218040823 ], [ -5.674752204162583, 54.445224007593254 ] ] ], [ [ [ -5.531761307181669, 54.449318826995651 ], [ -5.531124439030436, 54.450872218859914 ], [ -5.529490586900211, 54.448268590581613 ], [ -5.531761307181669, 54.449318826995651 ] ] ], [ [ [ -5.671241773443475, 54.459230351323548 ], [ -5.673750182019316, 54.460082603747836 ], [ -5.668644930465167, 54.461585989985146 ], [ -5.66658884835893, 54.461036523699022 ], [ -5.671241773443475, 54.459230351323548 ] ] ], [ [ [ -5.665977955328012, 54.4616851796399 ], [ -5.668190907759379, 54.463191312500612 ], [ -5.66596969733357, 54.463933302740493 ], [ -5.665977955328012, 54.4616851796399 ] ] ], [ [ [ -5.518571469240777, 54.462260401735271 ], [ -5.514183476849427, 54.466411531140189 ], [ -5.51520124872487, 54.464806230364758 ], [ -5.518571469240777, 54.462260401735271 ] ] ], [ [ [ -5.48228006993043, 54.472379259186845 ], [ -5.483656854292227, 54.471481822233066 ], [ -5.487625665089421, 54.472324117165677 ], [ -5.483652049040782, 54.47396413610489 ], [ -5.48228006993043, 54.472379259186845 ] ] ], [ [ [ -5.489603209154373, 54.472940229280773 ], [ -5.486197829429001, 54.474861687443187 ], [ -5.488092405856106, 54.472176846630731 ], [ -5.489603209154373, 54.472940229280773 ] ] ], [ [ [ -5.51994570108585, 54.493419340160926 ], [ -5.523847267507805, 54.492788605065094 ], [ -5.522680942017551, 54.495512431717636 ], [ -5.51994570108585, 54.493419340160926 ] ] ], [ [ [ -5.812540007987252, 54.500632507455322 ], [ -5.810581672565831, 54.501494658630023 ], [ -5.807616564242214, 54.501116446814891 ], [ -5.80947870113946, 54.499514896437134 ], [ -5.805511277879122, 54.498780028652149 ], [ -5.81008329648884, 54.498871311976025 ], [ -5.809946419265958, 54.499179350913103 ], [ -5.812540007987252, 54.500632507455322 ] ] ], [ [ [ -5.787938783568094, 54.508493123629293 ], [ -5.790865924384726, 54.509960832449934 ], [ -5.788681961155429, 54.511319147933371 ], [ -5.787938783568094, 54.508493123629293 ] ] ], [ [ [ -5.753384789036567, 54.515968370099579 ], [ -5.75089155346353, 54.517404796326268 ], [ -5.750100079808187, 54.51489733474947 ], [ -5.753384789036567, 54.515968370099579 ] ] ], [ [ [ -5.738614856606639, 54.517323921014544 ], [ -5.736746090700636, 54.518398373307065 ], [ -5.734689733391766, 54.517778983967297 ], [ -5.737061515135857, 54.515898444593134 ], [ -5.738614856606639, 54.517323921014544 ] ] ], [ [ [ -5.730327351641303, 54.516926799875826 ], [ -5.732336215686242, 54.51743980616294 ], [ -5.726960178568232, 54.516924091627253 ], [ -5.730327351641303, 54.516926799875826 ] ] ], [ [ [ -5.778466988122569, 54.526390342422665 ], [ -5.776447791975679, 54.528000602979972 ], [ -5.774220035992816, 54.528096640946046 ], [ -5.776180597587662, 54.526032642615768 ], [ -5.778466988122569, 54.526390342422665 ] ] ], [ [ [ -5.80103140002231, 54.544690054992444 ], [ -5.798086030593876, 54.541051822248669 ], [ -5.803444265289777, 54.543243490443139 ], [ -5.80103140002231, 54.544690054992444 ] ] ], [ [ [ -5.588495184377622, 54.555629058628512 ], [ -5.59105022162922, 54.556873382566323 ], [ -5.588979093987126, 54.558386616033978 ], [ -5.586555259218734, 54.557213726039578 ], [ -5.58735304006325, 54.556391632593083 ], [ -5.585779360565203, 54.554974257562399 ], [ -5.589181405289493, 54.554959113599651 ], [ -5.588495184377622, 54.555629058628512 ] ] ], [ [ [ -5.757994395212934, 54.557651691558995 ], [ -5.756269773837244, 54.558290819966167 ], [ -5.751237167442841, 54.55647787810797 ], [ -5.756509816594829, 54.556039946970813 ], [ -5.757994395212934, 54.557651691558995 ] ] ], [ [ [ -5.737723190665657, 54.569347817628419 ], [ -5.737496325089383, 54.567546484274757 ], [ -5.742735186875447, 54.567423969688896 ], [ -5.737723190665657, 54.569347817628419 ] ] ], [ [ [ -5.766550917253374, 54.568317631250324 ], [ -5.7679556931074, 54.570401952199937 ], [ -5.767665150854864, 54.570673904700179 ], [ -5.769781739697005, 54.571455021307614 ], [ -5.768077009290327, 54.573036036185194 ], [ -5.765199392747255, 54.573196619506732 ], [ -5.767164840017545, 54.571142204170975 ], [ -5.764986463677846, 54.573181201552181 ], [ -5.762736697569763, 54.568864479298114 ], [ -5.766550917253374, 54.568317631250324 ] ] ], [ [ [ -5.730449843929272, 54.627838082346209 ], [ -5.732558113286906, 54.628914267441942 ], [ -5.729904714475582, 54.630192689876786 ], [ -5.726894815207066, 54.629041733767274 ], [ -5.730449843929272, 54.627838082346209 ] ] ], [ [ [ -5.725739536842163, 54.628802243796926 ], [ -5.724722002561506, 54.63101213824239 ], [ -5.72262651031862, 54.629266914558862 ], [ -5.725739536842163, 54.628802243796926 ] ] ], [ [ [ -5.760184229180074, 54.847216934342619 ], [ -5.758003376732118, 54.848138867207524 ], [ -5.756459770984305, 54.845431243857504 ], [ -5.760184229180074, 54.847216934342619 ] ] ] ] } }
]
}
